id,created_at,status,total_pago,status_sefaz,numero_nfce,chave_acesso
74671b72-3800-4b27-977b-726ad1f0d878,2026-07-09T20:43:02.299+00:00,cancelado,6,pendente,,
9102efaf-6430-45d8-a89e-c29c8eecd4fd,2026-07-09T20:43:11.516+00:00,cancelado,27,pendente,,
54749705-612e-4d54-aeaa-4ea2ae789e20,2026-07-10T12:04:16.073+00:00,cancelado,0,pendente,,
6ace5cf5-ecec-4df7-b20f-7e282f6ad360,2026-07-13T15:49:47.549+00:00,cancelado,108,pendente,,
ece87660-128c-4adf-a7ea-5b68a9a070b0,2026-07-13T20:50:40.502+00:00,cancelado,0,pendente,,
7fe41722-7891-4834-8a6b-2c7b8e986736,2026-07-13T23:31:59.438+00:00,cancelado,0,pendente,,
45487af0-6aaf-465f-97cb-a2496ab7e5ed,2026-07-16T17:05:51.642+00:00,cancelado,15,pendente,,
9f064872-f4ac-4ba9-a770-06c377030faf,2026-07-16T17:13:51.752+00:00,cancelado,111,pendente,,
841a2454-876f-46d4-a647-774526af0a93,2026-07-16T17:14:02.468+00:00,cancelado,37,pendente,,
e82708f5-2fd6-4fea-b779-e840368b3911,2026-07-16T17:15:57.65+00:00,cancelado,10,pendente,,
11b24325-1477-4a3f-bb9d-1727e5de86ba,2026-07-16T20:21:44.425+00:00,cancelado,0,pendente,,
a9d6d3ed-7e5d-4000-9b20-98075a289a11,2026-07-19T22:15:20.738+00:00,cancelado,9.9,pendente,,
f6048fd9-a1df-498e-b123-3e3abe083090,2026-07-19T22:22:32.432+00:00,cancelado,0,pendente,,
6c0693d9-f921-4cc5-87ee-a633ba39ee38,2026-07-22T15:40:04.24+00:00,cancelado,10,pendente,,
574adf08-3d76-4c59-97a2-0fc562203ef5,2026-07-27T18:47:08.499+00:00,cancelado,10,pendente,,
74b99a3f-c2c5-42be-b492-981766900376,2026-07-31T17:36:13.999+00:00,cancelado,10,pendente,,
291d902f-f83f-4837-810e-da8dd68e26ba,2026-07-31T17:37:50.721+00:00,cancelado,70,pendente,,
c137cd07-9eef-4ebc-9405-f268d1d99780,2026-07-31T17:39:06.062+00:00,cancelado,13,pendente,,
60a630d0-8c6e-4a30-9247-7fe9a4c08094,2026-07-31T20:40:52.419+00:00,cancelado,10,pendente,,
fd13fada-e562-4f90-b2d9-1c42549ffc33,2026-07-19T12:39:30.738+00:00,cancelado,11.9,pendente,,
789cff46-0bd2-41e9-ae80-880ab4a0a44d,2026-07-10T18:30:23.707+00:00,cancelado,10,pendente,,
f2c6d209-0833-482d-84e7-55370b1c5b34,2026-07-20T16:51:38.084+00:00,cancelado,5,pendente,,
4f8e7cc2-776e-4370-918e-004fa8193ac5,2026-07-20T16:51:44.538+00:00,cancelado,10,pendente,,
6fbf2516-07c7-4224-aa5f-db8a6243cbee,2026-07-20T16:54:16.628+00:00,cancelado,0,pendente,,
ce9fa4b6-7d48-46f4-87df-11e825cd372f,2026-07-10T14:16:26.194+00:00,concluido,69.3,autorizado,3642,23260744192642000105650020000036421680220146
00ffe560-63b8-4e6d-9d32-72db590876ca,2026-07-22T17:45:52.347+00:00,concluido,6.6,autorizado,4244,23260744192642000105650020000042441402199456
95622524-5785-47d4-9a11-ed081d298b2d,2026-07-22T18:08:21.627+00:00,cancelado,10,pendente,,
790275df-977f-4a8f-9bc2-4095495ea751,2026-07-22T18:14:03.172+00:00,cancelado,10,pendente,,
e1b0f332-1f5b-4ccf-a5df-ab0342887af7,2026-07-22T19:36:17.141+00:00,concluido,292.6,pendente,,
56ab6674-160a-4661-9fa3-84951c907fa3,2026-07-10T14:25:46.978+00:00,concluido,118.8,pendente,,
125bc268-adb3-4d10-86cb-d77224eeea1e,2026-07-05T19:23:43.899+00:00,concluido,218.9,autorizado,3515,23260744192642000105650020000035151116758937
e420ed56-c4ef-4f95-813f-f3dba29f9928,2026-07-27T18:48:39.324+00:00,cancelado,10,pendente,,
2ebde2a2-ec9f-421c-84fa-abda21bca684,2026-07-19T18:48:55.782+00:00,concluido,29.7,autorizado,4037,23260744192642000105650020000040371542889085
88086062-43d6-45fd-801b-87084b0fa49a,2026-07-10T16:06:00.827+00:00,concluido,84.7,autorizado,3643,23260744192642000105650020000036431488150353
4d3ef247-aeec-49da-8457-e5c13e10af7c,2026-07-10T16:36:31.752+00:00,cancelado,10,pendente,,
a2ac11a6-879a-4f01-b05b-162be532df63,2026-07-10T16:36:51.188+00:00,cancelado,10,pendente,,
dd73421c-b45d-477a-a8c5-5d0d2f279477,2026-07-10T16:37:05.539+00:00,cancelado,10,pendente,,
111b738a-e27a-4342-8daa-7c457caffc14,2026-07-10T16:36:43.222+00:00,cancelado,10,pendente,,
4c976f3f-2b14-4220-b93e-eede9604514b,2026-07-10T16:37:14.356+00:00,cancelado,10,pendente,,
00d9a04e-01b4-4a7e-90d7-23233a24d393,2026-07-10T16:50:56.689+00:00,cancelado,155,pendente,,
bb78bcf2-f3a9-4f40-91d5-9deba166fa2f,2026-07-10T18:50:46.889+00:00,concluido,27.5,autorizado,3691,23260744192642000105650020000036911599728393
c7992b89-4ed2-4618-baef-548c36515bde,2026-07-10T18:46:59.068+00:00,cancelado,10,pendente,,
22a8c49a-7a84-4998-adc3-e121246aa675,2026-07-10T18:48:34.082+00:00,concluido,291.28,autorizado,3690,23260744192642000105650020000036901486141225
5d6b0fdb-ee54-4f13-a9a2-5576433b602a,2026-07-10T18:53:48.244+00:00,cancelado,10,pendente,,
71912ad5-0477-4472-80b7-c67e57f952be,2026-07-13T19:50:00.318+00:00,concluido,195.5,pendente,,
a00de96b-2b97-47e8-a1f6-ddef68b7d2d0,2026-07-22T20:20:33.764+00:00,cancelado,10,pendente,,
65884cd8-16da-461c-b920-bcd9a6c09fd8,2026-07-22T20:20:42.231+00:00,cancelado,10,pendente,,
0995ee2a-35ab-4353-ae92-8b6b1f2ee276,2026-07-22T20:21:11.672+00:00,cancelado,0,pendente,,
28c619a8-d290-46f9-b6bf-0854a9659765,2026-07-22T20:21:39.005+00:00,cancelado,0,pendente,,
d9ca4f5e-c168-4eba-9820-bb33324e83fb,2026-07-22T20:21:49.975+00:00,cancelado,0,pendente,,
b8f82693-b821-4248-a2f5-e19b44ab0609,2026-07-22T20:23:04.054+00:00,cancelado,0,pendente,,
fb10d853-e2fb-49c8-93d1-01486bdcc28f,2026-07-22T20:24:10.359+00:00,cancelado,0,pendente,,
cfa52912-25f4-4230-9aef-7023104a8ca0,2026-07-22T20:24:54.757+00:00,cancelado,0,pendente,,
781a8991-a5e2-4977-ab30-476d1340bd69,2026-07-13T20:23:07.955+00:00,concluido,0,pendente,,
0482c33e-cfac-4469-831a-f09710609212,2026-07-05T19:27:47.771+00:00,concluido,536.8,autorizado,3518,23260744192642000105650020000035181197814753
5d470363-da11-46a1-8d62-324d7d476476,2026-07-05T19:25:59.162+00:00,concluido,213.07,autorizado,3516,23260744192642000105650020000035161319875161
3321b335-01bf-4362-8de8-b296cdcd907a,2026-07-05T19:26:19.43+00:00,concluido,441.6,autorizado,3517,23260744192642000105650020000035171524871480
5fa61c01-6391-4267-8060-8a4d91538c64,2026-07-05T19:37:36.152+00:00,cancelado,0,pendente,,
b1a35783-f62b-4a50-b11d-4d54af021ee4,2026-07-05T19:38:52.539+00:00,concluido,0,pendente,,
67f156f9-6973-4f39-8735-cc1ff1a2bf0d,2026-07-13T20:34:45.87+00:00,concluido,700,autorizado,3815,23260744192642000105650020000038151875160847
889922a7-76d5-4737-98ec-cdbdba9b3faf,2026-07-05T19:30:53.95+00:00,concluido,261.8,autorizado,3519,23260744192642000105650020000035191184796066
b065a6c9-7a41-41ce-9ba0-7148ef71743a,2026-07-05T19:32:49.756+00:00,concluido,135.3,pendente,,
ec474889-e148-4ca8-a13f-6c63dae07b5e,2026-07-16T17:36:02.378+00:00,cancelado,10,pendente,,
b7dcef83-13c0-41de-96c8-2ce8c39ece57,2026-07-05T19:29:54.757+00:00,cancelado,168,pendente,,
b412d274-b197-42ab-813b-6928abd7ac56,2026-07-19T21:45:03.269+00:00,concluido,140,pendente,,
6a6e0c61-b357-4781-9d43-9a2a75239148,2026-07-16T19:46:31.891+00:00,concluido,22,pendente,,
a896a685-a243-43aa-b99a-01fe989ae453,2026-07-19T22:13:09.505+00:00,cancelado,0,pendente,,
54f4717e-9f87-4acd-b8b8-532d8e7664c0,2026-07-19T22:14:45.311+00:00,cancelado,30,pendente,,
44565204-fe45-4390-97fd-1748465e3c8a,2026-07-05T19:32:58.661+00:00,concluido,137.5,autorizado,3520,23260744192642000105650020000035201563990139
35b91cc9-8867-4100-b63c-abdc3cdfaacf,2026-07-19T22:10:27.573+00:00,cancelado,0,pendente,,
dfd2f6b1-cc56-40c8-9c44-d3de25e5b66b,2026-07-27T18:48:58.008+00:00,concluido,374,autorizado,4642,23260744192642000105650020000046421913757605
c3915c82-bfac-467c-9dc6-48204c5cfffc,2026-07-20T16:58:59.321+00:00,concluido,176,autorizado,4148,23260744192642000105650020000041481876147949
870a0e66-ed9f-4858-bf4b-f5b8d40b6bfb,2026-07-20T17:01:10.466+00:00,cancelado,0,pendente,,
5ea91130-f34b-4826-8fb2-ea4b3c2eb868,2026-07-20T17:06:23.27+00:00,cancelado,10,pendente,,
a7a1d5b2-34fa-48e2-acfe-dfb2be02fe50,2026-07-20T17:08:00.349+00:00,cancelado,0,pendente,,
6a4bca3d-a768-4f80-89ee-5fd7632cd6aa,2026-07-20T17:09:38.066+00:00,cancelado,10,pendente,,
139403cd-89db-4641-9740-caf8b9929a08,2026-07-20T17:11:56.632+00:00,cancelado,0,pendente,,
eba34046-b716-4088-a135-6685db5dbb37,2026-07-20T17:14:33.028+00:00,cancelado,10,pendente,,
0f7a7304-f92c-48ba-92c4-79f253f0a9a8,2026-07-20T17:00:59.779+00:00,cancelado,0,pendente,,
1528dc5f-071f-486c-97c6-de5601488bfe,2026-07-05T19:35:02.246+00:00,concluido,227.7,pendente,,
91f2cbb9-8bd8-4c83-9c32-2f607f3360f2,2026-07-05T19:36:27.589+00:00,cancelado,0,pendente,,
b437761e-28cf-490a-ab17-e2023e798a3c,2026-07-05T19:36:42.85+00:00,cancelado,0,pendente,,
654ea359-e18d-41cd-bdd0-bb13fa26d815,2026-07-05T19:37:01.414+00:00,cancelado,720,pendente,,
39d479e1-992d-4c5f-81d7-0d97dbf941ba,2026-07-27T18:49:47.072+00:00,concluido,214.5,autorizado,4643,23260744192642000105650020000046431297109205
aad67d00-618c-4d89-9e10-c868142370b6,2026-07-27T18:49:51.129+00:00,concluido,6.6,pendente,,
e15765b0-a7b1-4ab5-b68e-9b96ccbb4727,2026-07-27T18:50:28.312+00:00,concluido,13.2,pendente,,
9a2100c2-abea-4633-b369-3f9c660570d0,2026-07-27T18:49:40.398+00:00,cancelado,10,pendente,,
ec8f0981-9a35-4b11-8a73-34df5a16c792,2026-07-20T18:20:45.344+00:00,concluido,25.3,pendente,,
25cb9a44-2114-4aeb-81ef-ab2982526eb9,2026-07-05T19:37:28.849+00:00,cancelado,330,pendente,,
037108b8-8166-48ef-b73e-46f1ddb20b70,2026-07-23T19:41:26.881+00:00,concluido,148.5,pendente,,
74d4118a-05e0-4e7a-a601-315c14466ef6,2026-07-10T17:00:05.333+00:00,concluido,166.1,autorizado,3647,23260744192642000105650020000036471659480904
ca462ad7-f562-434c-bde7-d1a4be462557,2026-07-05T19:47:12.113+00:00,cancelado,0.09999999999999999,pendente,,
cc457c04-a6d6-49b5-9de5-17b31619a231,2026-07-10T17:22:30.977+00:00,cancelado,10,pendente,,
a30a3d9a-c9f5-491b-9bbb-7b628ca5eecf,2026-07-05T19:37:12.914+00:00,concluido,392.7,autorizado,3521,23260744192642000105650020000035211915304586
1cec0d76-6939-4b3a-a678-05135e809f2b,2026-07-10T17:27:40.305+00:00,concluido,293,pendente,,
61bbd77a-ed75-4864-b7b2-1a860066b676,2026-07-10T17:45:00.521+00:00,cancelado,10,pendente,,
9d76cd17-ca3f-45c8-bbe8-639c9c1c28f2,2026-07-31T17:48:19.519+00:00,concluido,243.1,autorizado,4729,23260744192642000105650020000047291705176127
9a07d4e8-4679-407b-b30e-dedb0480e558,2026-07-05T19:38:04.789+00:00,concluido,543,pendente,,
41f019c1-f9f4-4a87-99f1-ec529e76967e,2026-07-05T19:38:20.463+00:00,cancelado,0,pendente,,
7eddc632-83a5-4762-b2a5-452a70aafbc9,2026-07-23T19:41:50.658+00:00,concluido,214,pendente,,
d263ba4a-ab82-4bfa-b4a3-1e89880efe61,2026-07-23T19:55:18.398+00:00,concluido,0,pendente,,
9ac6c453-e198-475a-b340-34d8dc5d98d5,2026-07-23T19:55:29.97+00:00,cancelado,0,pendente,,
f816e123-7970-4b84-be22-44e0ea470deb,2026-07-23T19:46:42.703+00:00,concluido,616,autorizado,4387,23260744192642000105650020000043871295600694
efac9916-a7f0-450a-8f39-87408c7681c8,2026-07-23T19:48:49.593+00:00,cancelado,0,pendente,,
b49b5589-0c77-4833-b956-ecd379692343,2026-07-05T19:41:39.947+00:00,concluido,375.98,pendente,,
7d103911-e5fa-4887-8294-731c89b22dd2,2026-07-31T17:59:56.861+00:00,concluido,37.4,pendente,,
f71a169c-5ee6-4245-9291-ddf858256b59,2026-07-15T17:32:35.171+00:00,cancelado,10,pendente,,
875ef5d1-2600-417a-bb64-d3273057364f,2026-07-15T17:40:55.32+00:00,cancelado,10,pendente,,
e6dd528a-1378-4fd6-8a83-8c675f5c679b,2026-07-15T17:41:22.814+00:00,cancelado,10,pendente,,
c1ce9a15-dc2d-49ce-b9fc-14651d6d1256,2026-07-31T18:02:33.376+00:00,cancelado,10,pendente,,
687fcf6f-55be-407e-91ce-ced6979d9956,2026-07-22T20:32:07.37+00:00,concluido,989.86,autorizado,4310,23260744192642000105650020000043101219788453
e7777c90-4b45-45ae-99d1-da875a1c7f7f,2026-07-22T21:00:43.964+00:00,cancelado,579.6,rejeitado,4311,23260744192642000105650020000043111349697242
ebc74f2a-c387-4b36-983b-944db1461f7f,2026-07-05T19:47:23.556+00:00,concluido,0,pendente,,
8b708728-409e-42cc-ae3d-761b7e2b567d,2026-07-23T19:53:16.271+00:00,concluido,0,pendente,,
ec168c49-d95a-4746-88dd-2d86c5829504,2026-07-23T20:00:14.297+00:00,cancelado,0,pendente,,
2cd11f59-8a9f-43b3-9338-f56ae1a3c71c,2026-07-06T14:19:23.908+00:00,concluido,36,autorizado,3522,23260744192642000105650020000035221968748117
c97b0017-7f00-4167-9032-d69adbc9ff9c,2026-07-06T14:21:11.658+00:00,cancelado,69,pendente,,
e765ff2d-ec49-4875-8851-c9e0cb68a958,2026-07-27T18:51:28.085+00:00,concluido,215.49,autorizado,4644,23260744192642000105650020000046441655521560
47861a37-ac3d-4b78-969e-682ef1af1b12,2026-07-27T18:51:42.898+00:00,concluido,5.5,autorizado,4645,23260744192642000105650020000046451982760085
34591416-2215-42b1-b10b-9726649e6204,2026-07-10T18:03:08.44+00:00,concluido,203.5,autorizado,3671,23260744192642000105650020000036711217628316
25ac51d4-8060-48ff-88bb-346468f14693,2026-07-27T18:52:57.118+00:00,concluido,236.5,pendente,,
f42c2a30-f8df-4a0d-98ca-3180fb356a9c,2026-07-06T14:55:23.168+00:00,concluido,80.3,autorizado,3523,23260744192642000105650020000035231203286148
594ba6a4-757f-454d-8b66-fb5455e898ee,2026-07-06T15:50:03.271+00:00,concluido,143,autorizado,3524,23260744192642000105650020000035241642242967
cf264ac2-e235-4fbf-b0f2-5698336fb2f0,2026-07-06T16:10:31.716+00:00,concluido,16.5,autorizado,3525,23260744192642000105650020000035251884913917
379d828d-59a1-4536-bded-3bd1420cceeb,2026-07-06T16:17:27.196+00:00,cancelado,120,pendente,,
47d2e06c-e518-4718-bef7-31e2f032dba2,2026-07-13T19:05:20.735+00:00,concluido,222.2,autorizado,3782,23260744192642000105650020000037821708093969
1fad86f5-d06f-4c63-8f32-2c910724876f,2026-07-10T17:45:08.794+00:00,concluido,180,autorizado,3669,23260744192642000105650020000036691162642241
29f04e80-3487-4c2c-a288-e2816e5bb7e5,2026-07-10T18:02:05.778+00:00,cancelado,10,pendente,,
f30bcdee-804b-4a56-87d4-8be63976f3dc,2026-07-27T18:53:37.849+00:00,concluido,128.7,autorizado,4646,23260744192642000105650020000046461890718926
129f8830-56fe-40e7-a9b5-38000f1e6cac,2026-07-09T17:00:20.67+00:00,cancelado,40,pendente,,
d853c8e4-5612-4972-a139-90771747b255,2026-07-09T17:02:15.127+00:00,cancelado,10,pendente,,
17599838-29dc-45a4-8962-31470ff9ea37,2026-07-16T14:45:36.191+00:00,concluido,12,autorizado,3872,23260744192642000105650020000038721745400283
3a8e0c4f-ae30-44c1-8668-0c418811d468,2026-07-09T18:04:59.036+00:00,concluido,154,autorizado,3598,23260744192642000105650020000035981423740159
fa8afb51-c7cf-43a6-b962-fe1884803ebe,2026-07-06T17:29:40.725+00:00,concluido,348.7,autorizado,3526,23260744192642000105650020000035261231190500
4418f381-ff93-4ba9-94bf-ef5c41e96081,2026-07-10T18:47:45.415+00:00,concluido,154,autorizado,3689,23260744192642000105650020000036891689280920
276e6367-be04-4be3-8272-b19d9c9f693d,2026-07-10T18:20:23.089+00:00,cancelado,10,pendente,,
b09c3580-1f4b-42e6-b44c-71a055c76631,2026-07-16T14:52:58.631+00:00,cancelado,0,pendente,,
73cf3765-b611-43f4-b94f-815504eeee1b,2026-07-10T18:21:30.525+00:00,cancelado,10,pendente,,
ca527ea0-793f-427b-bf2e-b53a81020d7b,2026-07-10T18:22:29.838+00:00,cancelado,10,pendente,,
967c3f36-8ff3-4d1c-b2c5-703c0313d541,2026-07-06T17:43:58.699+00:00,concluido,136.4,autorizado,3527,23260744192642000105650020000035271685882579
2cdb3b4c-0a89-44e1-87c4-8996d166a115,2026-07-06T17:46:11.085+00:00,concluido,196.9,autorizado,3528,23260744192642000105650020000035281408877624
fdd6b48e-5e4a-4827-b045-acc4fe9c4b54,2026-07-06T17:47:09.413+00:00,concluido,235.4,autorizado,3529,23260744192642000105650020000035291591496726
d50367ee-77ee-4181-80e3-b229449d8f5a,2026-07-10T19:12:24.273+00:00,concluido,237.6,autorizado,3699,23260744192642000105650020000036991749259413
f83ad3c4-4086-462d-8bc7-2261a475a932,2026-07-06T17:48:08.97+00:00,concluido,258.5,autorizado,3530,23260744192642000105650020000035301969404057
f1177f94-834a-4a38-9a91-e8d5efb93d7e,2026-07-06T17:52:59.167+00:00,cancelado,10,pendente,,
be96c5b5-0b78-4c05-950d-4588d42c7a8a,2026-07-06T18:02:17.332+00:00,cancelado,0,pendente,,
9ae8a61d-9d1a-4674-aa0b-d590753b777a,2026-07-06T18:02:56.037+00:00,cancelado,10,pendente,,
8c455040-4d92-41ba-bbc3-e3c7d8af3267,2026-07-06T18:07:29.15+00:00,concluido,471.9,autorizado,3532,23260744192642000105650020000035321836312660
35485f91-8ff4-4d16-92cf-b29be8269f62,2026-07-27T18:54:42.91+00:00,concluido,200,autorizado,4648,23260744192642000105650020000046481305156595
d1a11f25-bdc0-4153-9949-45d7681dbd58,2026-07-06T18:05:34.73+00:00,concluido,279.4,autorizado,3531,23260744192642000105650020000035311705806379
64a8e0d9-7651-4f37-bdbd-b484a8836aa2,2026-07-06T18:07:39.328+00:00,cancelado,7,pendente,,
6d32cc87-2c97-450d-af74-1429d5f7524f,2026-07-27T18:54:48.88+00:00,concluido,80,autorizado,4649,23260744192642000105650020000046491369378936
81d3f020-6505-4b08-bdb6-dfe15e6b7481,2026-07-16T15:35:23.464+00:00,concluido,26,autorizado,3873,23260744192642000105650020000038731230725945
0294d3b0-6bd5-4d45-a774-17d2ad877645,2026-07-20T18:25:06.317+00:00,cancelado,0,pendente,,
cd719e41-76a9-49e7-adf5-571cc12c76d5,2026-07-20T18:29:37.034+00:00,concluido,308,autorizado,4186,23260744192642000105650020000041861243519480
b3f09ec8-8a6b-4dde-9aa8-20ca9731e929,2026-07-16T16:00:53.467+00:00,cancelado,0,pendente,,
63d4046d-9647-4dff-820d-e4fbaeec492d,2026-07-16T16:01:10.952+00:00,cancelado,0,pendente,,
eedfabf3-34d5-4e04-a3f2-3f694380f22e,2026-07-16T16:05:20.208+00:00,cancelado,0,pendente,,
c7ce4068-deb5-4cd6-9f00-19e3fcc57149,2026-07-16T16:05:28.767+00:00,cancelado,0,pendente,,
102243f4-ec68-4619-8bd3-c9e9bff3baf1,2026-07-16T16:05:41.558+00:00,cancelado,0.01,pendente,,
d9dffa7b-f13b-4483-aeb8-3cfbd7bf9701,2026-07-16T16:01:03.229+00:00,cancelado,0,pendente,,
a5b6a150-58e6-44bc-92a5-55020ed00e31,2026-07-16T16:01:21.976+00:00,cancelado,10,pendente,,
e95d1a42-ede9-47c2-b26a-dee6f11f7ca6,2026-07-16T16:05:11.169+00:00,cancelado,10,pendente,,
effeb485-8e7b-4de0-bc55-817cca33ca0c,2026-07-06T18:08:29.022+00:00,concluido,105.6,autorizado,3533,23260744192642000105650020000035331627359610
8a5bceb9-f4b8-4f95-a70d-7af786f17e15,2026-07-06T18:14:06.046+00:00,cancelado,10,pendente,,
0df58e1d-bd61-461c-8de7-a41b6e8fb679,2026-07-16T16:05:36.558+00:00,cancelado,10,pendente,,
a8f4d7d7-f130-4a66-b0a7-53766efc9b36,2026-07-06T18:21:50.407+00:00,concluido,116.6,autorizado,3537,23260744192642000105650020000035371783498656
d5f27457-2f94-40bc-aa5c-6e381b212d18,2026-07-16T16:48:29.474+00:00,concluido,1304.6,autorizado,3874,23260744192642000105650020000038741937581035
0bb7a1d2-0803-4e30-b93f-556f094963b9,2026-07-06T18:15:11.938+00:00,concluido,150.7,autorizado,3534,23260744192642000105650020000035341124419025
35187de5-33cd-4443-a918-da0d5f2498b3,2026-07-06T18:16:35.697+00:00,concluido,381.48,autorizado,3535,23260744192642000105650020000035351618778988
87e647aa-647f-43d6-b520-bde2a732cd05,2026-07-27T18:56:01.322+00:00,concluido,253,autorizado,4650,23260744192642000105650020000046501976891327
84c38192-6900-4e8e-b5d2-8060228ab2ff,2026-07-06T18:20:22.235+00:00,cancelado,15,pendente,,
621c2522-cd33-4325-98e9-5cb5865dcf81,2026-07-06T18:18:18.052+00:00,cancelado,53.9,autorizado,3536,23260744192642000105650020000035361441030424
6ea6257a-a7bf-415e-971b-ad79b8a4ab60,2026-07-10T18:21:45.905+00:00,concluido,115.5,autorizado,3672,23260744192642000105650020000036721555406735
70c4f42b-c032-484e-b667-0981c08f0b09,2026-07-06T18:23:27.959+00:00,cancelado,10,pendente,,
90f4ff44-7f5f-4958-aa0f-7228eaf08c81,2026-07-06T18:22:27.982+00:00,concluido,161.7,autorizado,3538,23260744192642000105650020000035381645238290
e04ec9c2-f46a-4a57-aeb1-a048d61011a5,2026-07-10T18:54:07.536+00:00,concluido,72.6,autorizado,3692,23260744192642000105650020000036921810650228
54db2898-4655-4a3e-8cfa-f5be89e28abf,2026-07-09T18:44:30.285+00:00,concluido,210.1,autorizado,3611,23260744192642000105650020000036111578301810
696ed504-ec18-4d57-b67e-b7968a7113b7,2026-07-06T18:25:43.317+00:00,cancelado,10,pendente,,
e99092ec-3324-4d8d-8072-db2c416404c5,2026-07-06T18:23:30.405+00:00,cancelado,720.5,rejeitado,3539,23260744192642000105650020000035391480772853
35a61e6a-02ed-4899-867e-ef9649049ca5,2026-07-09T18:49:05.804+00:00,cancelado,10,pendente,,
87c629fb-2597-4906-8be4-28fd083460c1,2026-07-09T19:45:15.155+00:00,concluido,353.1,autorizado,3632,23260744192642000105650020000036321785421307
0344f30a-621c-4251-b5db-88789b618e5f,2026-07-06T18:24:04.139+00:00,concluido,697.29,rejeitado,3540,23260744192642000105650020000035401433044813
02674cd4-db8f-48da-af98-5baf9ccda0f9,2026-07-06T18:24:51.601+00:00,cancelado,10,pendente,,
bcc2e2a1-b86b-4a8e-b516-76f33d03b3e4,2026-07-06T18:26:15.29+00:00,concluido,5.5,pendente,,
c5b17ae2-4a4c-4274-919b-832ccb0b53d3,2026-07-06T18:26:49.729+00:00,cancelado,10,pendente,,
edc5751f-79cd-44ef-a6d2-63f1e9950f1b,2026-07-09T19:06:57.324+00:00,cancelado,0,pendente,,
3742ff3b-b3e0-49c0-a4e3-28b94aa19182,2026-07-09T19:07:04.238+00:00,cancelado,0,pendente,,
19c97b34-ed8f-4930-884e-7d9eaac9b007,2026-07-06T18:28:34.173+00:00,cancelado,10,pendente,,
6d5a6772-fef8-4f76-85b3-782830e7722a,2026-07-09T19:22:29.426+00:00,concluido,336.6,autorizado,3622,23260744192642000105650020000036221288528816
6fa9dbd2-d5ba-4c97-aafe-e6eab65fccc2,2026-07-06T18:26:53+00:00,concluido,156.2,autorizado,3541,23260744192642000105650020000035411812384199
42772cad-bf6a-4997-910a-89940af2507c,2026-07-06T18:27:04.477+00:00,cancelado,10,pendente,,
205f1c12-639a-485f-bb70-d9e1c1affdc8,2026-07-09T19:08:21.663+00:00,concluido,16.5,autorizado,3621,23260744192642000105650020000036211684802603
b412068a-4985-4bdc-932e-05b77935fee4,2026-07-09T19:23:43.487+00:00,concluido,17.6,autorizado,3624,23260744192642000105650020000036241686089639
7b37f6c9-8a58-4c59-a760-605019eb9f51,2026-07-09T19:23:58.172+00:00,concluido,169.4,pendente,,
b6e9069f-babd-4afa-af67-7292fda6056d,2026-07-06T18:27:32.068+00:00,cancelado,10,pendente,,
a10ebb30-ab04-4fbf-a416-3c566b4a9666,2026-07-09T19:22:57.652+00:00,concluido,512.4000000000001,autorizado,3623,23260744192642000105650020000036231791596181
72f20049-df04-42ea-9e2f-9b47dc0b85fa,2026-07-09T19:23:44.826+00:00,concluido,231.4,pendente,,
4e16db9b-7dfd-4382-b648-e236921ae51f,2026-07-06T18:28:03.266+00:00,cancelado,10,pendente,,
764f2b2e-24b0-4d27-93d7-df40b08f1ea5,2026-07-06T18:28:09.45+00:00,concluido,210.1,autorizado,3542,23260744192642000105650020000035421489521549
24fbf2f5-4031-4667-afe4-1e4c6d212f9b,2026-07-06T18:28:45.737+00:00,concluido,35.2,autorizado,3543,23260744192642000105650020000035431636527330
7149d983-7a47-48ad-b27f-219db8efb225,2026-07-06T18:31:48.587+00:00,cancelado,216.7,autorizado,3545,23260744192642000105650020000035451110680480
7ebd8310-f8e1-40cd-b443-6d4e9583356d,2026-07-01T14:52:28.462+00:00,concluido,37.4,pendente,,
ee414cab-6f7d-41ab-9b8c-1d8d62741f8a,2026-07-01T14:52:56.611+00:00,concluido,33,autorizado,3368,23260744192642000105650020000033681843895201
38d94a9b-73c9-4799-af0d-f9b4368af634,2026-07-06T18:32:00.835+00:00,concluido,276.1,autorizado,3544,23260744192642000105650020000035441820563562
95aaed57-d5c4-4090-8205-5ccc91137fb7,2026-07-01T17:56:59.668+00:00,concluido,167.2,autorizado,3369,23260744192642000105650020000033691656721499
d4abf4bd-af96-4321-869c-780c7ca495f6,2026-07-01T18:00:54.325+00:00,concluido,15,pendente,,
805a6ac3-bcf6-4545-938d-42658b90ca10,2026-07-06T18:32:36.833+00:00,concluido,216.7,pendente,,
6b07dcd8-7dc9-42ed-9add-86c0dba6c141,2026-07-01T18:25:42.348+00:00,concluido,215.6,autorizado,3370,23260744192642000105650020000033701841261963
d24f2d0d-646e-4742-b837-1768f3f7ee57,2026-07-01T18:30:41.812+00:00,concluido,83.6,autorizado,3371,23260744192642000105650020000033711719300655
91600a0b-a6d2-4e32-a1f3-1b11f4f51ba5,2026-07-06T18:32:40.174+00:00,concluido,341,autorizado,3546,23260744192642000105650020000035461519822435
0410b9c6-b406-4fa1-aef9-2e558fdeff8b,2026-07-01T18:31:33.306+00:00,concluido,297.99,autorizado,3372,23260744192642000105650020000033721683245258
62f2f67a-a8ab-456e-9e40-4d5640bf32b6,2026-07-06T18:36:45.204+00:00,cancelado,10,pendente,,
cc40618e-b9f1-4634-aa38-4fd85b995ec2,2026-07-06T18:39:17.088+00:00,concluido,183.7,autorizado,3549,23260744192642000105650020000035491834850140
1c41461c-91bf-4406-9441-ac3911e9521e,2026-07-06T18:39:39.32+00:00,cancelado,10,pendente,,
4082df95-cd7c-4388-ab98-5c991cbee103,2026-07-06T18:55:29.341+00:00,concluido,170.17,autorizado,3558,23260744192642000105650020000035581221908290
64078bea-768f-4f29-835a-2b44c8a9c6c0,2026-07-06T18:33:13.768+00:00,concluido,720.5,rejeitado,3547,23260744192642000105650020000035471171038340
e2910c80-f601-4c8e-94c8-0d780e43378f,2026-07-01T18:52:07.872+00:00,concluido,327.58,autorizado,3373,23260744192642000105650020000033731130625771
1fe3b037-1e74-461d-b212-ee23828cf974,2026-07-01T18:55:17.205+00:00,concluido,409.20000000000005,autorizado,3374,23260744192642000105650020000033741849636019
ea76870d-8b59-4958-9618-966f71c23f67,2026-07-01T19:03:21.602+00:00,concluido,0,pendente,,
e59d6c28-5b4b-48f8-8649-4f59f3686aed,2026-07-01T19:00:06.675+00:00,concluido,33,autorizado,3375,23260744192642000105650020000033751384676585
6e2aba98-fe91-4670-bac8-e99533ccbf0a,2026-07-01T19:03:29.42+00:00,concluido,0,pendente,,
3a15f428-c2cc-457d-801c-3b7fc37c5d77,2026-07-06T18:41:11.582+00:00,concluido,183.7,autorizado,3551,23260744192642000105650020000035511334502361
f9bdc6ab-a4b7-4e68-a1bb-3f573ec69ee9,2026-07-01T19:06:22.155+00:00,concluido,40,autorizado,3376,23260744192642000105650020000033761692439840
5ce24677-de0a-4afa-b9ec-2532df263618,2026-07-01T19:10:25.246+00:00,concluido,21,pendente,,
4eddc0d5-a90f-4d48-ae56-d8e9cc1118c1,2026-07-06T18:34:47.965+00:00,concluido,90.2,autorizado,3548,23260744192642000105650020000035481124265120
a5bab17c-1ac2-4a3a-b5a9-322ce3f49b52,2026-07-06T18:42:51.731+00:00,concluido,349.8,autorizado,3552,23260744192642000105650020000035521107402533
ef38bf04-a48a-41a0-b362-639d45b045c2,2026-07-06T18:47:42.924+00:00,cancelado,30,pendente,,
5ba36c1a-9394-4679-b668-9edc85620b99,2026-07-06T18:38:28.847+00:00,cancelado,140,pendente,,
20cf86be-a8ae-4fb9-b561-2abcc39ac3a3,2026-07-02T15:43:08.774+00:00,concluido,133.1,autorizado,3377,23260744192642000105650020000033771987938608
79805ec6-1997-4724-ac26-2d1d24762176,2026-07-06T18:42:52.147+00:00,concluido,233.2,rejeitado,3552,23260744192642000105650020000035521906116850
4ac955e3-c848-4543-bd79-c8a30384efdd,2026-07-06T18:48:52.131+00:00,concluido,112.2,autorizado,3556,23260744192642000105650020000035561934252257
60979b1a-6de2-4f51-a64d-4e8fee4607c5,2026-07-02T15:50:10.793+00:00,concluido,176,autorizado,3378,23260744192642000105650020000033781699497352
79d4d2af-7d6e-44c3-b69e-acfc176e0178,2026-07-02T17:11:31.526+00:00,concluido,150.7,autorizado,3379,23260744192642000105650020000033791829748268
61a4838e-7e2a-4b04-8647-a471b15d2a57,2026-07-06T18:39:57.841+00:00,concluido,352,autorizado,3550,23260744192642000105650020000035501918451530
438684e9-f235-4c41-a2db-027ad4b567f5,2026-07-06T18:40:53.864+00:00,cancelado,10,pendente,,
d8460941-8026-4b2c-a7ec-8718d1d48789,2026-07-06T18:43:10.789+00:00,concluido,6.6,autorizado,3553,23260744192642000105650020000035531521017298
f1747efd-1a38-45da-98cb-d2af6160fa12,2026-07-06T18:53:18.51+00:00,cancelado,0,pendente,,
a8007a14-9716-4309-ae26-a4cb2b2b463f,2026-07-02T17:13:41.005+00:00,concluido,268.4,autorizado,3380,23260744192642000105650020000033801745024340
d6303a91-fff1-4832-a72e-ebbbb8e95188,2026-07-02T17:23:02.024+00:00,concluido,142,autorizado,3381,23260744192642000105650020000033811106176905
640f273e-9814-4181-836e-824257430070,2026-07-02T17:41:35.548+00:00,concluido,218.9,autorizado,3382,23260744192642000105650020000033821704805598
8d5f2e24-0ba3-4849-b42c-cc7072959c34,2026-07-06T18:46:43.03+00:00,concluido,145.2,autorizado,3554,23260744192642000105650020000035541958199858
ea5f3d3f-e12e-40c5-8214-ee845ab385af,2026-07-02T17:49:41.548+00:00,concluido,97.9,autorizado,3383,23260744192642000105650020000033831797590713
c67845d8-e977-46c3-838d-fdd4ff7caefc,2026-07-02T17:56:37.579+00:00,concluido,168.3,autorizado,3384,23260744192642000105650020000033841740177601
d218cf91-5ef9-4a30-8894-1600910e6898,2026-07-02T18:02:20.395+00:00,concluido,347.6,autorizado,3385,23260744192642000105650020000033851694108115
0ec3a9bf-2a76-46a9-8e14-305d35733802,2026-07-02T18:03:37.045+00:00,concluido,247.5,autorizado,3386,23260744192642000105650020000033861723014800
f27c427b-46ab-4caa-9924-fdc180579c40,2026-07-06T18:48:09.748+00:00,concluido,204.38,autorizado,3555,23260744192642000105650020000035551564885610
cf0c2654-b267-4a17-b4c5-1e9d4e83f04f,2026-07-06T18:54:39.587+00:00,concluido,225.5,autorizado,3557,23260744192642000105650020000035571673517381
4e13539f-60b2-4037-8692-ec4fb8a27d3b,2026-07-02T18:06:12.629+00:00,concluido,308,autorizado,3387,23260744192642000105650020000033871697618020
886167f8-8888-4c46-b59e-ee25d5875f1b,2026-07-02T18:20:24.788+00:00,concluido,213.4,autorizado,3388,23260744192642000105650020000033881995610458
1d200366-e1c1-43d9-bbfb-06acc26985bd,2026-07-02T18:27:20.671+00:00,concluido,155.1,autorizado,3389,23260744192642000105650020000033891962269860
5d556e2c-22f2-4717-b49f-32bbcc552ef6,2026-07-02T18:29:49.101+00:00,concluido,435.38,autorizado,3391,23260744192642000105650020000033911148011412
a87b137a-7859-4aa0-8658-817d1eeed8b0,2026-07-02T18:33:11.147+00:00,concluido,302.5,autorizado,3393,23260744192642000105650020000033931399332290
9460c944-0a4c-40ef-986a-5e37a15f730c,2026-07-06T19:05:45.756+00:00,concluido,416.68,autorizado,3563,23260744192642000105650020000035631124798028
f174a96b-9556-49ac-81f0-ef5557c78379,2026-07-06T19:06:59.828+00:00,cancelado,0,pendente,,
cf53b891-ae0d-42f6-87aa-b22b749b20dc,2026-07-02T18:27:55.89+00:00,concluido,231,autorizado,3390,23260744192642000105650020000033901261242648
8b41dcf4-afb0-42fe-b155-ebc32f1e0ba1,2026-07-02T18:30:13.795+00:00,concluido,207.9,autorizado,3392,23260744192642000105650020000033921511838962
7e33c9cd-72d9-4b05-96ac-051e66e79063,2026-07-09T19:41:27.21+00:00,concluido,174.9,autorizado,3631,23260744192642000105650020000036311615648583
bb4fa4ee-bb77-451c-9ea4-43ada7c5edbf,2026-07-02T18:34:42.147+00:00,concluido,297.66,autorizado,3394,23260744192642000105650020000033941775778799
c2759863-c684-4dee-b1c2-a61a08377c7b,2026-07-02T18:43:26.558+00:00,concluido,389.4,pendente,,
01b594e4-13ad-4857-83c0-b1784a7e0aba,2026-07-06T18:57:45.901+00:00,concluido,223.3,autorizado,3559,23260744192642000105650020000035591230389869
892bfd1b-d75d-4fd0-b57a-2d5f77e25245,2026-07-02T18:35:36.73+00:00,concluido,171.6,autorizado,3395,23260744192642000105650020000033951918276896
20894e58-0924-4b63-9a94-d956fabcc630,2026-07-02T18:36:35.819+00:00,concluido,368.5,autorizado,3396,23260744192642000105650020000033961888089950
89909727-caac-4d24-9b3e-e094caf9ae1d,2026-07-02T18:37:28.105+00:00,concluido,407,autorizado,3397,23260744192642000105650020000033971688810610
339aa97a-7843-4734-8288-9ea5bef55483,2026-07-02T18:38:35.478+00:00,concluido,11,autorizado,3398,23260744192642000105650020000033981349943909
0b57eb7e-28f8-4ab5-a076-24af44abf882,2026-07-02T18:53:13.597+00:00,concluido,111.1,autorizado,3399,23260744192642000105650020000033991785139876
910ca733-89d7-4e9d-a413-16568f8ac356,2026-07-02T19:21:10.652+00:00,cancelado,0,pendente,,
1f02265b-b704-4592-a4c2-013fb8e8cb2a,2026-07-02T19:21:36.911+00:00,concluido,0,pendente,,
561623d9-086a-4fa9-b6a9-469da3a86c72,2026-07-02T18:54:44.707+00:00,concluido,118.8,autorizado,3400,23260744192642000105650020000034001408978491
494128e1-a615-4dea-89d5-de6b3d0b30f8,2026-07-02T19:21:00.283+00:00,concluido,205.4,autorizado,3401,23260744192642000105650020000034011387119476
8bec22e7-46db-4bcc-8346-f50fc5ee5f59,2026-07-06T18:58:15.523+00:00,concluido,225.5,autorizado,3560,23260744192642000105650020000035601645434340
80dc3dfd-a3db-499e-8225-db665125c6bd,2026-07-06T19:06:50.001+00:00,cancelado,0,pendente,,
9d2d328b-0d72-4fbb-be48-35daa64a252d,2026-07-10T19:12:53.517+00:00,concluido,49.5,autorizado,3700,23260744192642000105650020000037001683040829
39acfb87-1dc0-45d5-ab86-1eefcd15fa5f,2026-07-02T19:31:19.822+00:00,concluido,387.2,autorizado,3402,23260744192642000105650020000034021768405986
ec600c2b-d30a-4117-a35c-529e35f43870,2026-07-02T19:32:29.669+00:00,concluido,44,autorizado,3403,23260744192642000105650020000034031326041820
4045732b-6787-4640-9010-01c7d785f5f3,2026-07-06T18:58:56.298+00:00,concluido,71.5,autorizado,3561,23260744192642000105650020000035611535482038
629e9f73-98e6-4541-a647-2dda8f568275,2026-07-06T19:01:57.038+00:00,cancelado,10,pendente,,
e58ea2d9-1d81-4d48-b3e4-85aaf9c6e772,2026-07-02T19:33:04.716+00:00,cancelado,40,pendente,,
29e4ac06-cf41-4350-9483-030bdd31aeb9,2026-07-02T19:34:13.022+00:00,concluido,437.8,autorizado,3404,23260744192642000105650020000034041381717748
824a32e6-6a09-4d0a-b49e-c01d61aca35d,2026-07-06T19:05:20.466+00:00,concluido,794.2,autorizado,3562,23260744192642000105650020000035621300617860
94e4cdf9-14ae-487b-87b8-a24cb5bc022c,2026-07-06T19:06:20.342+00:00,concluido,264,autorizado,3564,23260744192642000105650020000035641949504925
893a1cd9-f9ba-4c71-bac8-019b72029deb,2026-07-06T19:07:48.774+00:00,concluido,108.9,autorizado,3565,23260744192642000105650020000035651753229619
57729bb8-75e1-4e84-a907-faae45d580a0,2026-07-02T19:39:07.523+00:00,concluido,0,pendente,,
2c6c91b0-d20c-4fd4-abf3-074e8236763e,2026-07-02T19:44:15.19+00:00,cancelado,0,pendente,,
b8d652f5-a75b-414f-bc3e-1de60eb546e2,2026-07-06T19:08:48.297+00:00,concluido,144.1,autorizado,3566,23260744192642000105650020000035661324692020
feb3fa89-f2db-4b8d-b3d3-89ac75b5cb1f,2026-07-06T19:09:49.167+00:00,cancelado,0,pendente,,
4c93e7c0-826a-4622-a580-b8447d9eb45b,2026-07-06T19:22:51.376+00:00,cancelado,10,pendente,,
f0c59782-f6e9-4d03-a9fb-7e50ec0e0756,2026-07-06T19:23:14.345+00:00,concluido,36.3,pendente,,
1820cd0a-8741-4fd0-a30d-6f06cb5730cb,2026-07-02T19:46:46.643+00:00,cancelado,0,pendente,,
f93edb06-a013-4004-a668-ffc1adab1d0e,2026-07-06T19:44:01.113+00:00,concluido,0,pendente,,
1137f698-8487-4f07-a3ee-531881cf48f1,2026-07-06T19:44:10.871+00:00,concluido,0,pendente,,
1ccceb0a-8fcc-4edd-b723-704809b89ed7,2026-07-02T19:37:14.458+00:00,cancelado,327.5,pendente,,
e1d7848b-719d-40c8-bf37-9809d0bfb0a9,2026-07-02T20:14:52.082+00:00,cancelado,126,pendente,,
2c605565-2a5e-4539-a8a7-5f1ee62ad62a,2026-07-02T18:38:13.917+00:00,cancelado,52.8,pendente,,
1e730021-8a47-4ea4-a882-5c4b9297a31b,2026-07-02T20:16:48.942+00:00,concluido,48,pendente,,
92bdbe0e-a3a6-4ebe-b7d4-89f5b18ce061,2026-07-02T20:17:27.624+00:00,concluido,201.5,pendente,,
6374a201-4353-403e-858f-6c41f1636420,2026-07-06T19:31:08.333+00:00,concluido,155,autorizado,3567,23260744192642000105650020000035671133352370
0511a521-f718-4243-a4cc-c53b02b606b4,2026-07-02T20:15:09.889+00:00,cancelado,201.5,pendente,,
c018da3b-ee91-433a-bf66-8e23cae47798,2026-07-06T20:06:37.587+00:00,concluido,251,autorizado,3568,23260744192642000105650020000035681354190419
ee36f653-242b-4ebf-8bde-c9bf947c0c6e,2026-07-06T19:40:22.053+00:00,cancelado,130,pendente,,
f4e2ff57-7220-48df-b3af-07d64045856b,2026-07-06T20:07:40.687+00:00,cancelado,7,pendente,,
8a60eaf5-fc69-4225-aa30-5c342953e95e,2026-07-06T20:14:59.973+00:00,cancelado,11,pendente,,
f7ad4735-339f-40fc-ac66-8a34d3cd0220,2026-07-06T20:15:07.38+00:00,cancelado,10,pendente,,
cf4b0437-2c72-4dc5-9ce1-2fb4ed214556,2026-07-06T20:10:06.298+00:00,cancelado,123,pendente,,
cdf68f3f-971a-4602-8ed3-7de5a71014aa,2026-07-06T20:19:12.607+00:00,cancelado,193.6,pendente,,
48d35176-87e5-4e3e-83fb-614a1259b95b,2026-07-06T20:15:14.226+00:00,cancelado,193.6,pendente,,
5b840c83-a77a-4434-9d03-de5d7b4662c6,2026-07-06T20:20:52.388+00:00,concluido,123,pendente,,
7d07ba56-6ab2-4540-b258-71f66503df49,2026-07-06T20:22:58.867+00:00,cancelado,15,pendente,,
981a4994-8c1d-41ba-9385-31334e6919b6,2026-07-06T20:23:07.891+00:00,cancelado,177.1,pendente,,
062abe77-5ada-423d-b782-77fa150fa845,2026-07-06T20:36:43.198+00:00,cancelado,0,pendente,,
ec2b4549-5acf-4683-be0c-4aa5f7a6a6af,2026-07-07T11:57:52.435+00:00,cancelado,0,pendente,,
9f0ccf54-ca78-47c4-8f2e-8e0516113cd6,2026-07-16T17:27:54.297+00:00,concluido,167.2,autorizado,3879,23260744192642000105650020000038791876893454
b2086001-bac5-4c0c-af3a-a23843ded98a,2026-07-16T17:33:17.351+00:00,concluido,42.9,autorizado,3880,23260744192642000105650020000038801871408745
e55c59ab-4af1-484b-a32b-a2c331624017,2026-07-16T18:01:34.917+00:00,concluido,119.9,autorizado,3891,23260744192642000105650020000038911664090573
941f76c2-198b-4180-b908-158e91a6d328,2026-07-16T17:59:24.192+00:00,cancelado,10,pendente,,
cbe35c66-1eba-4c30-b126-d3d0af398826,2026-07-16T18:00:26.339+00:00,cancelado,10,pendente,,
7da3f4fd-7539-47de-802a-57519517ae9f,2026-07-10T19:16:43.784+00:00,concluido,213,autorizado,3701,23260744192642000105650020000037011371422740
dbd477db-862a-4bb0-9fab-baba4ad4a71a,2026-07-10T19:28:01.353+00:00,cancelado,10,pendente,,
25595a83-daa3-4060-bdb3-39f0fe6099da,2026-07-16T18:00:36.111+00:00,concluido,137.5,autorizado,3890,23260744192642000105650020000038901330667069
46b75d7c-c8ba-4278-876b-3a68907f9e1b,2026-07-10T19:25:11.806+00:00,cancelado,0,pendente,,
09495633-c257-48b0-b081-d794e6919ec0,2026-07-10T19:29:38.494+00:00,cancelado,10,pendente,,
3f5671e5-2c51-4fd5-8028-d7a46471eef7,2026-07-10T19:32:06.383+00:00,concluido,566.6,autorizado,3703,23260744192642000105650020000037031146831853
bdb2d963-8706-4173-990d-6a1a10419024,2026-07-10T19:33:26.842+00:00,concluido,132,pendente,,
6baaa8e9-7613-4cc4-bc18-237f76247b30,2026-07-16T17:34:27.454+00:00,cancelado,10,pendente,,
c4576b63-d5e9-4f2c-9c00-2eef0ecd880f,2026-07-10T19:34:37.647+00:00,concluido,125.4,autorizado,3705,23260744192642000105650020000037051860297092
a670c3f3-dea2-45c4-9a14-fe3e2c7c6078,2026-07-10T20:12:15.594+00:00,concluido,0,pendente,,
7226948c-bfac-48ab-b1f9-a670b04d63f2,2026-07-10T20:14:24.735+00:00,concluido,0,pendente,,
8ed01e51-e730-47ab-a533-5df7fafcebc5,2026-07-10T19:55:50.935+00:00,cancelado,10,pendente,,
56cf1bae-92c5-4b46-898c-4eb8a5be79e6,2026-07-03T20:26:06.638+00:00,cancelado,30,pendente,,
6eb9e35b-c010-473b-a15d-7ff5b9f3f2a0,2026-07-03T20:26:18.623+00:00,cancelado,15,pendente,,
21a77a51-24a5-4651-b027-413d0fe79884,2026-07-03T20:26:29.872+00:00,cancelado,18,pendente,,
b0ae245d-7fbe-45aa-95f2-cee6c8dd90d4,2026-07-03T20:27:49.518+00:00,cancelado,0,pendente,,
d5aaff27-cec1-44c4-a691-260c591fb479,2026-07-23T18:58:18.399+00:00,concluido,93.17,autorizado,4370,23260744192642000105650020000043701609234647
f198dfcd-8115-4a79-815e-5b6ae77f79bb,2026-07-23T19:03:03.755+00:00,concluido,74.8,autorizado,4372,23260744192642000105650020000043721534600611
8e72bdf2-c758-47a7-9776-6b905b81b605,2026-07-10T20:11:39.26+00:00,concluido,895,pendente,,
77f57061-ad6c-4cd0-8d8b-f8982688fa9b,2026-07-23T19:05:35.572+00:00,cancelado,150,pendente,,
daf23cb2-3bc5-4e10-b547-5c4399268a2c,2026-07-23T19:07:16.624+00:00,cancelado,10,pendente,,
6b8bb78d-7fa0-474a-a2c7-d38090572f58,2026-07-23T19:18:59.853+00:00,cancelado,0,pendente,,
e04e1d2e-20e0-433b-a948-7ce1be87ed86,2026-07-23T19:20:51.1+00:00,cancelado,0,pendente,,
e7b099d9-5fa7-4cb2-9306-dd5b34d47155,2026-07-23T19:05:42.046+00:00,cancelado,15,pendente,,
c71dafe3-6c85-479e-af81-a6ebde5509bf,2026-07-23T20:14:29.194+00:00,concluido,150,autorizado,4392,23260744192642000105650020000043921892418977
2c40463e-d3ab-4ba8-b37c-cd9cf15a152f,2026-07-27T18:58:36.674+00:00,concluido,227.7,autorizado,4656,23260744192642000105650020000046561221639031
9160ae79-25fc-4358-b03f-e434e487ec57,2026-07-27T18:56:49.529+00:00,concluido,136.4,autorizado,4651,23260744192642000105650020000046511421028862
32391342-b19d-4c5f-b768-e7115b883fdd,2026-07-27T18:56:52.254+00:00,concluido,321.2,autorizado,4652,23260744192642000105650020000046521589335891
a3bb9d34-283f-4e79-b790-0466493ae591,2026-07-05T11:27:56.747+00:00,cancelado,0,pendente,,
48c883f4-b968-40e7-ae91-81f98e11d79c,2026-07-05T11:28:08.103+00:00,cancelado,27,pendente,,
6c40b39b-2f75-4fd9-b680-8676138643be,2026-07-05T14:09:21.058+00:00,concluido,33,autorizado,3405,23260744192642000105650020000034051781737522
38f3503c-49a7-4ba1-b94c-47274adb8173,2026-07-05T14:46:04.961+00:00,concluido,31.9,autorizado,3406,23260744192642000105650020000034061150414906
fcb8f10e-319c-4f37-a49c-f8c0dd697881,2026-07-05T14:51:44.124+00:00,concluido,96.58,pendente,,
e0f9d64f-6371-4380-af0a-f912f75c2356,2026-07-05T14:52:19.594+00:00,cancelado,0,pendente,,
4372e0dc-d40b-4e56-99b4-fd437293a3f2,2026-07-05T15:05:47.027+00:00,concluido,165,pendente,,
0091a498-a60f-4cd5-b1df-edde3cc149a5,2026-07-05T15:08:59.738+00:00,cancelado,7,pendente,,
fdfa924d-05f1-42eb-ab0d-4e00f315bef5,2026-07-05T15:12:12.665+00:00,concluido,152.9,autorizado,3407,23260744192642000105650020000034071214454170
b304a65e-82b8-443d-b0f8-53b5e3a47d2f,2026-07-05T15:18:12.868+00:00,cancelado,18,pendente,,
923af945-a4ed-48b4-b129-9ec9e9495564,2026-07-05T15:06:41.154+00:00,concluido,80,pendente,,
24a85cfa-ebbe-449c-93b9-6ff5cf79d497,2026-07-05T15:21:55.551+00:00,concluido,79.19999999999999,autorizado,3410,23260744192642000105650020000034101737963113
deff09f5-c604-410a-9c00-d170f459d413,2026-07-05T15:32:19.739+00:00,concluido,33,pendente,,
46ef327a-6151-4180-80e2-25985f7c68e1,2026-07-05T15:14:18.825+00:00,concluido,32.78,autorizado,3408,23260744192642000105650020000034081685382206
0aa989d6-2a9e-4172-9583-2ff02a0459d7,2026-07-05T15:19:14.695+00:00,concluido,52.8,autorizado,3409,23260744192642000105650020000034091268536209
29736c2b-7d30-4869-80da-1d77b74e4e49,2026-07-05T15:23:22.375+00:00,concluido,29.7,pendente,,
2c8fcfd6-65d2-40de-88e3-681ab4966632,2026-07-05T15:30:21.975+00:00,concluido,37.4,autorizado,3411,23260744192642000105650020000034111313217144
cdb55778-ef8b-4a88-bef6-010296691097,2026-07-05T15:36:01.929+00:00,cancelado,10,pendente,,
bcf00cde-4bf0-4621-bb30-b776b7212a22,2026-07-05T15:34:24.563+00:00,cancelado,10,pendente,,
02ad05a3-de5c-4316-9882-b2ad22a460c8,2026-07-05T15:36:55.176+00:00,cancelado,135.3,pendente,,
2722345f-ad3d-437f-a02c-81a9b575c04e,2026-07-10T18:57:29.45+00:00,concluido,309.1,autorizado,3693,23260744192642000105650020000036931977211063
7224ee23-ec91-4f1b-9c57-6265d1de669a,2026-07-05T15:36:47.517+00:00,concluido,333.3,autorizado,3412,23260744192642000105650020000034121226486764
d1b56823-0d62-4795-a393-92fb0663c453,2026-07-05T15:38:06.456+00:00,concluido,193.5,autorizado,3413,23260744192642000105650020000034131788824538
69983e3d-aeb8-405d-ae17-a1b898532508,2026-07-05T15:43:16.162+00:00,cancelado,10,pendente,,
a48dd10d-7ae3-4eb6-9782-b2324ff1e516,2026-07-05T15:38:44.852+00:00,cancelado,264.88,pendente,,
371a997e-52d5-4f92-bcdf-a1e911f08e03,2026-07-05T15:45:26.257+00:00,concluido,268.4,autorizado,3414,23260744192642000105650020000034141274564600
91b409f2-57e6-4bd2-8c28-8818bf540b50,2026-07-05T15:58:16.267+00:00,concluido,55,autorizado,3417,23260744192642000105650020000034171381204129
04d0f702-89b8-4cb6-9a08-8ed58adca9a6,2026-07-05T15:47:45.177+00:00,concluido,264.88,autorizado,3415,23260744192642000105650020000034151138692127
333cd714-f459-49ae-96f0-30b6ae04818e,2026-07-05T15:50:41.835+00:00,cancelado,10,pendente,,
2978af06-68ec-4d94-a87e-f2f9511a95da,2026-07-05T15:59:00.906+00:00,concluido,160,pendente,,
ffa7a62b-be0d-47af-ae99-14b47b47231f,2026-07-05T15:58:06.624+00:00,concluido,170.5,autorizado,3416,23260744192642000105650020000034161333893508
29824b04-6911-4a1b-85a9-d201d66cfe08,2026-07-05T16:04:35.423+00:00,cancelado,0,pendente,,
d049bd1b-9de4-479d-9ead-a1ead02a5b06,2026-07-05T16:04:52.333+00:00,cancelado,0,pendente,,
3b3bac4d-29b4-4a5e-ae15-57470efd6221,2026-07-05T16:05:27.39+00:00,cancelado,0,pendente,,
7f6e0296-f747-419b-a2f6-fa592445c36e,2026-07-05T16:05:48.223+00:00,cancelado,0,pendente,,
a63e2c2a-2e0b-499a-b3fe-1bebb1730f6e,2026-07-05T16:17:44.466+00:00,concluido,201.3,autorizado,3419,23260744192642000105650020000034191726215507
0797639a-bb84-4003-bafc-74c47a897a81,2026-07-05T16:19:24.802+00:00,concluido,99,pendente,,
4ab5ab42-3056-4d28-af57-08346263677d,2026-07-10T18:58:56.81+00:00,concluido,30.69,autorizado,3694,23260744192642000105650020000036941407842100
527e0c23-9acb-4bf5-a492-989c5464f15f,2026-07-05T16:10:33.107+00:00,concluido,161.7,autorizado,3418,23260744192642000105650020000034181409162511
d02bf5e2-6686-4a5c-b3b2-7cc9eec1812d,2026-07-05T16:20:43.653+00:00,concluido,66,autorizado,3420,23260744192642000105650020000034201243819980
d0f909b5-39f8-4262-92f7-163bba6f8a16,2026-07-05T16:22:04.494+00:00,cancelado,10,pendente,,
312bf282-7cb6-44cc-872d-431c341345e4,2026-07-05T16:28:45.44+00:00,cancelado,10,pendente,,
16534923-c5d0-48cd-a375-d22f8911175f,2026-07-05T16:29:20.965+00:00,cancelado,10,pendente,,
abb8e6e5-544a-442d-aa6a-f19bc63ed4d4,2026-07-05T16:35:34.403+00:00,cancelado,10,pendente,,
9ff96437-9db4-42bc-a3a2-3d822ef91284,2026-07-05T16:22:56.162+00:00,concluido,201,autorizado,3421,23260744192642000105650020000034211972691822
ee83ef13-bf9a-4471-bb6b-0889bb752f50,2026-07-05T16:23:30.618+00:00,cancelado,10,pendente,,
7727fa3f-dfa8-44d1-9698-6b337c9990da,2026-07-05T16:24:19.238+00:00,concluido,193.6,autorizado,3422,23260744192642000105650020000034221907208893
a25dabcd-e96b-4cb6-8a72-b7f816c62323,2026-07-05T16:25:01.418+00:00,cancelado,10,pendente,,
f7b0e03b-5344-4cf7-82fb-92886158597a,2026-07-05T16:25:58.925+00:00,concluido,203.5,autorizado,3424,23260744192642000105650020000034241499368774
bd8922d5-dc54-40df-a51e-b6471ecea53b,2026-07-05T16:30:51.34+00:00,cancelado,10,pendente,,
e64b711d-9b30-4cd9-8228-93fa31b7112b,2026-07-05T16:25:18.981+00:00,concluido,155.1,autorizado,3423,23260744192642000105650020000034231421974652
231ecbf1-293c-4f29-b8ea-55467ff15b20,2026-07-05T16:26:22.149+00:00,concluido,221.1,autorizado,3425,23260744192642000105650020000034251123203598
b0f1029b-8a3c-487f-95cf-930799ae185d,2026-07-05T16:26:55.867+00:00,cancelado,10,pendente,,
86f643fa-0313-4ddb-a61d-425a55de56e0,2026-07-05T16:29:52.51+00:00,concluido,74.8,pendente,,
efe1e328-6e2f-4e12-ba4b-a54260c706b8,2026-07-05T16:33:42.523+00:00,concluido,33,autorizado,3428,23260744192642000105650020000034281538098506
2f4c588f-4770-47c0-b72d-548fb62e0025,2026-07-05T16:34:48.115+00:00,concluido,105.6,autorizado,3429,23260744192642000105650020000034291865530068
57c13a7e-cba5-4ccc-9f07-4b4d01574f67,2026-07-05T16:31:53.349+00:00,concluido,295.9,autorizado,3426,23260744192642000105650020000034261616255800
6941984d-588e-4a52-9862-2280381a5f15,2026-07-05T16:32:23.862+00:00,cancelado,10,pendente,,
9a704a33-07ea-4b35-85c0-d3f9e67a0958,2026-07-05T16:32:36.409+00:00,concluido,126.5,autorizado,3427,23260744192642000105650020000034271997123538
fdb9f682-ec91-4b98-aae8-153ae5862ef6,2026-07-05T16:33:58.56+00:00,concluido,242,pendente,,
cc92677f-d81f-4650-876e-b49194715f68,2026-07-05T16:34:19.173+00:00,cancelado,10,pendente,,
32e907dc-d0f7-4480-ae6c-f5d787cf2f04,2026-07-05T16:35:54.418+00:00,concluido,191.4,pendente,,
701da87b-adf7-4c71-b190-0e23166493dc,2026-07-05T16:40:28.356+00:00,concluido,137.5,autorizado,3430,23260744192642000105650020000034301382538065
311516d7-9dcc-49f1-b8e8-1c7fcf01d15b,2026-07-05T16:44:49.862+00:00,cancelado,130,pendente,,
723f948a-69ad-4c12-911b-9ee5c68b8fac,2026-07-05T16:47:16.56+00:00,concluido,343.2,autorizado,3432,23260744192642000105650020000034321889959205
648b309b-cb72-45d2-9004-7a6671ee1cf7,2026-07-05T16:47:27.123+00:00,cancelado,10,pendente,,
c3c6951e-3c3f-4ee3-81fb-e9f09ec422a6,2026-07-05T16:54:23.63+00:00,cancelado,10,pendente,,
fc19cf8f-42d2-4859-aae5-9cb59b7c998c,2026-07-05T16:55:11.259+00:00,concluido,138.6,pendente,,
3207a59f-500a-44fb-82cb-0a8b95e9cabe,2026-07-05T16:55:24.785+00:00,cancelado,10,pendente,,
70780c8d-7878-4a36-81aa-f939aad5572c,2026-07-05T16:59:42.922+00:00,concluido,191.18,autorizado,3436,23260744192642000105650020000034361791577850
3fca551e-9a11-42e7-a512-ee0494466222,2026-07-05T17:03:16.751+00:00,cancelado,20,pendente,,
5e967e71-555e-4098-9e96-1ae316987125,2026-07-05T16:41:43.766+00:00,concluido,42.9,autorizado,3431,23260744192642000105650020000034311559048040
455f9cbf-0282-4946-ba64-04b1d556a604,2026-07-05T16:44:25.803+00:00,cancelado,120,pendente,,
c9f89c29-73a2-42a9-aec6-b7a1beb60541,2026-07-05T16:44:49.523+00:00,concluido,179.3,pendente,,
b8515adf-c0c9-405f-aba2-f2bb0cc32ce2,2026-07-05T16:53:53.219+00:00,cancelado,10,pendente,,
06e95bcb-e23f-4229-abcd-e7fe9dd858aa,2026-07-05T16:56:14.981+00:00,concluido,157.3,autorizado,3435,23260744192642000105650020000034351264332129
57ebab1b-9bda-45ec-9de8-960c5f4219dc,2026-07-05T17:01:25.964+00:00,concluido,297,autorizado,3437,23260744192642000105650020000034371603918125
78bcc444-b677-4997-8fcc-25d109a7d723,2026-07-05T16:48:59.636+00:00,concluido,481.8,autorizado,3433,23260744192642000105650020000034331145886398
0fe3d70d-b7ac-4377-a181-b1ab8926b9d3,2026-07-05T16:49:03.309+00:00,concluido,345,autorizado,3434,23260744192642000105650020000034341453427081
142df62a-9bba-45e2-b88e-3f5fbb65904d,2026-07-27T18:57:15.143+00:00,concluido,389.4,rejeitado,4653,23260744192642000105650020000046531456369415
f996f4ea-07af-4261-be3c-29127e632484,2026-07-05T17:04:29.281+00:00,cancelado,15,pendente,,
a3e7127a-6706-4c97-aeff-4927907703bd,2026-07-05T17:05:05.976+00:00,cancelado,120,pendente,,
e4239ed4-a2bd-437d-bf16-81f474393a79,2026-07-05T17:06:56.51+00:00,concluido,61.6,autorizado,3440,23260744192642000105650020000034401842042684
ef8a86cc-8420-48f8-a435-975481dc74d2,2026-07-05T17:04:33.526+00:00,concluido,585.2,autorizado,3438,23260744192642000105650020000034381884551139
9746f79f-aed2-4011-94de-e5446e0d697f,2026-07-05T17:06:06.772+00:00,concluido,353.1,autorizado,3439,23260744192642000105650020000034391190154221
5b300f02-522d-4132-abaa-b3cf6d096244,2026-07-05T17:09:22.502+00:00,concluido,447.7,pendente,,
a47fe454-25e1-463c-82ce-c363d81e3b70,2026-07-05T17:09:30.899+00:00,cancelado,10,pendente,,
4388781f-ab7a-4dea-a676-9a20f92e7bc6,2026-07-05T17:09:13.993+00:00,concluido,370.59000000000003,autorizado,3441,23260744192642000105650020000034411366676002
e9e7610d-6b40-450e-88f7-5b48afdbe68a,2026-07-05T17:10:51.186+00:00,concluido,143,autorizado,3442,23260744192642000105650020000034421950560172
407ee5be-239e-4f56-8209-359e9fa3e3f9,2026-07-05T17:17:34.924+00:00,concluido,186.9,autorizado,3447,23260744192642000105650020000034471587360788
ce93281d-57eb-4df8-9a81-61f0c5166925,2026-07-05T17:25:52.803+00:00,cancelado,0,pendente,,
aee85d4e-d7ef-44f3-a016-f9aa4186cadf,2026-07-05T17:11:41.727+00:00,concluido,36.3,autorizado,3443,23260744192642000105650020000034431811122750
18385440-8a33-4a4b-8bec-7b491168b1b9,2026-07-05T17:18:18.25+00:00,cancelado,0,pendente,,
0405a341-86f6-4a74-9be0-7d4a94d598e9,2026-07-05T17:18:44.191+00:00,cancelado,10,pendente,,
302725a3-39bd-4ba7-b3b8-e7831b79a251,2026-07-05T17:27:04.33+00:00,cancelado,10,pendente,,
6bb57fc1-6844-4c83-be25-cee62ae0fb7b,2026-07-05T17:13:51.107+00:00,concluido,226.6,autorizado,3444,23260744192642000105650020000034441594277767
9fedcf86-a2f4-4684-a8f5-59085a890a2f,2026-07-05T17:15:46.973+00:00,concluido,27.5,autorizado,3445,23260744192642000105650020000034451509236662
58ec0207-fd43-40d8-a7f8-e1a8294d3c98,2026-07-05T17:22:42+00:00,cancelado,0,pendente,,
24429145-e458-4014-b86f-7b349665fabb,2026-07-05T17:26:04.661+00:00,cancelado,0,pendente,,
0bade0dc-bb2e-4707-9a7e-9f7248c3408d,2026-07-09T16:02:39.858+00:00,concluido,84,autorizado,3573,23260744192642000105650020000035731474398521
f58dcadc-b6ac-43c2-a84b-2ee951be7605,2026-07-05T17:16:45.887+00:00,concluido,337.37,autorizado,3446,23260744192642000105650020000034461304331830
2109c807-41e0-4f9f-9d96-c24376260c42,2026-07-05T17:30:54.499+00:00,concluido,29.7,autorizado,3448,23260744192642000105650020000034481324660559
630adf02-8ee3-43fe-89e5-9769e8b23bf2,2026-07-05T17:31:41.356+00:00,concluido,166,autorizado,3449,23260744192642000105650020000034491260306668
a94102b9-1126-4e36-9b10-0010c9b95172,2026-07-05T17:32:14.208+00:00,concluido,655.6,pendente,,
4cf799b8-59ea-4b09-bfbb-6d7e42cef93c,2026-07-05T17:32:22.931+00:00,concluido,28.6,autorizado,3450,23260744192642000105650020000034501412757838
c02effde-fbab-4daa-ad14-de051ff0601f,2026-07-05T17:32:58.893+00:00,concluido,70.4,autorizado,3451,23260744192642000105650020000034511603461469
5c81d5e5-2883-4127-aab8-5a456bee5b19,2026-07-10T19:02:31.588+00:00,concluido,213.29,autorizado,3696,23260744192642000105650020000036961527484419
0a547103-5df4-4f90-871a-2b8735d38d2b,2026-07-10T19:09:49.362+00:00,cancelado,10,pendente,,
bbdf7318-e7a4-441d-a636-12658bd01fe0,2026-07-05T17:33:45.066+00:00,concluido,187,autorizado,3452,23260744192642000105650020000034521854663868
db1374f7-2c30-4ab4-ba2b-d57331eb54ac,2026-07-05T17:42:17.407+00:00,concluido,44,autorizado,3455,23260744192642000105650020000034551355538873
a9a66cff-8112-4359-a221-58840684d499,2026-07-05T17:36:37.049+00:00,concluido,243.1,autorizado,3453,23260744192642000105650020000034531624215950
80fb7ce1-e915-4490-ab7c-e75ad440dd13,2026-07-05T17:37:50.469+00:00,concluido,224.4,autorizado,3454,23260744192642000105650020000034541262942634
cf0a432c-31d9-4c92-a614-96335145bd19,2026-07-05T17:40:58.659+00:00,cancelado,10,pendente,,
359b79ac-b745-47e8-bdc9-dd06a573a7fd,2026-07-05T17:43:44.328+00:00,cancelado,10,pendente,,
c6349951-1413-44b1-aeef-5b61aa618999,2026-07-05T17:53:32.113+00:00,concluido,147.4,autorizado,3460,23260744192642000105650020000034601441502385
664b93c0-069a-4cd7-bf47-600258d5fab5,2026-07-05T17:45:43.473+00:00,concluido,333.3,autorizado,3456,23260744192642000105650020000034561442863451
cb6cd2cb-d472-4a90-a79f-e1e6707c6be9,2026-07-05T17:46:25.119+00:00,concluido,148.5,autorizado,3457,23260744192642000105650020000034571492057987
029d30de-c3bc-48d7-b001-7e1b8e12db2e,2026-07-19T15:36:26.377+00:00,cancelado,151.8,autorizado,3967,23260744192642000105650020000039671770064661
ef9191ed-69e3-486f-bdc1-527c42fa8249,2026-07-05T17:46:39.814+00:00,concluido,170.5,autorizado,3458,23260744192642000105650020000034581650220155
f1a1fb3b-42b1-4456-9fe4-351d4f44dc6a,2026-07-05T17:48:14.107+00:00,cancelado,10,pendente,,
29f840b1-934c-4a2d-8157-39c5e75fa3af,2026-07-05T17:48:12.091+00:00,concluido,47.3,autorizado,3459,23260744192642000105650020000034591175841704
0d92d17d-590a-438f-9a7c-d673a0083206,2026-07-05T17:49:21.032+00:00,cancelado,15,pendente,,
3c782d27-4b6a-472b-abd3-be4d5d68bac4,2026-07-05T17:54:15.644+00:00,cancelado,14,pendente,,
b6afd5f8-753f-4c0c-a00a-7ce7302f3434,2026-07-05T17:54:50.259+00:00,concluido,127.6,pendente,,
7212c11a-ec54-4180-9957-8793e8ee2f34,2026-07-05T18:01:45.204+00:00,cancelado,10,pendente,,
834120d4-a871-488f-a80a-28a9ce48b561,2026-07-05T17:55:49.17+00:00,concluido,315.15,autorizado,3461,23260744192642000105650020000034611778013267
9caea2de-160a-4034-9ec0-b2bdbc0a1971,2026-07-05T17:56:46.728+00:00,cancelado,14.9,pendente,,
4289763c-dcf0-430a-a231-a9b607343d8a,2026-07-05T17:58:24.56+00:00,cancelado,10,pendente,,
863245ed-1cc0-428d-b67c-27356596b483,2026-07-05T17:58:48.179+00:00,cancelado,0,pendente,,
6c49c9d4-14c5-4fb4-87e6-db39f30564f8,2026-07-05T17:56:30.822+00:00,concluido,401.5,autorizado,3462,23260744192642000105650020000034621975879892
7cb2072b-a1ce-4d99-9d83-bb798f135e4e,2026-07-05T17:57:17.512+00:00,cancelado,0,pendente,,
48d2ede8-b641-4847-9c8e-b1d2b3a79554,2026-07-05T17:58:07.683+00:00,concluido,284.9,autorizado,3463,23260744192642000105650020000034631266747576
ca84f33c-88b7-4b4e-b655-683468b7e76a,2026-07-05T18:00:44.365+00:00,cancelado,10,pendente,,
87329d8e-a7c3-41ba-a37e-ae4104379c9a,2026-07-05T18:01:25.661+00:00,concluido,49.5,autorizado,3464,23260744192642000105650020000034641783653246
38646970-e68e-4028-96ba-d63b52f2d1af,2026-07-05T18:03:08.853+00:00,concluido,49.5,autorizado,3465,23260744192642000105650020000034651191007567
6980bb4c-c413-4fd6-916c-ad1e5fa8173d,2026-07-05T18:06:14.362+00:00,cancelado,20,pendente,,
837769e0-c664-48e5-b77e-6a0f995d428c,2026-07-05T18:08:23.239+00:00,concluido,36.3,autorizado,3466,23260744192642000105650020000034661318635830
cb637eb3-45ab-4da6-9ff0-841d8c35c2f4,2026-07-09T16:01:50.838+00:00,concluido,148.5,autorizado,3572,23260744192642000105650020000035721368501619
45b9f6fd-d60a-499b-bf8e-64714473e1a5,2026-07-09T16:03:59.673+00:00,concluido,359.7,autorizado,3574,23260744192642000105650020000035741908079169
af0234ec-3f69-4f55-8132-2610a92a2274,2026-07-10T19:01:16.693+00:00,concluido,41.8,autorizado,3695,23260744192642000105650020000036951665635830
cf3590e4-e540-4e46-ae54-e13ec869714c,2026-07-05T18:10:55.696+00:00,concluido,276.1,autorizado,3467,23260744192642000105650020000034671363720350
4199661a-5db2-41d2-86a1-2c0c38d750d5,2026-07-05T18:12:43.728+00:00,concluido,11,autorizado,3468,23260744192642000105650020000034681540661943
98ca13b2-f7f6-47d6-8663-a019dfa832e3,2026-07-05T18:13:52.754+00:00,concluido,5.5,pendente,,
ea842d3e-d0c6-40be-9422-fc22360dee02,2026-07-05T18:28:13.417+00:00,cancelado,0,pendente,,
5e6fe4dd-2dcc-415b-8a23-84c5c1d5769a,2026-07-05T18:28:30.415+00:00,cancelado,0,pendente,,
c9424473-2cad-4dc7-ac14-dda084fbce4c,2026-07-05T18:30:41.094+00:00,cancelado,10,pendente,,
016328ba-f166-4eab-894e-4071ea420e2e,2026-07-05T18:14:46.495+00:00,concluido,92.4,autorizado,3469,23260744192642000105650020000034691483369565
33a61274-2ea8-4621-8b9f-28c7bd3e0c02,2026-07-05T18:16:09.659+00:00,concluido,230,autorizado,3471,23260744192642000105650020000034711815666989
b218ceff-eadd-432a-88b8-319278259432,2026-07-05T18:23:13.056+00:00,cancelado,7,pendente,,
5a3e06db-511d-4067-af03-c19a14f1b0b5,2026-07-05T18:14:49.361+00:00,concluido,369.6,autorizado,3470,23260744192642000105650020000034701463243788
031f5d0a-f915-4e05-9313-ec0ed724965a,2026-07-05T18:26:38.419+00:00,cancelado,0,pendente,,
9dd691fc-b2ed-484a-9860-cf7981783be3,2026-07-05T18:27:04.301+00:00,cancelado,0,pendente,,
061438ba-f2a2-41eb-8af1-c42898c6c54e,2026-07-05T18:27:44.598+00:00,cancelado,0,pendente,,
37660464-d1a1-41e9-9803-eb2ae6419101,2026-07-05T18:16:13.788+00:00,concluido,444.4,autorizado,3472,23260744192642000105650020000034721857649850
8382aa21-2d87-4b26-a714-e5ca6378f6f8,2026-07-05T18:23:12.783+00:00,concluido,190.3,autorizado,3473,23260744192642000105650020000034731387720268
1d36af58-cad0-4cf5-8fa9-9d59a156a98f,2026-07-05T18:26:20.935+00:00,cancelado,0,pendente,,
598b2aa8-bd08-4ab7-951b-5a87d5118f32,2026-07-05T18:28:22.878+00:00,cancelado,0,pendente,,
29d6bdec-35dc-487c-9dd8-638d5742a16b,2026-07-05T18:23:54.024+00:00,concluido,237.6,autorizado,3474,23260744192642000105650020000034741789783318
e5e5852f-ffba-4285-8f8d-fd7eefa53a61,2026-07-05T18:26:13.455+00:00,cancelado,0,pendente,,
7d0ff78f-88cb-4d02-a980-63b8cab5fb2c,2026-07-05T18:26:46.477+00:00,cancelado,0,pendente,,
c1c0097a-0f89-441e-a9ea-244babc7879e,2026-07-05T18:24:34.865+00:00,concluido,244.2,autorizado,3475,23260744192642000105650020000034751832179968
ef08bfc5-daf9-4126-a434-39665255923b,2026-07-05T18:26:29.299+00:00,cancelado,0,pendente,,
ddfe7cc7-be1c-448c-9c15-dc8d1a4b4341,2026-07-05T18:26:53.454+00:00,cancelado,0,pendente,,
6f411b64-1044-4d5d-a20a-b64ddcbfcb41,2026-07-05T18:27:56.497+00:00,cancelado,0,pendente,,
87f0c6e6-ecc8-470d-9e62-617b1a02165d,2026-07-05T18:28:05.556+00:00,cancelado,0,pendente,,
71da143f-8a8f-4896-802f-54287f41e99b,2026-07-05T18:28:38.367+00:00,cancelado,0,pendente,,
079d5731-6a72-43d6-9d30-e4ba5e782ff1,2026-07-09T16:32:03.23+00:00,concluido,144.1,pendente,,
b7fb08a7-ef61-41b8-b4e4-ac7b7fe81653,2026-07-10T19:07:19.625+00:00,cancelado,0,pendente,,
4e5ef7d1-f9e1-48c7-9e64-b069f193a96d,2026-07-10T19:07:28.021+00:00,cancelado,0,pendente,,
2bf0b9ff-c76a-420c-9433-7980d741b28f,2026-07-10T19:07:45.328+00:00,cancelado,0,pendente,,
5d083001-0623-4d31-b917-9f679f54629d,2026-07-10T19:07:53.058+00:00,cancelado,0,pendente,,
8d569f3e-039e-4ca4-9655-fc011e517295,2026-07-05T18:28:04.427+00:00,concluido,218.9,autorizado,3476,23260744192642000105650020000034761406851468
f8d3b69e-fd71-41c9-8b41-1ad8203af6cb,2026-07-09T16:33:43.444+00:00,concluido,5.5,pendente,,
8c98f9fc-1bf5-4d19-b47e-220e873f1bc9,2026-07-10T19:11:05.973+00:00,cancelado,10,pendente,,
8b27a3b8-476c-4d07-b121-00d899894ad4,2026-07-05T18:30:13.935+00:00,concluido,190.08,autorizado,3477,23260744192642000105650020000034771847041910
fe79000d-8e3c-4051-8631-c93b45d3a09a,2026-07-05T18:35:56.406+00:00,concluido,211.2,autorizado,3480,23260744192642000105650020000034801271575266
b6539283-e465-4ef8-a0fd-feeeb4e84daa,2026-07-05T18:32:30.292+00:00,concluido,132,autorizado,3478,23260744192642000105650020000034781818822397
5082b524-77a3-4686-a6b8-ecb7406449df,2026-07-05T18:35:13.469+00:00,concluido,151.8,pendente,,
c129d93e-f9db-4a94-88c9-b6e3d5d79f3c,2026-07-05T18:39:18.924+00:00,concluido,44,pendente,,
6ce535e5-9662-4f96-9e4a-49d7dbfa57e4,2026-07-05T18:33:23.67+00:00,concluido,77,autorizado,3479,23260744192642000105650020000034791694270514
4b473a23-7411-4ea9-935d-3f27744f3ac4,2026-07-05T18:47:20.474+00:00,concluido,270,autorizado,3485,23260744192642000105650020000034851940138203
11249d81-d8e4-4357-8159-e115fb99a23d,2026-07-05T18:41:20.73+00:00,concluido,680.9,autorizado,3483,23260744192642000105650020000034831105776283
a4e96e4a-7098-471e-a97d-2d3f85d9f604,2026-07-05T18:48:35.994+00:00,concluido,132,autorizado,3487,23260744192642000105650020000034871157686870
4ef8b2db-8019-4073-aa4a-18a4e8a5ea11,2026-07-05T18:38:14.96+00:00,concluido,191.4,autorizado,3481,23260744192642000105650020000034811177310650
2a10feb2-a5b2-483d-b181-16b46e892cf8,2026-07-05T18:42:18.481+00:00,concluido,270,pendente,,
5c81935f-dbd0-424b-9fba-7f3c8d216f0d,2026-07-05T18:40:36.099+00:00,concluido,180.4,autorizado,3482,23260744192642000105650020000034821957313168
0ffc61c8-76bb-43db-886f-f866bffbff1b,2026-07-05T18:46:53.336+00:00,cancelado,10,pendente,,
214faea5-8fb4-4b3a-bc6b-e2ad42bc8f75,2026-07-05T18:42:42.032+00:00,concluido,172.7,pendente,,
c4a6e94c-5cf1-46ee-8840-e4cb00cc86c1,2026-07-05T18:45:30.134+00:00,concluido,260.48,autorizado,3484,23260744192642000105650020000034841354556942
b36b06af-50da-458f-ac58-311c21bb652a,2026-07-05T18:47:30.653+00:00,concluido,192.5,autorizado,3486,23260744192642000105650020000034861392399721
cca2ac54-f39f-4e03-8832-24ba496c40c3,2026-07-05T18:49:15.87+00:00,concluido,115.5,autorizado,3488,23260744192642000105650020000034881753732760
376847d0-abb5-49e5-a64e-0d37f2d43a38,2026-07-05T18:50:06.053+00:00,concluido,178.97,autorizado,3489,23260744192642000105650020000034891177773624
7621c6aa-5c95-4e40-ac63-b9c07349c2f5,2026-07-05T18:50:14.986+00:00,concluido,256.3,autorizado,3490,23260744192642000105650020000034901172062453
a552036f-98d7-4c88-a59d-9180830c1769,2026-07-05T18:50:49.846+00:00,concluido,160.6,autorizado,3492,23260744192642000105650020000034921889037608
7f986637-7d1a-448c-8d05-7109405a15cd,2026-07-05T18:50:38.53+00:00,concluido,251,autorizado,3491,23260744192642000105650020000034911499789730
e3fd295c-32dd-465f-8ba8-f89cf08c788a,2026-07-05T18:51:51.141+00:00,cancelado,7,pendente,,
6041b31a-45c8-4526-a971-e456ea990c90,2026-07-05T18:52:21.588+00:00,concluido,266.2,autorizado,3493,23260744192642000105650020000034931753319722
013a3016-0eae-40de-9167-15dceff91d87,2026-07-05T18:52:53.805+00:00,concluido,130.9,autorizado,3494,23260744192642000105650020000034941663228695
8f65cbbf-ddbc-4505-b210-9794cfdd1fe5,2026-07-05T19:00:13.625+00:00,concluido,259.6,autorizado,3497,23260744192642000105650020000034971840617569
72b4e30a-e58b-4293-9dd6-440522b91ea5,2026-07-05T18:53:53.056+00:00,concluido,157.3,autorizado,3495,23260744192642000105650020000034951687196146
5a3297c1-1542-4a00-9466-f38fa6311512,2026-07-05T18:55:30.979+00:00,concluido,232.7,autorizado,3496,23260744192642000105650020000034961518278630
e0bae187-1525-4d56-a57c-fb024dc3a779,2026-07-05T18:58:28.553+00:00,cancelado,15,pendente,,
a189dc18-62cd-4431-8216-70796fe3e111,2026-07-05T19:01:43.905+00:00,concluido,212.3,autorizado,3498,23260744192642000105650020000034981773634557
27894d84-5af4-469c-913a-3a39d1c83c75,2026-07-05T19:02:41.621+00:00,concluido,563.2,autorizado,3499,23260744192642000105650020000034991452109137
09c7f46c-3395-4273-893d-aa686eaebe31,2026-07-05T19:11:42.954+00:00,concluido,107.8,autorizado,3501,23260744192642000105650020000035011764957664
12ffb7c4-5853-41a9-b89b-2c736fa244c1,2026-07-10T19:11:21.369+00:00,concluido,223.3,autorizado,3697,23260744192642000105650020000036971629801887
4b77f3c7-0320-4d52-a192-73bf41303bd7,2026-07-05T19:03:11.67+00:00,concluido,62.7,autorizado,3500,23260744192642000105650020000035001787380447
21f4cc71-003a-451b-84f0-6f39931c31f7,2026-07-05T19:17:42.434+00:00,cancelado,180,pendente,,
3efb8a70-696f-4901-8d95-cb040da6b99d,2026-07-05T19:21:53.441+00:00,concluido,89.1,autorizado,3512,23260744192642000105650020000035121470669967
5be20d70-7ce1-4a63-8fc6-faa934ccc76d,2026-07-05T19:12:21.017+00:00,concluido,105.49,autorizado,3502,23260744192642000105650020000035021271515602
7ccd4b69-de45-444e-8663-f9b93e50d029,2026-07-05T19:12:30.73+00:00,concluido,128,autorizado,3503,23260744192642000105650020000035031235452164
84272dca-b519-40cc-8c23-a960d2461340,2026-07-05T19:13:59.166+00:00,concluido,496.1,pendente,,
780a12f1-2e47-4bf4-9189-a259a0c5bdc3,2026-07-05T19:17:32.18+00:00,cancelado,200,pendente,,
cdbec8e2-38c6-4af1-86ea-ceed69e6d0d4,2026-07-05T19:16:20.59+00:00,concluido,225.5,autorizado,3504,23260744192642000105650020000035041712641722
65f2b728-0135-431e-9641-04ccb1165729,2026-07-05T19:21:09.178+00:00,concluido,355.3,autorizado,3511,23260744192642000105650020000035111229075380
2d2b65c5-592c-4ada-a659-fe2ec0a4c326,2026-07-05T19:17:59.124+00:00,cancelado,50,pendente,,
26e320cc-2bbf-4b71-9158-735ff2af01df,2026-07-05T19:18:07.909+00:00,cancelado,54,pendente,,
9f82168f-863e-44ba-91e4-325f2f28501a,2026-07-05T19:17:43.105+00:00,concluido,323.4,autorizado,3505,23260744192642000105650020000035051974008471
e9f67a22-2d3b-41d7-97f3-6041808cb62f,2026-07-05T19:17:52.402+00:00,cancelado,52,pendente,,
d5ae2582-47a5-43be-ba75-23863c5e46cf,2026-07-05T19:17:42.616+00:00,concluido,322.3,autorizado,3506,23260744192642000105650020000035061350641499
b78b56ae-4bfa-4190-9125-9e803805973e,2026-07-05T19:19:30.577+00:00,concluido,103.3,autorizado,3508,23260744192642000105650020000035081824423270
91d29a3e-f33e-4698-95a4-3dc2294e68ea,2026-07-05T19:20:25.78+00:00,concluido,24.2,autorizado,3510,23260744192642000105650020000035101828707409
b6deb5bf-a395-4c73-b57e-857713450087,2026-07-05T19:18:41.384+00:00,concluido,302.39,autorizado,3507,23260744192642000105650020000035071875093327
9de47f59-1b78-41b3-a051-849f47f929af,2026-07-05T19:19:31.762+00:00,concluido,181.5,autorizado,3509,23260744192642000105650020000035091402379295
d286d11b-bbef-40ff-ba1a-9653af8307b1,2026-07-05T19:23:03.55+00:00,concluido,381.7,pendente,,
53180cd6-1eaa-4bed-8376-cac8a96bd390,2026-07-05T19:23:31.997+00:00,concluido,291.5,pendente,,
d8fdca04-abe0-474d-8303-a2dece6bfdf9,2026-07-05T19:22:48.845+00:00,concluido,148.5,autorizado,3513,23260744192642000105650020000035131687610406
c829736b-6ed1-46ae-936d-83b3d819b83d,2026-07-05T19:23:11.889+00:00,concluido,226.6,autorizado,3514,23260744192642000105650020000035141292388414
8db8ca57-9acd-4870-94cf-524d4976bbb6,2026-07-09T15:26:05.965+00:00,concluido,223.3,autorizado,3570,23260744192642000105650020000035701764982704
e8a7c10a-336a-46e9-8ecd-a41ed61459bf,2026-07-09T15:34:22.039+00:00,concluido,132,pendente,,
0a6d0c4a-0526-4973-a5e4-50466d8cd726,2026-07-19T15:41:22.361+00:00,concluido,151.8,autorizado,3968,23260744192642000105650020000039681473174290
4a6556a2-f2b6-4796-be90-b94b4f55c85b,2026-07-19T16:01:27.803+00:00,concluido,607,pendente,,
86903223-dddd-4d8d-b06a-5cfadf3b89ef,2026-07-19T16:31:24.604+00:00,concluido,188.1,pendente,,
4c8ea77a-bd06-48c6-a2e7-6b1cf3850970,2026-07-19T16:32:46.54+00:00,cancelado,10,pendente,,
d4577cf7-20f0-4c0a-97f7-b607c3b257f5,2026-07-27T18:57:27.049+00:00,concluido,412.28,autorizado,4654,23260744192642000105650020000046541889348268
5894910a-3b68-437a-bc80-122a06c403b7,2026-07-27T18:58:27.948+00:00,concluido,277.97,autorizado,4655,23260744192642000105650020000046551294601959
c7424a89-97ea-4559-a565-ddf2d0f5c867,2026-07-27T19:01:24.291+00:00,cancelado,10,pendente,,
617217ce-8774-4e3f-a93b-e05478eb8b63,2026-07-27T19:03:22.253+00:00,concluido,391.6,autorizado,4663,23260744192642000105650020000046631997331590
d0554b7e-8110-475f-bc09-c1d7e2da8763,2026-07-27T18:42:39.768+00:00,concluido,347.05,autorizado,4657,23260744192642000105650020000046571627565670
87ef7dc2-ab0e-4cb7-aa6d-76b261a9b5b6,2026-07-27T18:59:41.028+00:00,cancelado,6,pendente,,
fee313a7-af25-40e8-bb85-f26f4ca76cfd,2026-07-27T19:00:17.021+00:00,concluido,245.3,autorizado,4659,23260744192642000105650020000046591578119425
b9c045ac-d319-424d-a253-a8cb1e67cc3d,2026-07-19T15:54:58.363+00:00,cancelado,10,pendente,,
0aebd599-e18f-4f3c-92c9-c1f5591081a2,2026-07-19T15:58:17.09+00:00,concluido,140,autorizado,3970,23260744192642000105650020000039701901203622
30a184b9-0404-4376-818c-721d2109ac1c,2026-07-27T19:01:14.878+00:00,concluido,20,autorizado,4660,23260744192642000105650020000046601848641529
bbca7904-807c-451b-ace0-5808763332e5,2026-07-09T15:23:22.224+00:00,concluido,177.1,autorizado,3569,23260744192642000105650020000035691313352896
7ceeb75a-fcf4-4376-a73a-34c3a71fa0de,2026-07-09T15:35:24.098+00:00,concluido,142,autorizado,3571,23260744192642000105650020000035711769289109
f2ead7fc-29f5-48a6-9dd3-bb045b8ef570,2026-07-09T16:17:05.048+00:00,concluido,211.2,autorizado,3575,23260744192642000105650020000035751869184570
095986e4-3056-4d1d-85a3-9be9e3f463ae,2026-07-09T16:19:08.356+00:00,concluido,143,pendente,,
43da2f93-3898-434f-b6e6-ee9b7c407b11,2026-07-27T19:00:00.555+00:00,cancelado,194.7,autorizado,4658,23260744192642000105650020000046581941050669
dbd76e06-a255-412c-8f63-7c48b8a23cf5,2026-07-27T19:02:26.614+00:00,concluido,238.7,autorizado,4661,23260744192642000105650020000046611848393778
2824d6d0-94f1-4801-8e50-b2f9e7da617f,2026-07-27T19:04:01.654+00:00,cancelado,10,pendente,,
6a4f3225-1624-4e7d-b503-825c733dc6a5,2026-07-27T19:04:18.859+00:00,cancelado,10,pendente,,
982957ec-cbda-4bae-bcef-6852d7eb2894,2026-07-31T18:14:25.011+00:00,cancelado,0,pendente,,
66abe3b4-929b-4800-9912-eb7cacd9d3f9,2026-07-09T16:35:55.913+00:00,concluido,476.3,autorizado,3576,23260744192642000105650020000035761222321550
1a93d94f-9e7d-4645-96a5-4267f0c8ba6f,2026-07-09T16:37:25.929+00:00,concluido,393.8,autorizado,3578,23260744192642000105650020000035781358840147
e8219890-354f-4a5a-8835-c955d99736fa,2026-07-09T17:00:01.144+00:00,cancelado,10,pendente,,
9fe978cf-5316-459f-ba45-7b5ba889aa46,2026-07-09T16:36:39.324+00:00,concluido,125.4,rejeitado,3577,23260744192642000105650020000035771105669680
d3b2ff75-9aed-45f2-a516-8bafbea8cf5a,2026-07-09T16:41:27.521+00:00,cancelado,25,pendente,,
9ad6a2ae-5f90-479e-be98-40abf38f3534,2026-07-09T16:53:17.023+00:00,concluido,108.9,autorizado,3579,23260744192642000105650020000035791656798936
6ee99ba6-a9ff-4d23-bae3-98d0d8e3d0f6,2026-07-09T17:00:34.998+00:00,concluido,445.5,autorizado,3580,23260744192642000105650020000035801330153623
69c93a4d-8129-469f-b2c5-fbed64446b8e,2026-07-09T17:04:32.979+00:00,concluido,328.9,rejeitado,3582,23260744192642000105650020000035821445877327
c16b7a7a-6738-4e51-b6b5-46ded6c2d5ba,2026-07-10T20:03:32.128+00:00,concluido,119,autorizado,3712,23260744192642000105650020000037121762338970
d00279e7-fd90-4989-90b6-b176bf7f6945,2026-07-09T17:03:41.954+00:00,concluido,447.7,autorizado,3581,23260744192642000105650020000035811484040125
12f49ad0-08da-43fd-80e0-6d48161c0bff,2026-07-10T22:35:40.354+00:00,cancelado,0,pendente,,
5e85d1c4-d7a3-4de5-95d2-eabc7b10f78b,2026-07-09T17:05:37.216+00:00,concluido,465.3,autorizado,3583,23260744192642000105650020000035831975926411
fc21dbd6-3beb-4af7-a45d-60e7dd01da42,2026-07-09T17:08:35.107+00:00,cancelado,20,pendente,,
36484c79-9457-446c-a375-0c446126b40c,2026-07-09T17:17:36.258+00:00,concluido,193.6,autorizado,3584,23260744192642000105650020000035841351141259
beca5fb7-46c8-4950-a90a-4e74593118c9,2026-07-09T17:25:27.164+00:00,cancelado,10,pendente,,
46698955-2d67-47fa-aaef-f7a6b0d2e8fa,2026-07-09T17:26:09.52+00:00,concluido,136.4,autorizado,3586,23260744192642000105650020000035861280343177
d4b4e513-2aa1-43f7-96f6-b5c807f80c18,2026-07-09T17:26:33.739+00:00,cancelado,10,pendente,,
1d8a1c74-fc1d-4961-9642-fe72d0675885,2026-07-09T17:27:44.999+00:00,cancelado,10,pendente,,
a629085b-8b0a-4b69-8517-559557f29613,2026-07-09T17:30:32.169+00:00,cancelado,10,pendente,,
fa756665-5591-422f-b51b-0705a333f81c,2026-07-09T17:21:18.011+00:00,concluido,286,autorizado,3585,23260744192642000105650020000035851372982500
4d30ab96-3ce1-4356-9d5c-dbf635842da1,2026-07-27T19:02:33.804+00:00,concluido,36.3,autorizado,4662,23260744192642000105650020000046621563851198
e8e03b72-fbd7-4a6a-b442-642bd8a38217,2026-07-27T19:06:39.063+00:00,cancelado,519.2,rejeitado,4667,23260744192642000105650020000046671685019450
5882c0ac-c314-41c4-a409-dd615e196226,2026-07-09T17:32:12.015+00:00,concluido,192,autorizado,3587,23260744192642000105650020000035871408784414
93b59bb9-40eb-4cfb-af60-0cb616edf233,2026-07-09T17:32:42.353+00:00,concluido,158.4,autorizado,3588,23260744192642000105650020000035881373270336
cfc78cdd-d9fe-4946-b0e1-d4ef2a3afb75,2026-07-09T17:33:47.413+00:00,concluido,258.28,autorizado,3589,23260744192642000105650020000035891267436819
f2ac633b-019b-4e22-97a1-4df4bd41eebd,2026-07-09T17:45:37.675+00:00,cancelado,10,pendente,,
21aad599-db33-406d-ad39-4040e5bc7541,2026-07-09T17:47:02.389+00:00,concluido,111.1,autorizado,3594,23260744192642000105650020000035941484561174
c6bcae1a-4efd-41de-b1ab-329430e5c5a7,2026-07-09T17:34:26.709+00:00,concluido,157.3,autorizado,3590,23260744192642000105650020000035901203701652
24bac4af-dcea-4f37-be58-7076a65ab769,2026-07-09T17:36:36.757+00:00,concluido,480.7,autorizado,3591,23260744192642000105650020000035911493563670
c33e89a3-b296-480b-afb7-4d0c1d4a062e,2026-07-09T17:40:42.051+00:00,cancelado,10,pendente,,
795905df-86ab-4d9b-94c1-fe7d7e62860a,2026-07-09T17:42:03.302+00:00,concluido,121,autorizado,3592,23260744192642000105650020000035921411788140
e388ad6f-2c1d-4585-9598-f9ef9a250bcc,2026-07-09T17:57:15.367+00:00,cancelado,13,pendente,,
7192f7af-5398-4284-b988-aa896e53f07e,2026-07-09T17:57:27.515+00:00,cancelado,5,pendente,,
e1afb360-846a-4b23-9b83-e5b3cc844834,2026-07-09T18:08:27.796+00:00,concluido,339.9,pendente,,
9ebd8dab-413a-4699-a052-6a0c7c3e324c,2026-07-31T19:32:39.569+00:00,cancelado,15,pendente,,
bc1630c3-4ea5-4daa-99d1-247a04316c20,2026-07-09T17:45:04.244+00:00,concluido,661.1,autorizado,3593,23260744192642000105650020000035931796321627
6c858506-d603-410c-a45a-6b04ec0ea15f,2026-07-09T17:48:29.784+00:00,concluido,491.7,autorizado,3596,23260744192642000105650020000035961902385710
b77876c8-22e1-4556-82b5-f80b9f885b7f,2026-07-09T17:58:02.043+00:00,concluido,280,pendente,,
860583c7-9f78-4d19-8b98-777a10db0d84,2026-07-27T19:04:19.757+00:00,concluido,157.3,autorizado,4664,23260744192642000105650020000046641479190768
a7180203-bd73-4a3c-bc55-32ae4916eb3f,2026-07-31T20:37:08.555+00:00,cancelado,10,pendente,,
f2559062-9d0e-4df9-bcd4-452c06aec261,2026-07-09T17:47:56.524+00:00,concluido,194.7,autorizado,3595,23260744192642000105650020000035951486856802
6e94ef0e-3a33-4918-93e8-07731a4f4461,2026-07-09T17:53:53.954+00:00,concluido,465.3,autorizado,3597,23260744192642000105650020000035971776850267
2b656416-5faa-4f64-b69b-d464b73c0180,2026-07-19T16:42:17.338+00:00,concluido,29.7,autorizado,3984,23260744192642000105650020000039841752174141
4696c75b-8ae8-4902-b210-2e1b8b5fc85e,2026-07-20T18:21:41.358+00:00,concluido,57.2,autorizado,4182,23260744192642000105650020000041821769444828
c903698a-947d-4d27-bb62-75f606299b49,2026-07-09T18:16:04.715+00:00,concluido,282.7,rejeitado,3599,23260744192642000105650020000035991859091392
28700743-a3a6-4e45-a2ad-2052492a5756,2026-07-09T18:19:29.238+00:00,concluido,162.8,autorizado,3600,23260744192642000105650020000036001687256880
b95a95b8-f68d-4b59-a50a-6f9919e81208,2026-07-09T18:21:27.567+00:00,concluido,166.1,autorizado,3602,23260744192642000105650020000036021152139025
45af66d7-63ed-4c34-b066-5db04e3a381a,2026-07-27T19:06:20.835+00:00,concluido,186.78,autorizado,4666,23260744192642000105650020000046661888161572
8bb1b594-9bdb-4cc2-b646-75328adbcd03,2026-07-31T20:38:40.82+00:00,cancelado,10,pendente,,
9297edd5-069a-453f-a5d1-d088620f88de,2026-07-09T18:20:35.158+00:00,concluido,174.9,autorizado,3601,23260744192642000105650020000036011373811500
1424e8e9-9551-4cd5-8d5b-5a70839957ab,2026-07-09T18:22:14.231+00:00,concluido,189.2,autorizado,3603,23260744192642000105650020000036031730525320
bc2b0d39-8d12-486d-ad3f-0397cd5d1450,2026-07-09T18:26:11.06+00:00,concluido,199.1,autorizado,3604,23260744192642000105650020000036041891778480
3bd6f901-b1f9-4bed-8ed4-78548a94e271,2026-07-09T18:35:18.273+00:00,concluido,236.5,autorizado,3607,23260744192642000105650020000036071156746577
254f1aaa-9b17-49f1-bc6e-2ae6aade5678,2026-07-09T18:27:34.721+00:00,concluido,99,autorizado,3605,23260744192642000105650020000036051760300304
e74519f7-fbf8-4b01-9606-37fe60a44602,2026-07-09T18:41:56.453+00:00,concluido,372.9,autorizado,3610,23260744192642000105650020000036101224505318
5181e2d2-8086-4ed0-b80c-cc05041cf57a,2026-07-09T18:45:53.594+00:00,concluido,336.6,autorizado,3612,23260744192642000105650020000036121824893747
5f6c73ce-e095-4361-99a6-6c5e9a058604,2026-07-09T18:32:24.989+00:00,concluido,185.9,autorizado,3606,23260744192642000105650020000036061885368661
3db439da-f65b-4e84-9371-01fcee787440,2026-07-09T18:39:42.662+00:00,concluido,269.5,rejeitado,3608,23260744192642000105650020000036081210366983
247e9b2f-fdc5-42b0-9eed-73191c44c755,2026-07-09T18:42:49.566+00:00,cancelado,10,pendente,,
59d2300a-ceae-4460-994a-89a7b8e5a6de,2026-07-19T16:46:31.22+00:00,concluido,140,pendente,,
25fb3a6c-835f-489f-910a-b1c08627afac,2026-07-09T18:40:15.995+00:00,concluido,285.89,autorizado,3609,23260744192642000105650020000036091667399931
93b097f0-2acd-48d0-8ccc-b6fe0d9120bf,2026-07-09T18:42:17.02+00:00,cancelado,0,pendente,,
b3656053-da6b-4376-8ecf-9dc34af0adfa,2026-07-09T18:49:57.307+00:00,concluido,194.7,autorizado,3614,23260744192642000105650020000036141158492429
1755a0f8-0372-48de-ab4e-dbde339d15e9,2026-07-09T19:06:33.779+00:00,cancelado,0,pendente,,
2b0a7e97-ce52-4b36-bd41-ecb2e06f45de,2026-07-09T19:06:41.825+00:00,cancelado,0,pendente,,
bd8ffa57-35f6-4b59-8f50-8b345f84a77c,2026-07-09T18:47:50.386+00:00,concluido,488.4,autorizado,3613,23260744192642000105650020000036131260908666
49147231-03d8-466c-b961-c891c3702baf,2026-07-09T19:02:42.317+00:00,concluido,754.5999999999999,autorizado,3616,23260744192642000105650020000036161423224770
8cb0e502-1bfe-41cf-960b-9dd99257758e,2026-07-09T19:25:26.438+00:00,concluido,57.2,autorizado,3625,23260744192642000105650020000036251446833551
a91d988c-90f4-4cf1-82e5-45c34c4a1ce1,2026-07-09T19:32:11.783+00:00,concluido,228.8,autorizado,3627,23260744192642000105650020000036271742954036
685b1d6f-69ac-4173-8a3a-88ea282ae4b0,2026-07-09T20:05:48.027+00:00,concluido,144.1,autorizado,3640,23260744192642000105650020000036401242660213
eed06c05-e593-4274-a279-f519fb8a59a6,2026-07-09T18:50:32.83+00:00,concluido,644.6,autorizado,3615,23260744192642000105650020000036151313923014
bbf640cf-3daf-45bd-8df5-3f44c9347db0,2026-07-09T19:37:29.822+00:00,concluido,138,autorizado,3629,23260744192642000105650020000036291545722196
626f37d7-2327-4b64-9955-ee505b9ee54a,2026-07-09T19:48:08.165+00:00,concluido,191.4,autorizado,3633,23260744192642000105650020000036331641063010
07d0fb03-5886-49f9-8f88-a22a9ef61e28,2026-07-09T19:52:06.97+00:00,concluido,145.2,rejeitado,3635,23260744192642000105650020000036351154745608
57bfa375-065e-4f01-80a6-f361a561b114,2026-07-09T20:12:08.751+00:00,concluido,110,pendente,,
c83d7d3f-5d7e-4a09-bcf2-02415fbc0ab8,2026-07-09T20:16:16.041+00:00,concluido,0,pendente,,
a0567165-46fd-40e2-be3b-28cd6bdaf114,2026-07-09T19:04:25.766+00:00,concluido,189.2,autorizado,3617,23260744192642000105650020000036171471778591
e7ece574-bed1-4054-8c85-38c31f271fdd,2026-07-09T19:06:50.044+00:00,cancelado,0,pendente,,
a8921261-2a30-4e93-b82c-4dfe34ca38a9,2026-07-27T19:05:22.569+00:00,concluido,433.4,autorizado,4665,23260744192642000105650020000046651799987818
6a650814-ff4c-4817-9bd7-fd7de878fc4d,2026-07-27T19:09:52.145+00:00,concluido,234.08,autorizado,4669,23260744192642000105650020000046691136195017
a1284de3-7e3d-4f51-b10d-1431cf8cd5d5,2026-07-27T19:10:47.937+00:00,cancelado,10,pendente,,
710cfb88-b7a3-43f4-b6cb-e4876a55e9f5,2026-07-09T19:05:38.448+00:00,concluido,575.3,autorizado,3618,23260744192642000105650020000036181709589279
74f22ece-fdbd-4f54-8493-0423eadf80d1,2026-07-09T19:06:24.557+00:00,cancelado,0,pendente,,
0c782db9-3421-476a-9fda-836b3544bb7b,2026-07-09T19:06:53.456+00:00,concluido,513.7,autorizado,3619,23260744192642000105650020000036191383811893
b62807b8-f56c-43cb-b1e9-b6cec1b6b36a,2026-07-09T19:07:19.759+00:00,cancelado,0,pendente,,
e2cb2d76-fbf0-4418-8f2d-9a57327bd200,2026-07-09T19:07:34.601+00:00,concluido,49.5,autorizado,3620,23260744192642000105650020000036201673253010
a39eed7a-f1f6-4344-b0f6-c4565d4bac25,2026-07-09T19:27:50.946+00:00,concluido,272.8,autorizado,3626,23260744192642000105650020000036261218905644
7086f771-f247-4936-accb-739d3c226308,2026-07-09T20:14:48.099+00:00,concluido,0,pendente,,
27b55343-062e-4ba0-bce1-8979a4d707d2,2026-07-09T19:35:36.952+00:00,concluido,249,autorizado,3628,23260744192642000105650020000036281290800610
002f6f37-c3fd-4e1e-b192-168f6a87ea72,2026-07-09T19:38:26.885+00:00,concluido,52.36,pendente,,
4d5394e7-27df-4180-b07b-7b63e42b85a5,2026-07-09T19:38:36.817+00:00,concluido,189,autorizado,3630,23260744192642000105650020000036301792969784
d4c56e3b-2c39-426a-b23c-8b15529ee445,2026-07-09T20:42:47.421+00:00,cancelado,60,pendente,,
b0f1903b-be32-4af2-8ce3-367f4c2290ba,2026-07-09T20:43:28.291+00:00,cancelado,21,pendente,,
4e047deb-12ef-43ca-8aa2-66ba546e4328,2026-07-09T20:43:58.133+00:00,concluido,326.5,pendente,,
1f2953e1-1fdb-48bd-bec0-1f077347ff74,2026-07-09T20:44:07.379+00:00,cancelado,0,pendente,,
b655658d-130e-4d05-91e3-0e6de08c5aea,2026-07-09T19:51:08.046+00:00,concluido,312.4,autorizado,3634,23260744192642000105650020000036341618617648
fcfb3c28-457e-4c84-9716-6b59a18fa993,2026-07-09T19:52:50.826+00:00,concluido,309.1,autorizado,3636,23260744192642000105650020000036361633451571
d4a32760-8a8e-492f-81ff-63b21f6c06ab,2026-07-09T19:55:27.495+00:00,concluido,182.6,autorizado,3637,23260744192642000105650020000036371234326827
5e34f0f7-1186-4b3d-8823-aace6c1a1b86,2026-07-09T20:00:08.882+00:00,concluido,139.7,autorizado,3638,23260744192642000105650020000036381875875564
fde78ac2-c583-41e2-957e-924acc82a98c,2026-07-09T20:02:35.484+00:00,concluido,173.8,autorizado,3639,23260744192642000105650020000036391485633482
8b09e4e3-01c5-4d33-98f4-94981228e824,2026-07-09T20:03:52.324+00:00,cancelado,0,pendente,,
3ec345a8-072b-4b9a-bc53-237f097f4fb3,2026-07-09T20:06:08.057+00:00,concluido,128,autorizado,3641,23260744192642000105650020000036411346676970
2a8b90f9-2d8d-4706-8670-c4267f7c8252,2026-07-10T16:33:20.653+00:00,concluido,95.7,autorizado,3644,23260744192642000105650020000036441218316280
976d70b0-cf1f-43e8-b85d-4979fdf46570,2026-07-10T16:46:33.598+00:00,concluido,183.59,autorizado,3645,23260744192642000105650020000036451471746309
cc769b04-4831-4988-a80c-a6716db7ec6e,2026-07-10T16:51:13.456+00:00,concluido,242,pendente,,
636ac203-c567-4b37-8879-26eb373f8521,2026-07-10T17:04:33.071+00:00,concluido,150.7,autorizado,3650,23260744192642000105650020000036501799743296
48df7e04-e21c-49cd-83de-5d5636c19ddf,2026-07-10T16:52:24.615+00:00,concluido,206.8,autorizado,3646,23260744192642000105650020000036461191648584
bafc3d8b-4199-47e5-b6dd-e8b83f0a89f3,2026-07-10T17:01:35.022+00:00,concluido,297,autorizado,3648,23260744192642000105650020000036481343063430
0bd2385f-fd16-4e39-b573-9fe1a82960c6,2026-07-10T17:06:18.691+00:00,concluido,257.4,autorizado,3651,23260744192642000105650020000036511566964645
d6452fb8-9eae-426a-ad19-5ff793015179,2026-07-10T17:08:58.112+00:00,concluido,148.5,autorizado,3653,23260744192642000105650020000036531199240570
dd6d1e1e-40fa-468e-9fa8-0032cdc81410,2026-07-10T17:10:00.625+00:00,concluido,7.7,pendente,,
0a02fe54-910e-471f-bffe-ac1ec1cdf432,2026-07-10T17:02:51.937+00:00,concluido,174.9,autorizado,3649,23260744192642000105650020000036491724415835
ea7713b6-b591-4a9d-9c6f-939ea35a1174,2026-07-10T17:08:06.464+00:00,concluido,233.2,autorizado,3652,23260744192642000105650020000036521738481610
f44ba2a8-22d0-4162-a99e-08a46b79be7f,2026-07-10T17:10:27.879+00:00,concluido,161.59,autorizado,3654,23260744192642000105650020000036541337389970
15fca8ab-8727-4696-9ba2-7df53db571a3,2026-07-10T17:14:09.919+00:00,concluido,231,autorizado,3657,23260744192642000105650020000036571102894820
79b2d64b-b886-4e2a-b47b-e2bc72073952,2026-07-10T17:21:05.497+00:00,concluido,161.7,autorizado,3659,23260744192642000105650020000036591580737969
ce571058-b187-4b27-b357-26c41045c77a,2026-07-10T17:22:21.151+00:00,concluido,191.4,autorizado,3662,23260744192642000105650020000036621196975056
b8a2e77f-05d1-4fc2-89ea-780658db1b0e,2026-07-10T17:10:53.171+00:00,concluido,163.9,autorizado,3655,23260744192642000105650020000036551193848806
afe2a2be-1759-4d01-9540-02a77157fcfc,2026-07-10T17:13:07.194+00:00,concluido,379.5,autorizado,3656,23260744192642000105650020000036561256564130
ab1bcbfb-ea04-46a4-9bfc-0f63e70ab3b1,2026-07-10T17:14:34.897+00:00,cancelado,10,pendente,,
3eb711a0-67ab-474d-bc94-6139545bebf1,2026-07-10T17:21:38.39+00:00,concluido,225.5,autorizado,3660,23260744192642000105650020000036601730856543
9b3093bf-94c0-4d63-b310-f2eeaa8066ee,2026-07-10T17:18:45.185+00:00,concluido,165,autorizado,3658,23260744192642000105650020000036581203724715
ce026d96-01ae-4c74-9246-01c26b64f4ea,2026-07-10T17:21:58.59+00:00,concluido,202.4,autorizado,3661,23260744192642000105650020000036611405187252
cd79d1bc-f51d-4484-bf73-ad7f50240972,2026-07-10T17:25:42.358+00:00,cancelado,10,pendente,,
b46419dc-c9b3-43e5-8b1a-2fe77d43510c,2026-07-10T17:26:14.958+00:00,concluido,154,autorizado,3663,23260744192642000105650020000036631787449809
6478d662-1fb2-4e7e-b00f-c946736be48e,2026-07-10T17:33:25.974+00:00,concluido,214.17,pendente,,
bdfc586f-e4b8-4606-b0b1-a20e2fc3f9f0,2026-07-10T17:41:36.91+00:00,cancelado,10,pendente,,
d7b9e83c-f9a3-4625-a210-13a74d1b51f4,2026-07-10T17:28:27.471+00:00,concluido,198.99,autorizado,3664,23260744192642000105650020000036641929588703
ceb20513-8527-46b7-a61f-cc15295c8567,2026-07-10T17:34:54.012+00:00,concluido,443.3,autorizado,3666,23260744192642000105650020000036661539757378
fa534254-a87d-4f31-9a90-9678c16e4889,2026-07-10T17:39:21.117+00:00,concluido,234.3,autorizado,3668,23260744192642000105650020000036681390232873
e2faf39b-e323-4bda-b21b-aee3660644c8,2026-07-10T17:33:00.524+00:00,concluido,372.9,autorizado,3665,23260744192642000105650020000036651384192642
a8ec78dd-c0b9-40e5-8743-c695617f243a,2026-07-10T17:36:51.535+00:00,concluido,200,autorizado,3667,23260744192642000105650020000036671396973169
7b56e097-a909-4204-87c1-62ac9fdbef73,2026-07-10T17:45:49.516+00:00,concluido,133.1,autorizado,3670,23260744192642000105650020000036701584682759
0434950b-15b3-46a9-b92f-96d096f31707,2026-07-27T19:08:11.612+00:00,cancelado,0,pendente,,
e822e2b2-9845-423a-ac82-e0efef35d8c7,2026-07-27T19:08:23.828+00:00,concluido,248.6,autorizado,4668,23260744192642000105650020000046681393317912
ee1ed215-17b7-4283-ac19-0d5fba8e16e2,2026-07-10T18:22:37.186+00:00,concluido,150.7,autorizado,3673,23260744192642000105650020000036731470519630
b217391b-e26e-4cd2-b11f-d37bfa7fe8ba,2026-07-10T18:23:43.706+00:00,concluido,349.8,autorizado,3674,23260744192642000105650020000036741590783889
f6f1b10e-dd68-4aad-a6ef-f73e4149849f,2026-07-10T18:24:10.369+00:00,concluido,132,autorizado,3675,23260744192642000105650020000036751537565560
0c2c12ee-8b84-4bab-9578-f9f0c27df6ba,2026-07-10T18:26:59.805+00:00,concluido,239.8,pendente,,
06ca6f02-5b64-461b-85bd-10be97da1bb5,2026-07-27T18:54:44.435+00:00,cancelado,139.7,rejeitado,4647,23260744192642000105650020000046471881695355
e52d9770-97cd-4c70-a607-3f2732d84b11,2026-07-10T18:24:42.906+00:00,concluido,228.8,autorizado,3676,23260744192642000105650020000036761227531834
cc2dc53d-1f96-4d9a-904f-b75a803b4bea,2026-07-10T18:25:26.326+00:00,concluido,311.3,autorizado,3677,23260744192642000105650020000036771997046633
29bf6a91-2cfb-471f-95a7-329042c434bf,2026-07-10T18:42:53.711+00:00,cancelado,10,pendente,,
c24a9d24-7beb-4ed8-a19c-034e2d607b4a,2026-07-10T18:46:06.707+00:00,cancelado,10,pendente,,
50deeb1b-ccff-4a40-a2a4-89cb561ae231,2026-07-10T18:29:12.473+00:00,concluido,223.3,autorizado,3678,23260744192642000105650020000036781502444822
42f076cf-56b1-4b60-a54b-5fd51167732f,2026-07-10T18:31:02.068+00:00,concluido,147.4,autorizado,3679,23260744192642000105650020000036791206570239
2caf475f-054e-40a6-9ded-dafde561f444,2026-07-10T18:36:08.193+00:00,concluido,248.6,autorizado,3682,23260744192642000105650020000036821998264391
e06afb50-c245-4fa1-86a5-38f2a0632a17,2026-07-10T18:40:49.236+00:00,concluido,249.48,autorizado,3684,23260744192642000105650020000036841643567189
0ffed534-6324-43a8-8f04-9547c84c6cc2,2026-07-10T18:32:43.547+00:00,concluido,305.8,autorizado,3680,23260744192642000105650020000036801290255132
2e32b48a-b679-46fd-9d3d-14a839da04d9,2026-07-10T18:33:16.648+00:00,concluido,335.5,autorizado,3681,23260744192642000105650020000036811275419917
3bc8a63e-ebdf-4e80-a26f-93256aa7eadb,2026-07-10T18:34:17.716+00:00,concluido,244.2,pendente,,
00f48eb9-3512-42b6-b031-cc0419bba14e,2026-07-10T18:37:26.013+00:00,cancelado,10,pendente,,
03141ac7-9fcf-47db-abf5-fc35356a1256,2026-07-10T18:39:04.401+00:00,concluido,176,autorizado,3683,23260744192642000105650020000036831312536840
a6cb45fd-08e7-4415-b101-30db76681825,2026-07-10T19:11:45.884+00:00,concluido,123.09,autorizado,3698,23260744192642000105650020000036981343903545
c4f74e91-4d1d-4d00-8d2f-dd87cc804208,2026-07-10T18:40:58.446+00:00,concluido,113.19,autorizado,3685,23260744192642000105650020000036851713249650
248a61e3-b2f4-4b57-a5b7-de7211686816,2026-07-10T18:41:55.477+00:00,concluido,123.09,pendente,,
008be65d-349e-492e-9eba-7ab5f6921add,2026-07-10T18:44:54.666+00:00,concluido,114.4,autorizado,3688,23260744192642000105650020000036881878297180
979128ac-43a7-46ce-92b7-103c535dc6c7,2026-07-10T18:42:59.234+00:00,concluido,205.7,autorizado,3686,23260744192642000105650020000036861455757728
9c44673e-c36f-4f32-ae4a-993eebc46cc5,2026-07-10T18:44:02.248+00:00,concluido,238.7,autorizado,3687,23260744192642000105650020000036871319432054
f032a189-2211-4a2f-8924-14703b9fd04a,2026-07-10T18:44:37.704+00:00,cancelado,10,pendente,,
20d3be97-8cbd-44f6-ba14-5e50f7666632,2026-07-10T18:44:18.777+00:00,concluido,112.2,pendente,,
b4d9e52e-c285-410a-a7cf-4f92a9499e1b,2026-07-10T19:28:39.631+00:00,concluido,82.5,autorizado,3702,23260744192642000105650020000037021552239464
788e320c-cfaf-4d93-b6bf-8b6f4203859e,2026-07-10T19:28:54.176+00:00,cancelado,10,pendente,,
5724bd79-7af6-4440-a551-fd20d7ba7149,2026-07-10T19:32:51.12+00:00,concluido,345.4,pendente,,
a3efeed0-5c1f-44fb-888b-76572639be04,2026-07-10T19:34:05.525+00:00,concluido,75.9,autorizado,3704,23260744192642000105650020000037041329618420
449fac9c-1c0f-4198-9670-67e968829d08,2026-07-10T19:44:53.781+00:00,concluido,633.5,autorizado,3707,23260744192642000105650020000037071303605080
8c9191db-2e4d-4118-b569-bd1b6bd31d18,2026-07-10T19:37:27.11+00:00,concluido,61,autorizado,3706,23260744192642000105650020000037061716375305
fc8e4075-92a6-415d-8734-5e832a719d38,2026-07-10T19:46:17.352+00:00,concluido,12,autorizado,3708,23260744192642000105650020000037081848779009
e38cf44c-d7e7-4f42-8210-67b83fc7ee64,2026-07-10T19:49:28.869+00:00,concluido,84,autorizado,3709,23260744192642000105650020000037091325990771
9022ffa9-4c88-413d-922c-1887391cf2f5,2026-07-10T20:01:30.399+00:00,concluido,199.1,autorizado,3710,23260744192642000105650020000037101851220651
0374c9f1-efe4-4aae-b53d-aedee8aef685,2026-07-10T20:02:22.041+00:00,concluido,16,autorizado,3711,23260744192642000105650020000037111168051704
a18299d1-bd3f-4d57-b333-b88b78c7b365,2026-07-10T20:14:37.01+00:00,cancelado,0,pendente,,
4ab4cc48-6a06-4197-9c19-518c79bfa8f1,2026-07-27T19:10:02.535+00:00,cancelado,10,pendente,,
44e19497-a1d2-48e5-9a8c-45cae4f16f9a,2026-07-27T19:11:47.731+00:00,cancelado,10,pendente,,
00adef50-7ffa-4989-a27f-5777669c1bd2,2026-07-31T21:11:56.753+00:00,concluido,210.1,autorizado,4769,23260744192642000105650020000047691356942259
e5c2fc7f-370a-4bff-8297-d4ec87ac60cf,2026-07-31T21:15:50.542+00:00,cancelado,10,pendente,,
e9a383ae-017a-407c-bacf-768c01539675,2026-07-31T21:17:18.728+00:00,concluido,313.5,autorizado,4772,23260744192642000105650020000047721818974135
813e5664-ea02-4a1e-ac3e-5f6c9980ba12,2026-07-31T21:25:53.478+00:00,cancelado,10,pendente,,
2e5c71e2-2abd-492b-a4da-a817baa7f0d0,2026-07-31T21:40:31.352+00:00,cancelado,310,pendente,,
840156b4-e6a7-44af-9d5d-f9fda991b5d0,2026-07-23T16:15:24.425+00:00,cancelado,10,pendente,,
8a8c1e71-b26d-4d28-99dc-0b4aafa9e53d,2026-07-27T19:12:03.542+00:00,concluido,51.7,autorizado,4671,23260744192642000105650020000046711866172148
f1e154a4-b9f8-4de1-8451-5dbb7f4aeb59,2026-07-27T19:16:02.229+00:00,concluido,22,autorizado,4676,23260744192642000105650020000046761777241353
8d01c8e2-5c60-4ba4-8e9f-1a5f08a8c64c,2026-07-27T19:16:52.975+00:00,concluido,17.6,pendente,,
2eb374a0-7c55-443a-a6fa-aab176427a1e,2026-07-27T19:11:10.081+00:00,cancelado,189.2,rejeitado,4670,23260744192642000105650020000046701235107745
b44b892b-45da-45d7-9dc3-0185015b13b8,2026-07-27T19:12:46.995+00:00,concluido,135.19,autorizado,4672,23260744192642000105650020000046721499746089
56a2bdc0-2816-490e-bb06-488fe0acbd2e,2026-07-27T19:14:51.055+00:00,cancelado,0,pendente,,
34b457c8-30fc-44fb-820a-fb6bac0158ed,2026-07-27T19:18:20.697+00:00,cancelado,0,pendente,,
9c47b951-9edc-46e6-b3a8-9bc5759e10e9,2026-07-27T19:18:42.696+00:00,cancelado,0,pendente,,
61ba256e-7aeb-4df0-a2af-a3e03dcf5bb2,2026-07-27T19:20:03.283+00:00,cancelado,0,pendente,,
46622676-a87c-4837-887b-70aab34a087e,2026-07-27T19:12:47.277+00:00,concluido,170.5,autorizado,4673,23260744192642000105650020000046731482956767
800ca58c-f737-4c42-8562-61775d60669e,2026-07-27T19:14:24.893+00:00,concluido,195.8,autorizado,4674,23260744192642000105650020000046741784503916
7410c56c-1923-4a06-a28a-b7094817b438,2026-07-27T19:14:35.152+00:00,cancelado,0,pendente,,
fc535601-2f15-4728-984d-85f81e9ce865,2026-07-27T19:15:01.333+00:00,cancelado,0,pendente,,
522e39da-6cf0-4c89-8336-69d407a1ebea,2026-07-27T19:15:27.058+00:00,cancelado,0,pendente,,
606b4df6-0a0a-476b-a96a-56a433b3e169,2026-07-27T19:15:34.551+00:00,cancelado,0,pendente,,
18bc2412-2314-434f-875f-8d21c67519aa,2026-07-27T19:17:55.226+00:00,cancelado,0,pendente,,
72de442b-8082-46d6-8622-bfb27149a1dd,2026-07-27T19:18:33.066+00:00,cancelado,0,pendente,,
7234661a-11a9-4a7b-8d20-2bfd3f261075,2026-07-27T19:19:27.805+00:00,cancelado,0,pendente,,
af5791cf-2961-435c-923b-8bb0b5f7872b,2026-07-27T19:19:36.409+00:00,concluido,297,autorizado,4677,23260744192642000105650020000046771995999620
6c89e7be-14f5-4715-87ff-176e1d5cb66a,2026-07-26T11:56:26.76+00:00,cancelado,15,pendente,,
131a3b31-b701-493d-932f-d3786f85ef8e,2026-07-26T11:58:35.262+00:00,cancelado,0,pendente,,
1994c05f-1e0f-4b3e-b225-1b4b614d042e,2026-07-26T11:57:37.083+00:00,concluido,16.5,autorizado,4393,23260744192642000105650020000043931649947738
1f68fac4-efbf-4bd7-8026-c2c024d2c72e,2026-07-27T19:15:42.747+00:00,concluido,243.1,autorizado,4675,23260744192642000105650020000046751942901698
1d21b2c7-abdd-4851-b54a-3cde1085c64b,2026-07-27T19:16:01.252+00:00,cancelado,0,pendente,,
62e58fb8-052b-4f42-b5b6-211e708d8181,2026-07-27T19:17:47.64+00:00,cancelado,0,pendente,,
61db8c18-42c8-466b-af31-2aead99253ac,2026-07-27T19:18:11.318+00:00,cancelado,0,pendente,,
5358fab1-ed79-4379-a9f0-25b1a101bffb,2026-07-27T19:19:47.614+00:00,cancelado,0,pendente,,
b2ca68db-f981-4733-9954-43bb601b17ed,2026-07-27T19:20:29.809+00:00,cancelado,0,pendente,,
3d918ae3-50b9-40cd-85cf-825b93802fcb,2026-07-26T12:31:50.82+00:00,concluido,11,autorizado,4394,23260744192642000105650020000043941635642058
40254e2b-685c-4a97-b287-01c0a85ffebd,2026-07-26T12:32:39.699+00:00,concluido,10,autorizado,4395,23260744192642000105650020000043951561731696
d1ec7e09-1b27-4049-b7c3-5a9b533b06c3,2026-07-26T12:32:34.156+00:00,concluido,0,autorizado,4396,23260744192642000105650020000043961399535502
e198cc53-a486-4682-8a11-8de05d7115d1,2026-07-26T12:33:36.766+00:00,concluido,15,autorizado,4397,23260744192642000105650020000043971610891536
bb32aa99-091c-45c1-a690-e5c7e34661eb,2026-07-26T12:45:48.591+00:00,concluido,15,pendente,,
9fd2c8fb-1198-4ad3-9ae1-aa3af8cf2296,2026-07-26T12:37:09.46+00:00,concluido,14.3,autorizado,4398,23260744192642000105650020000043981261601799
2da71d97-608b-4928-9045-a8e526e64320,2026-07-27T19:17:11.013+00:00,concluido,237.38,pendente,,
2ae62c0e-4698-4332-82f5-d71d126f4684,2026-07-26T12:39:11.833+00:00,concluido,15,autorizado,4399,23260744192642000105650020000043991133683579
8e2208d5-e414-4520-a2c0-8c26dc258f8a,2026-07-26T12:47:17.731+00:00,concluido,15,pendente,,
4c23cc38-9f20-4ec7-b374-93e14b9c48d1,2026-07-27T19:17:36.853+00:00,cancelado,0,pendente,,
a0909536-b479-41cd-85b3-f3971e0cc95b,2026-07-27T19:18:02.943+00:00,cancelado,0,pendente,,
7d20d3d0-982a-42c0-882e-27af873ef748,2026-07-26T12:52:08.105+00:00,concluido,15,pendente,,
12c86409-4e62-4522-83f2-7b14f3d62bab,2026-07-22T16:40:54.272+00:00,concluido,272.58,autorizado,4236,23260744192642000105650020000042361213547790
0c0827d1-9595-4b51-896a-84838e6fe051,2026-07-26T12:49:57.306+00:00,concluido,15,autorizado,4400,23260744192642000105650020000044001245498750
944dc553-9a4b-4701-a22a-8616c6693756,2026-07-26T12:58:53.257+00:00,concluido,15,pendente,,
8c686385-2f9e-481d-b811-9c94e0e248ea,2026-07-26T12:58:15.089+00:00,concluido,15,pendente,,
badb8b72-90eb-47a9-9124-20a09dc617ba,2026-07-26T13:10:12.551+00:00,concluido,15,autorizado,4404,23260744192642000105650020000044041336453472
14bd4d43-145d-4c28-96f6-20989d4c622a,2026-07-26T12:54:19.799+00:00,concluido,30,autorizado,4401,23260744192642000105650020000044011682006533
b8c7682a-4f1e-4d82-9e33-3546a29ab98f,2026-07-27T19:19:55.327+00:00,cancelado,0,pendente,,
5648dfc5-9d57-4ed1-b2ce-151cfd794104,2026-07-27T19:20:45.919+00:00,cancelado,10,pendente,,
8c753fcc-3959-481b-9457-6d4b86f2e228,2026-07-26T12:55:48.194+00:00,concluido,15,autorizado,4402,23260744192642000105650020000044021634679814
42ec7c35-b2ba-4e9e-9761-d2d3c0d75390,2026-07-26T13:05:34.228+00:00,concluido,45,pendente,,
4efe8413-94db-49e2-94be-aa9dec0f6166,2026-07-26T13:15:30.756+00:00,concluido,15,autorizado,4405,23260744192642000105650020000044051825787745
61743088-5675-4bec-83d6-e37a3cffe958,2026-07-27T19:19:40.577+00:00,cancelado,0,pendente,,
da404ddb-8f9b-415c-83d2-18743b441ce7,2026-07-27T19:20:12.914+00:00,cancelado,0,pendente,,
3f5ed81f-a619-4f18-8d91-fbf76a002530,2026-07-26T13:07:01.098+00:00,concluido,15,autorizado,4403,23260744192642000105650020000044031868369886
4194d97c-8c4f-41cf-acca-8e9f8ab38ada,2026-07-27T19:26:08.171+00:00,concluido,189.2,rejeitado,4681,23260744192642000105650020000046811768034979
f2b60f38-bd67-4a2a-835f-7cc04112e4d0,2026-07-26T13:28:24.827+00:00,concluido,16.5,pendente,,
de152c56-3562-4e88-87e7-2c541ef6f470,2026-07-26T13:31:15.029+00:00,concluido,15,autorizado,4407,23260744192642000105650020000044071792830609
c4250189-b440-4491-906b-d958adaef5f9,2026-07-26T13:47:00.818+00:00,concluido,15,autorizado,4411,23260744192642000105650020000044111688022812
f13c917b-5408-4642-a1c7-a5b9bca755db,2026-07-27T19:21:41.14+00:00,concluido,100.1,autorizado,4678,23260744192642000105650020000046781223732567
9b0924a9-75ec-4bee-b2e1-b2f145c4df86,2026-07-27T19:22:38.169+00:00,cancelado,14.9,pendente,,
7880fbe0-3585-439f-9811-652f9211162f,2026-07-26T13:30:22.001+00:00,concluido,15,autorizado,4406,23260744192642000105650020000044061300550057
3cc6ad3e-d560-4375-a832-2b6afa334121,2026-07-27T19:24:50.084+00:00,concluido,290.73,autorizado,4679,23260744192642000105650020000046791463569110
92f96392-07cc-4d76-a38e-f4fd2626a1d5,2026-07-26T13:33:48.525+00:00,concluido,6.6,autorizado,4408,23260744192642000105650020000044081126716301
eb42fa03-d85f-49b8-98cb-bd7a98b5491a,2026-07-26T13:35:03.125+00:00,concluido,15,autorizado,4409,23260744192642000105650020000044091762385083
655f40de-fdd1-4902-9038-ea82a098217b,2026-07-26T13:37:02.112+00:00,concluido,5,autorizado,4410,23260744192642000105650020000044101238001116
7595f690-6bd2-4b52-8885-cc5f7dd963d0,2026-07-26T13:51:18.864+00:00,concluido,15,autorizado,4412,23260744192642000105650020000044121851743231
5ff898b7-8fd1-4382-90be-6beb728891ee,2026-07-26T13:56:38.781+00:00,concluido,16.5,autorizado,4413,23260744192642000105650020000044131498479166
a74cfae0-5ecb-4e89-8d82-1a9d15b5e05f,2026-07-27T19:25:21.033+00:00,cancelado,10,pendente,,
98cab0ad-34b1-4d61-85ab-d4886b0da433,2026-07-27T19:25:22.27+00:00,concluido,332.2,autorizado,4680,23260744192642000105650020000046801634122639
db25fb93-774a-4f3a-a4fb-304a291f9770,2026-07-26T13:57:39.855+00:00,concluido,15,autorizado,4414,23260744192642000105650020000044141293049906
8c1918d8-fa01-4b10-93fe-b9dd160ebefa,2026-07-26T14:02:54.655+00:00,concluido,10,autorizado,4415,23260744192642000105650020000044151466257057
19e91754-8f6a-483c-866c-0046349f7d36,2026-07-27T19:27:47.717+00:00,concluido,133.1,autorizado,4682,23260744192642000105650020000046821671901730
76d8cfc6-c810-4186-81f2-9293365076cd,2026-07-27T19:27:55.041+00:00,cancelado,10,pendente,,
58f8e890-a1f2-40ab-aabf-0c2cf74e2b06,2026-07-27T19:29:06.132+00:00,concluido,42.9,autorizado,4684,23260744192642000105650020000046841505514440
b9354498-832f-4471-b2ff-69d55a441397,2026-07-27T19:24:08.793+00:00,concluido,59.4,autorizado,4689,23260744192642000105650020000046891636733886
bd51bf9f-14ac-4a4c-bc1b-eb83e7dab07a,2026-07-26T14:15:30.982+00:00,concluido,56.1,autorizado,4416,23260744192642000105650020000044161477091934
2ebea68a-ad18-40d2-967a-900a8045fe0a,2026-07-27T19:28:24.838+00:00,concluido,161.7,autorizado,4683,23260744192642000105650020000046831753306573
4a0b63d7-8a7c-42be-8af8-89ab57c47023,2026-07-26T14:51:04.906+00:00,concluido,41.8,autorizado,4417,23260744192642000105650020000044171488056130
45532ae0-e909-4a65-a91f-b59a1fa16f36,2026-07-26T15:03:48.582+00:00,concluido,443.3,pendente,,
5de2f45b-2b4b-4b3a-810e-7743c6f016e9,2026-07-26T15:29:28.171+00:00,concluido,113.3,autorizado,4418,23260744192642000105650020000044181601859856
0bd0e172-5d26-4e0b-94a7-ccac69686860,2026-07-26T15:30:44.506+00:00,concluido,37.4,autorizado,4419,23260744192642000105650020000044191176401359
a544bf01-ece4-436e-bfe2-8a984ed62158,2026-07-26T15:36:37.816+00:00,concluido,214.5,autorizado,4420,23260744192642000105650020000044201452685906
4ea66757-d4ba-43d2-9c10-e23895b370b0,2026-07-27T19:29:52.316+00:00,concluido,42.9,autorizado,4685,23260744192642000105650020000046851785946815
bf838fd8-2c85-41eb-8fa3-2c93e9f4587c,2026-07-26T15:38:49.35+00:00,concluido,43.89,autorizado,4421,23260744192642000105650020000044211622729671
b4ae6a30-47c7-48ee-bf8a-c3e8a37c1657,2026-07-27T19:29:52.553+00:00,cancelado,0,pendente,,
c9b8515b-bc43-4a02-8653-8824159083da,2026-07-26T15:40:41.312+00:00,concluido,170,pendente,,
d91a274f-52bc-4a9d-8eee-82562fa189c0,2026-07-26T15:54:50.874+00:00,cancelado,150,pendente,,
c68ac39f-99a3-41c5-8940-f249f93ecc71,2026-07-27T19:35:49.512+00:00,cancelado,10,pendente,,
0ecf31e7-c385-456f-bd2d-5695b3ee80f7,2026-07-27T19:36:11.04+00:00,cancelado,6,pendente,,
6e51c69a-9f15-4f99-9fe4-24a072e4feed,2026-07-27T19:43:03.782+00:00,concluido,130,pendente,,
07d9af7a-86d7-44e9-b238-8e2c00d18cf9,2026-07-26T16:17:34.155+00:00,concluido,253,pendente,,
665bf1f7-8937-4371-8e77-7174e5f742b5,2026-07-27T19:32:04.897+00:00,concluido,139.7,rejeitado,4687,23260744192642000105650020000046871916281018
57723f60-9547-4240-980b-5a41f9e843a3,2026-07-27T19:37:09.032+00:00,concluido,188.1,autorizado,4688,23260744192642000105650020000046881249286455
70dea5dd-44ff-43aa-adef-b984e143d4fc,2026-07-26T16:28:42.661+00:00,concluido,366,pendente,,
1de3201e-5533-4431-a21b-077bb8aee740,2026-07-26T16:46:54.655+00:00,cancelado,30,pendente,,
9e9566ad-c8cc-4114-a8af-07b791f2c502,2026-07-26T16:48:52.918+00:00,cancelado,95,pendente,,
d0a5c11d-5a91-4f0d-8012-a30d8b2f270e,2026-07-26T16:49:31.193+00:00,cancelado,130,pendente,,
5b76bf8c-2d82-4ff1-8106-2ad49934d6f3,2026-07-26T16:53:07.163+00:00,cancelado,10,pendente,,
1fb187d5-d5db-4707-969f-26d666cc912f,2026-07-26T16:35:12.017+00:00,cancelado,10,pendente,,
4c94247e-60c0-4022-b1ef-262503aa77f0,2026-07-26T16:39:51.023+00:00,cancelado,10,pendente,,
3e57c0dd-a464-434d-ac6d-05e26ab3d38a,2026-07-27T19:32:45.277+00:00,concluido,2962.5,autorizado,4686,23260744192642000105650020000046861423893035
7783c648-6d87-4033-b760-20c5f56894f4,2026-07-26T16:41:30.582+00:00,cancelado,10,pendente,,
ce0bfec2-fc24-431e-89e0-47f8caa2f53d,2026-07-26T16:47:03.097+00:00,cancelado,10,pendente,,
8364d6b7-0a82-40eb-8055-537ec56b7b56,2026-07-26T16:48:59.763+00:00,cancelado,10,pendente,,
3e5b8262-4d14-4258-b669-72016746de3d,2026-07-26T16:49:59.435+00:00,cancelado,10,pendente,,
26565193-74eb-4eb1-8ce4-45efa972c26d,2026-07-26T16:52:59.724+00:00,cancelado,150,pendente,,
52f4a13c-5ef7-49a5-a1f6-888cf55d05d8,2026-07-26T16:55:56.193+00:00,cancelado,21,pendente,,
43b3ac6e-8bc6-4541-ad77-e263005a1dad,2026-07-26T16:56:02.564+00:00,cancelado,26,pendente,,
6e0c894e-1afe-4608-85f2-c26dfc0b5deb,2026-07-26T16:58:48.799+00:00,cancelado,10,pendente,,
90ec24bc-40fd-4f55-85be-cc5339f350fa,2026-07-26T17:03:55.287+00:00,cancelado,0,pendente,,
e93ad266-cb72-47fd-a82a-ba3245ec090b,2026-07-26T17:05:13.558+00:00,cancelado,0,pendente,,
aa09d704-d679-4f35-9002-62d82bc5b27e,2026-07-26T17:05:31.002+00:00,cancelado,10,pendente,,
49e73fd9-2401-4bf0-be3e-659f96c058fe,2026-07-26T17:08:26.005+00:00,cancelado,10,pendente,,
6330c0d5-9308-4aae-ae12-122b560526ec,2026-07-27T19:46:47.651+00:00,concluido,519.2,rejeitado,4690,23260744192642000105650020000046901721611219
117fd463-e65a-4016-b67a-b11bbd248948,2026-07-26T17:03:40.296+00:00,cancelado,0,pendente,,
1bc89b97-2703-4dde-9a4b-e3ce8c46ebf5,2026-07-26T17:07:01.997+00:00,cancelado,10,pendente,,
2767fbd3-fea5-418d-af5c-323523c9aced,2026-07-26T17:11:26.11+00:00,concluido,672.1,pendente,,
4e4ea60e-5a68-4339-8bb5-cbc1f64e88ef,2026-07-26T17:14:00.805+00:00,cancelado,10,pendente,,
3cb6e112-d296-4970-b68f-06e40a41de58,2026-07-13T16:35:01.752+00:00,concluido,127,autorizado,3713,23260744192642000105650020000037131907310326
8b5280f5-8873-41a4-9dc4-053bcd4270a5,2026-07-26T17:15:12.126+00:00,cancelado,140,pendente,,
3f519724-be91-4fd3-bd15-53460906f7a6,2026-07-26T17:15:21.368+00:00,cancelado,7,pendente,,
75d16441-46c8-443a-9478-bf8cc9ec989f,2026-07-13T16:58:48.156+00:00,concluido,400,pendente,,
8c32f91c-0ee5-4fa3-88ec-d509dc5191a9,2026-07-13T17:12:34.583+00:00,concluido,311.3,rejeitado,3720,23260744192642000105650020000037201250068231
728f9d6c-c026-477a-bac2-93fc4822560a,2026-07-13T16:50:26.892+00:00,concluido,378.4,rejeitado,3714,23260744192642000105650020000037141292745358
3a4fbaf1-2b8d-46c7-8578-73222e39c8fc,2026-07-13T16:58:21.11+00:00,concluido,189,rejeitado,3715,23260744192642000105650020000037151527093557
bfd7e7c3-cd0d-477b-a728-b3013ab0eeff,2026-07-13T17:20:15.772+00:00,concluido,220,autorizado,3723,23260744192642000105650020000037231421005737
eefdbe4f-e0f6-48d1-97e6-f3258b4b20e9,2026-07-13T17:29:04.422+00:00,concluido,137.5,autorizado,3725,23260744192642000105650020000037251754055385
78463d03-c4f2-4196-bc23-324188c73016,2026-07-13T17:33:09.869+00:00,concluido,210.1,autorizado,3726,23260744192642000105650020000037261911688450
806d1da2-0c5b-4db7-8cd1-2b4e23e4dda9,2026-07-13T16:59:08.571+00:00,concluido,173,pendente,,
c378d70c-4677-4900-9c7e-9025b8a091d7,2026-07-13T16:59:36.754+00:00,concluido,256.3,autorizado,3716,23260744192642000105650020000037161248309410
a3f8ab3d-8861-4a35-8d84-9e24a36b08d5,2026-07-13T17:05:40.44+00:00,concluido,77,rejeitado,3717,23260744192642000105650020000037171120792775
4ee424f5-33e1-4b19-bb56-307c75361d0c,2026-07-13T17:23:45.409+00:00,concluido,146,autorizado,3724,23260744192642000105650020000037241936981920
d5df974e-c621-49ff-a828-194f546be5cd,2026-07-13T17:57:38.023+00:00,concluido,83.6,pendente,,
27974700-027f-4f70-8664-58d27e4faf9b,2026-07-13T17:06:19.224+00:00,concluido,242,autorizado,3718,23260744192642000105650020000037181751072632
16b95d94-e064-4ec8-add1-60c9e88c13f0,2026-07-13T17:07:02.282+00:00,concluido,144.1,autorizado,3719,23260744192642000105650020000037191779186877
43cbb72a-833b-425f-87e8-9bf270cbc3b8,2026-07-13T17:12:43.933+00:00,cancelado,0,pendente,,
7e69e006-099d-4e94-be49-97c271bc24ef,2026-07-26T17:15:44.525+00:00,cancelado,10,pendente,,
f2b6aefd-d484-4ac7-879c-7ab83a995166,2026-07-13T17:13:46.556+00:00,concluido,197.78,autorizado,3721,23260744192642000105650020000037211664548804
aedaf4d4-0605-4a83-a939-be25e8ad33ae,2026-07-13T17:18:52.901+00:00,concluido,475.2,autorizado,3722,23260744192642000105650020000037221742616105
71506824-eb66-4ceb-a4dd-9a7a93d00c96,2026-07-13T17:39:23.962+00:00,concluido,491.7,autorizado,3727,23260744192642000105650020000037271474155996
42139129-a7f1-4203-bcc2-27e52004ba6a,2026-07-26T17:15:22.28+00:00,concluido,165,autorizado,4422,23260744192642000105650020000044221900966487
185e3457-47d0-45cf-8f19-7b96d8d7f170,2026-07-13T17:41:01.64+00:00,concluido,127.6,autorizado,3728,23260744192642000105650020000037281914667172
e9fde75b-d8a4-4622-bd99-05b99ea0dca6,2026-07-26T17:15:36.764+00:00,cancelado,27,pendente,,
6c875107-b7d2-4d92-8a27-0b81661dd94a,2026-07-26T17:17:44.251+00:00,cancelado,0,pendente,,
98bdfabc-05ef-44a6-ba23-e72ccdcd9f8a,2026-07-13T17:46:44.944+00:00,concluido,148.5,autorizado,3729,23260744192642000105650020000037291260606240
cdd710db-0e99-4504-a823-4b83ce12d7d2,2026-07-13T17:51:18.101+00:00,concluido,144.1,autorizado,3731,23260744192642000105650020000037311957345547
690cd833-05df-423c-b568-84aa0a159761,2026-07-26T17:19:40.621+00:00,cancelado,10,pendente,,
0058545f-f576-43d4-b310-b9eb3098308c,2026-07-13T17:53:48.21+00:00,concluido,363,autorizado,3732,23260744192642000105650020000037321531484124
a2add6c1-cc01-4de1-bbf0-57ac4f1df653,2026-07-13T17:55:28.14+00:00,concluido,280.5,autorizado,3735,23260744192642000105650020000037351933204667
593cd999-663c-4ee7-8ba6-b5d9e4d60a7e,2026-07-13T17:41:07.24+00:00,concluido,265.1,autorizado,3730,23260744192642000105650020000037301440357230
e0959d12-7d4f-4b69-8706-01e7581f3e66,2026-07-13T17:53:53.77+00:00,concluido,184.8,autorizado,3733,23260744192642000105650020000037331148939960
e50437e6-7000-4f10-b62a-1035f56467fd,2026-07-13T17:59:07.537+00:00,concluido,244.2,pendente,,
8865c949-b5e7-4fa5-b8c4-db910a6b3fd4,2026-07-13T18:12:55.552+00:00,concluido,207.9,autorizado,3745,23260744192642000105650020000037451987847562
3c9db440-2563-4b47-9a3d-eb1b5f9df49f,2026-07-13T18:27:08.133+00:00,concluido,159.28,autorizado,3752,23260744192642000105650020000037521560561290
34ca3b2d-b58a-4942-8c7e-4cbd792db744,2026-07-13T17:54:42.16+00:00,concluido,254.1,autorizado,3734,23260744192642000105650020000037341768040392
9dd6aec0-0569-446e-a1c2-d5eb71ed451c,2026-07-13T17:57:00.888+00:00,concluido,202.4,autorizado,3736,23260744192642000105650020000037361923554760
a18c7816-23e1-420c-8131-e527833beeca,2026-07-13T17:58:03.76+00:00,concluido,113.3,autorizado,3737,23260744192642000105650020000037371409552060
a58a1eb9-3b7c-481d-b128-f2423e885574,2026-07-13T18:19:57.797+00:00,concluido,58.3,autorizado,3748,23260744192642000105650020000037481935319702
947b78ea-b59b-4463-85b4-f0c49ab1fa20,2026-07-13T18:24:22.324+00:00,concluido,101.2,autorizado,3750,23260744192642000105650020000037501315053020
8187d501-8f07-493b-ad69-5f43132cc532,2026-07-13T17:58:34.818+00:00,concluido,210.1,autorizado,3738,23260744192642000105650020000037381659451846
59c691d6-3c5b-4bf8-806f-39d3f86c3162,2026-07-13T17:59:49.138+00:00,cancelado,28,pendente,,
bdc695f5-0d24-4dfe-9974-a658b8972794,2026-07-13T18:00:05.672+00:00,concluido,203.5,autorizado,3739,23260744192642000105650020000037391519459159
116252d4-7b6d-464a-b97e-a0b3bf29048c,2026-07-13T18:04:11.966+00:00,cancelado,120,pendente,,
aa187359-ecb4-4cc2-a518-ee657da888fb,2026-07-13T18:07:27.443+00:00,concluido,155.1,autorizado,3741,23260744192642000105650020000037411516961722
464a03ff-0cb3-49a1-9d7b-c545551dcab0,2026-07-13T18:10:50.941+00:00,concluido,680.9,autorizado,3743,23260744192642000105650020000037431392848312
fd93960f-ea0d-4bb3-adeb-7c86a76358e0,2026-07-13T18:01:31.988+00:00,concluido,177.1,autorizado,3740,23260744192642000105650020000037401664116004
b45b6c16-1f9a-45f8-a57a-579e80ea14de,2026-07-13T18:08:43.944+00:00,concluido,165,rejeitado,3742,23260744192642000105650020000037421108240744
3ea9618f-2dcf-44d3-9d82-26fbe6ee4e59,2026-07-13T18:15:53.605+00:00,concluido,272.8,autorizado,3746,23260744192642000105650020000037461144632095
7ac838b9-ea01-4e88-bbe5-c26c13e76e27,2026-07-26T17:18:00.326+00:00,cancelado,0,pendente,,
ae3223f2-044c-4789-a0a7-0a166ad77e2e,2026-07-26T17:23:49.073+00:00,cancelado,10,pendente,,
a17fc20c-5f42-4c47-a598-9c50e00197b7,2026-07-26T17:28:03.664+00:00,cancelado,10,pendente,,
86904cad-f981-4c0f-913b-49e46540c240,2026-07-26T17:29:57.674+00:00,cancelado,130,pendente,,
62ca64f2-7849-451a-9989-70051a4061a1,2026-07-13T18:11:52.688+00:00,concluido,190.3,autorizado,3744,23260744192642000105650020000037441735836739
e40c15b6-c77f-49c9-a935-811f964ac517,2026-07-26T17:17:33.684+00:00,concluido,425.15,autorizado,4423,23260744192642000105650020000044231874412138
2f861848-064d-4762-8cab-da32e70dfb6e,2026-07-13T18:18:24.114+00:00,concluido,339.9,autorizado,3747,23260744192642000105650020000037471212170516
4e61e8cf-96c4-4267-a6d7-6166f8c95c69,2026-07-26T17:26:11.592+00:00,cancelado,10,pendente,,
9295ea9c-bd7b-4244-ae71-0f218567b0cf,2026-07-26T17:29:41.611+00:00,cancelado,0,pendente,,
6b106145-f422-45b8-ab59-894d8ff8599a,2026-07-26T17:30:13.925+00:00,cancelado,185,pendente,,
96ab2e9b-5f71-4a30-b60c-f822678e24b5,2026-07-26T17:31:40.117+00:00,cancelado,185,pendente,,
c817bd86-fbfa-47d4-8f74-ec7c7cd39003,2026-07-26T17:32:41.517+00:00,concluido,31.9,autorizado,4426,23260744192642000105650020000044261286372692
7a473b29-dc28-4f79-a59a-37133c64a5cf,2026-07-13T18:23:56.884+00:00,concluido,23.1,autorizado,3749,23260744192642000105650020000037491704746971
94d02a7c-409a-4d01-9975-636e8dc2eb2b,2026-07-13T18:25:18.896+00:00,concluido,107.8,autorizado,3751,23260744192642000105650020000037511841498536
f78c7025-215a-4eb3-8b3c-f1aebcf55e88,2026-07-26T17:21:07.691+00:00,concluido,442.2,autorizado,4424,23260744192642000105650020000044241131027067
9b5fda55-3f2d-4342-9462-8854463d1112,2026-07-26T17:21:49.547+00:00,cancelado,10,pendente,,
9fe1c1e8-e507-4b75-bf42-614d15449348,2026-07-13T18:28:00.393+00:00,concluido,144.1,autorizado,3753,23260744192642000105650020000037531221100603
44032971-a667-4786-9869-67203eb7422a,2026-07-26T17:24:47.834+00:00,concluido,121.1,autorizado,4425,23260744192642000105650020000044251183411736
0b52375f-c96e-45cc-8393-cd868f281ee2,2026-07-26T17:24:52.592+00:00,cancelado,45,pendente,,
1ca7ebe7-f8f4-4559-a165-3451a2d6a64c,2026-07-26T17:30:06.685+00:00,cancelado,25,pendente,,
7f4b3915-8d35-4043-92e2-309f3fe7a6b1,2026-07-26T17:30:23.143+00:00,cancelado,155,pendente,,
4f3d47fc-7240-47e0-919e-bc150ad3c5fc,2026-07-26T17:32:21.89+00:00,cancelado,16,pendente,,
9d94f581-e74c-46d5-923b-5344eedf7059,2026-07-26T17:37:52.933+00:00,cancelado,10,pendente,,
08026f3d-c68b-487c-a1a7-ec90fdc35c1b,2026-07-26T17:40:29.407+00:00,cancelado,10,pendente,,
b2961486-e4d6-4bba-bd48-852f6f9eb54e,2026-07-27T19:49:46.778+00:00,concluido,131.89,autorizado,4692,23260744192642000105650020000046921112308570
ab992e2b-26c3-4c31-813f-dd612081c3f3,2026-07-13T18:28:25.929+00:00,concluido,304.7,autorizado,3754,23260744192642000105650020000037541954853414
d6919ebd-f49b-451e-9f9a-a5ddaf3e3623,2026-07-26T17:30:35.723+00:00,cancelado,10,pendente,,
e4615085-4a03-42d7-840c-26558e5b3c26,2026-07-26T17:32:28.076+00:00,cancelado,10,pendente,,
06fde448-ea64-417c-bb4b-0e74264f724d,2026-07-13T18:35:43.955+00:00,concluido,301.18,autorizado,3759,23260744192642000105650020000037591792606588
bb7e2b56-8144-4778-8044-8e33f0f886d8,2026-07-13T18:43:24.119+00:00,concluido,300.3,autorizado,3763,23260744192642000105650020000037631808793266
5f47ee7d-aef3-42a1-b358-df4fe190a723,2026-07-13T18:55:19.655+00:00,concluido,287.1,autorizado,3774,23260744192642000105650020000037741747502392
917371a4-e6c4-49d2-815f-59367d18f787,2026-07-13T18:55:22.591+00:00,cancelado,7,pendente,,
981fc093-f41d-42f8-a6e8-10a236cef04b,2026-07-13T18:56:39.498+00:00,cancelado,7,pendente,,
f7d2754f-61fb-436f-8fc6-6777aca7d94d,2026-07-13T18:29:23.074+00:00,concluido,188.1,autorizado,3755,23260744192642000105650020000037551728712624
414249f5-d774-4ec1-aa83-724197f87b18,2026-07-13T18:30:53.236+00:00,concluido,229.9,autorizado,3756,23260744192642000105650020000037561511085242
5a391952-35fb-4cc2-934e-4f05037521ad,2026-07-13T18:31:03.929+00:00,cancelado,13,pendente,,
4ae430c7-805b-4f85-a9c0-4d27907a661c,2026-07-13T18:31:58.714+00:00,cancelado,15,pendente,,
da4f9ab2-d5a5-4751-8c7f-219b1e17c117,2026-07-13T18:32:13.876+00:00,cancelado,6,pendente,,
4177c23c-1274-46e1-aa3b-15f0882d79f2,2026-07-13T18:33:49.393+00:00,concluido,503.8,autorizado,3757,23260744192642000105650020000037571793418837
9aa517ba-4a42-4569-a3bd-cd1786463999,2026-07-13T18:40:04.121+00:00,cancelado,30,pendente,,
2d239930-7721-46c9-a8c4-3cfd1cb5557c,2026-07-13T18:52:28.056+00:00,concluido,305.36,autorizado,3769,23260744192642000105650020000037691731551682
a9d3331e-60b2-4d00-b586-1948d26bdef7,2026-07-13T18:34:00.168+00:00,concluido,210.1,autorizado,3758,23260744192642000105650020000037581368719144
17ef984d-7ee5-4bee-8f5f-c73e16012fb1,2026-07-13T18:42:15.626+00:00,cancelado,30,pendente,,
927ffda0-d354-4da2-8ae0-44e2a63aedeb,2026-07-26T17:33:20.481+00:00,concluido,184.8,pendente,,
71bb869f-be8d-4080-b537-67139891ade8,2026-07-13T18:47:51.471+00:00,concluido,112.2,autorizado,3766,23260744192642000105650020000037661636560856
0a323049-334c-4e4b-9c85-12e8d69d02ff,2026-07-27T19:47:47.701+00:00,concluido,741.4,autorizado,4691,23260744192642000105650020000046911554092087
ebd7a680-c7ed-4617-b211-a56bb6f4771e,2026-07-27T19:54:49.088+00:00,concluido,184.8,autorizado,4697,23260744192642000105650020000046971125373150
4a103ee6-72ff-47c9-9c25-1a5436c9143c,2026-07-26T17:43:11.649+00:00,cancelado,10,pendente,,
7854a07c-975b-4648-b985-ef2f63409071,2026-07-13T18:36:49.232+00:00,concluido,168.3,autorizado,3760,23260744192642000105650020000037601623350277
76caa5f5-f800-4fe4-9a7d-5ead6cd73d51,2026-07-26T17:44:27.219+00:00,cancelado,10,pendente,,
6f05df0f-62b1-48ed-ba1e-e1c31d8f8a0d,2026-07-13T18:38:56.508+00:00,concluido,147.29,autorizado,3761,23260744192642000105650020000037611130057839
bb50a812-df5e-4b4a-b4a3-8ce7c13ee2cd,2026-07-13T18:39:49.002+00:00,cancelado,74.5,pendente,,
5132ee4e-70d7-4972-b731-608a1097e039,2026-07-13T18:41:36.654+00:00,concluido,299.2,autorizado,3762,23260744192642000105650020000037621790407397
e47a844c-9779-4afe-8303-6a9b14c9d79c,2026-07-13T18:51:11.919+00:00,cancelado,5,pendente,,
f2f5100f-30f6-4a1c-ad6b-534d2b5798b7,2026-07-13T18:52:33.932+00:00,concluido,204.6,autorizado,3770,23260744192642000105650020000037701142103236
b0d52567-f5e4-4710-9684-c2f5881f57ec,2026-07-13T18:53:20.003+00:00,cancelado,25,pendente,,
319bb4b7-aa21-4770-a2eb-9f858f2a2adf,2026-07-13T18:45:05.862+00:00,concluido,151.8,autorizado,3764,23260744192642000105650020000037641852744671
a314419a-ff6a-40d4-ab8d-6682f3c5bac0,2026-07-13T18:49:34.18+00:00,concluido,497.09,autorizado,3768,23260744192642000105650020000037681263608683
800ca656-652c-4261-a301-74babe34d2d7,2026-07-13T18:50:48.793+00:00,cancelado,15,pendente,,
6cc30595-6f62-47b6-8bdb-877e7e579b62,2026-07-13T18:51:02.471+00:00,cancelado,10,pendente,,
5afbbb28-943e-4a44-b469-2cf96c39d83d,2026-07-13T18:53:09.554+00:00,concluido,193.6,autorizado,3771,23260744192642000105650020000037711175590192
9072d7ac-1b91-4965-909d-4f27afa08e07,2026-07-13T18:54:49.973+00:00,cancelado,20,pendente,,
74d7600c-6231-4646-a529-4769b9fdd6b3,2026-07-13T19:01:10.705+00:00,concluido,394.9,autorizado,3779,23260744192642000105650020000037791432665062
5ce6391b-0aaf-4534-a6a9-9c793a51f5a9,2026-07-13T19:01:20.273+00:00,concluido,167.2,autorizado,3780,23260744192642000105650020000037801991051148
a47afde1-e5d7-4062-8dd5-fda60512d3b1,2026-07-13T18:46:55.956+00:00,concluido,284.9,autorizado,3765,23260744192642000105650020000037651932068750
a40e6337-a249-4199-8f29-b1c03cf4d064,2026-07-26T17:44:36.619+00:00,cancelado,160,pendente,,
2ce8f37d-f0fb-4264-ae6a-9274bda3882f,2026-07-13T18:48:15.308+00:00,concluido,220,autorizado,3767,23260744192642000105650020000037671781386630
d5d1d89b-2a35-48b4-803c-fbda2a8433a6,2026-07-13T19:02:06.863+00:00,cancelado,44.7,pendente,,
f0b7f2a2-461b-4da4-9f1c-31e076dee058,2026-07-26T17:45:47.998+00:00,cancelado,10,pendente,,
6276c8b2-2e4e-4402-a4fe-312600a54eaa,2026-07-13T19:24:19.401+00:00,concluido,474,autorizado,3789,23260744192642000105650020000037891165754146
43aa48a2-263f-4303-b024-f7cd33850e24,2026-07-26T17:58:45.052+00:00,cancelado,7,pendente,,
838f808e-9712-452a-9bb9-e63ee73fe2d6,2026-07-13T19:30:43.559+00:00,concluido,118,autorizado,3791,23260744192642000105650020000037911221809212
875cf9c7-ff8f-4e63-8bae-44e0c854441e,2026-07-26T18:03:54.179+00:00,cancelado,10,pendente,,
61bb13d3-9644-4554-b58b-76550b9ebdbf,2026-07-26T18:05:04.895+00:00,cancelado,15,pendente,,
307330bf-ff88-41ff-a4f4-d7e85a7d76ba,2026-07-26T18:09:09.055+00:00,cancelado,10,pendente,,
0dacca3d-8b0e-4802-bae6-e20040e1f6c8,2026-07-13T18:53:55.843+00:00,concluido,226.6,autorizado,3772,23260744192642000105650020000037721250282906
4c5561b0-687f-4a31-9e6a-ff7c8e407aa6,2026-07-26T17:48:32.115+00:00,cancelado,180,pendente,,
812eee6e-5381-4697-89d6-712a9b09cf0f,2026-07-13T18:54:49.522+00:00,concluido,144.1,autorizado,3773,23260744192642000105650020000037731249986668
2ddd297f-3abf-4a3e-b1b8-b3b12f2645c3,2026-07-13T18:56:10.784+00:00,cancelado,24,pendente,,
b2f60e1c-6173-421f-9d0b-456aaeffde4e,2026-07-13T18:57:58.039+00:00,concluido,184.8,autorizado,3776,23260744192642000105650020000037761795600999
2143782b-cbed-4554-826d-16da492e83cb,2026-07-13T18:59:00.222+00:00,concluido,315.7,autorizado,3777,23260744192642000105650020000037771538471860
4a88a806-9a9b-4eed-ac5b-42f56c263414,2026-07-26T17:55:12.079+00:00,cancelado,10,pendente,,
eb8be8ab-2c80-496e-bd4a-208dff2626d0,2026-07-26T17:56:02.703+00:00,cancelado,0,pendente,,
55c53a81-6b16-4e0a-8432-0dd476ec540b,2026-07-26T18:06:54.707+00:00,cancelado,10,pendente,,
a67118a9-924e-4cd3-8cf5-cccc43bb8178,2026-07-26T17:29:06.047+00:00,concluido,137.5,rejeitado,4427,23260744192642000105650020000044271603440827
e5022f1c-5801-4d25-bce9-17c8a59ea4a9,2026-07-13T18:57:01.871+00:00,concluido,190.3,autorizado,3775,23260744192642000105650020000037751377560331
db14ee19-378b-4488-a7b6-55bf8b88d523,2026-07-26T17:48:07.136+00:00,cancelado,10,pendente,,
d534904e-1dee-49a5-9a6c-c3b001780f41,2026-07-26T17:50:22.382+00:00,cancelado,10,pendente,,
fd548f34-3fc9-4d92-af21-6649230a3c0c,2026-07-26T17:57:59.674+00:00,cancelado,0,pendente,,
2e199b45-f713-41ba-804a-0f274d47ce39,2026-07-26T17:58:55.854+00:00,cancelado,16,pendente,,
7a1d07eb-90b2-4c8d-9898-2330caa2aabb,2026-07-26T18:00:36.365+00:00,cancelado,10,pendente,,
70dbb1fc-a632-46f7-8281-5401be154fe5,2026-07-26T18:05:12.641+00:00,cancelado,10,pendente,,
5007a39b-e05c-4d21-8c18-2e13f161cef3,2026-07-26T18:08:38.959+00:00,cancelado,10,pendente,,
cac392f1-b8a0-4a80-8635-a69f041e62e5,2026-07-26T18:10:38.519+00:00,concluido,473,autorizado,4429,23260744192642000105650020000044291418166310
71450e63-65ac-409d-a8fa-bbf73a94b0d5,2026-07-13T19:00:08.197+00:00,concluido,200.2,autorizado,3778,23260744192642000105650020000037781307806988
1aeadd46-aa8e-4643-8683-b1ba8372da3b,2026-07-26T17:53:36.043+00:00,cancelado,10,pendente,,
9ed7bc9e-21b9-4c23-9d66-8e6fdd56a3ac,2026-07-26T18:10:53.83+00:00,cancelado,0,pendente,,
d729114b-055e-4672-95a2-08e9544a9b7c,2026-07-26T18:12:16.525+00:00,cancelado,10,pendente,,
00d8351f-d0fc-404f-ab80-d87b2b967966,2026-07-13T19:04:18.187+00:00,concluido,200.2,autorizado,3781,23260744192642000105650020000037811862411528
c4bf8ec8-5bfe-4f9d-86f0-86d94bb471c8,2026-07-26T18:13:14.65+00:00,cancelado,10,pendente,,
476c9a32-b65a-4c82-b733-b00d94c78c77,2026-07-13T19:31:42.404+00:00,concluido,245.3,autorizado,3792,23260744192642000105650020000037921522705332
642b0607-0fa9-4496-9bee-0fe9b8280b46,2026-07-13T19:35:46.129+00:00,concluido,299.2,autorizado,3795,23260744192642000105650020000037951661286632
1ddae750-1ebe-4e89-a256-6442feddedc2,2026-07-13T19:06:23.348+00:00,concluido,85.8,rejeitado,3783,23260744192642000105650020000037831899306714
c61cd82a-b76a-467b-9f58-a2957e64ab00,2026-07-26T17:56:40.012+00:00,cancelado,10,pendente,,
7a544e13-4c7f-410d-81f2-d71185d74ba5,2026-07-13T19:11:45.393+00:00,concluido,188,autorizado,3787,23260744192642000105650020000037871602014042
9e5654a0-e189-48c4-b1a5-fba9387cc65a,2026-07-26T18:02:16.941+00:00,cancelado,10,pendente,,
7dfcfc93-4aa5-48a4-a687-504b81acefee,2026-07-26T18:12:33.024+00:00,cancelado,45,pendente,,
4abf30d7-751d-4af7-b229-0dd618df2029,2026-07-26T18:14:46.206+00:00,cancelado,10,pendente,,
a1415222-733a-48dd-a9e8-66e636d0f035,2026-07-13T19:36:25.164+00:00,concluido,187,autorizado,3796,23260744192642000105650020000037961476672120
f519d6f7-e153-446b-8fa4-1a12307a5f9e,2026-07-13T19:36:32.54+00:00,concluido,323.4,autorizado,3797,23260744192642000105650020000037971842083029
1a1214d0-5bef-4f1f-8915-e68a1f739a87,2026-07-20T17:07:10.621+00:00,cancelado,10,pendente,,
daaac2b3-4f29-4c60-afac-492af2db5dfa,2026-07-13T19:08:39.625+00:00,concluido,174.9,rejeitado,3784,23260744192642000105650020000037841766816786
eb7d8d86-e6a2-4359-a8a9-5b1eaea684dd,2026-07-13T19:14:06.477+00:00,concluido,415.7,autorizado,3788,23260744192642000105650020000037881161328498
12b38c0f-2ad4-4d3f-8945-6f8b9724695a,2026-07-27T19:58:36.01+00:00,cancelado,242.88,autorizado,4693,23260744192642000105650020000046931245976821
f67d3e95-f71a-4f94-8f33-21ce0e5f83e7,2026-07-13T19:10:04.88+00:00,concluido,147.4,autorizado,3785,23260744192642000105650020000037851912730337
2299f6a4-2afe-4e5f-9a88-c9374fb8318c,2026-07-26T18:09:27.134+00:00,concluido,269.5,autorizado,4428,23260744192642000105650020000044281987996301
ef9ec608-8d5d-4408-9847-05db2d974f9b,2026-07-13T19:10:39.553+00:00,concluido,266.2,autorizado,3786,23260744192642000105650020000037861468315384
abaed131-f7c9-4683-801c-c4829a942693,2026-07-26T18:10:13.562+00:00,cancelado,10,pendente,,
1e3af8c9-c93a-4ce4-9479-fe8a60e054f6,2026-07-26T18:10:25.429+00:00,cancelado,10,pendente,,
ac7f53d1-4a11-425a-9a8e-f0c9f877d0df,2026-07-27T20:05:11.013+00:00,concluido,53.9,autorizado,4696,23260744192642000105650020000046961912510852
362802a1-3f31-4663-80de-e68f187a7521,2026-07-13T19:12:07.243+00:00,concluido,215,pendente,,
c865019d-fbb5-437b-af7d-2282a86ae21e,2026-07-26T18:13:08.232+00:00,concluido,143,pendente,,
49711a22-b81b-4aba-9791-0c527b6993f9,2026-07-13T19:29:10.878+00:00,concluido,400.4,autorizado,3790,23260744192642000105650020000037901208497922
2d7499df-09ff-4c19-9201-de8157ebaeff,2026-07-26T18:13:58.017+00:00,cancelado,10,pendente,,
a5ef7fe1-88ed-45e1-988e-5624080b7bfc,2026-07-13T19:47:35.872+00:00,concluido,242,autorizado,3807,23260744192642000105650020000038071220939769
472209c5-f510-492f-af24-fccf4498704e,2026-07-26T18:16:29.43+00:00,cancelado,10,pendente,,
0d0ed0fa-9acb-4008-8b7c-5a67dc2262ad,2026-07-13T19:34:35.195+00:00,concluido,93.5,autorizado,3793,23260744192642000105650020000037931343376790
d2a0ec00-ba52-4a9c-9d81-a83fc6a70608,2026-07-13T19:35:22.272+00:00,concluido,485.21,autorizado,3794,23260744192642000105650020000037941327482499
8bd6feb1-ff09-4f92-99a6-dea534b0a70f,2026-07-13T19:42:13.184+00:00,concluido,180.4,pendente,,
dce70de0-87de-4914-ae75-92ce02f036a8,2026-07-13T19:44:24.346+00:00,concluido,415.8,autorizado,3805,23260744192642000105650020000038051138080470
0dd12170-124e-4628-81a3-99e24bc25fcc,2026-07-13T19:37:11.327+00:00,concluido,269.17,autorizado,3798,23260744192642000105650020000037981576205420
a14ab576-426e-43ee-8c5c-a82ea43485dc,2026-07-13T19:41:43.468+00:00,concluido,356.4,autorizado,3803,23260744192642000105650020000038031345012165
20d54586-5d88-4976-8963-17ad472d1c52,2026-07-26T18:14:58.085+00:00,concluido,38.39,autorizado,4430,23260744192642000105650020000044301567694017
52c977c4-6d93-4d10-936c-d7c0b4be8590,2026-07-26T18:22:42.87+00:00,cancelado,10,pendente,,
245bf1b7-2f3c-404c-a836-151393575d00,2026-07-13T19:38:05.008+00:00,concluido,94.1,autorizado,3799,23260744192642000105650020000037991431233501
82ffd4bf-1085-4148-b89a-a9f41535f665,2026-07-26T18:17:24.222+00:00,cancelado,0,pendente,,
6f2864f7-0f51-4883-b025-f1b6399feb06,2026-07-13T19:39:28.156+00:00,concluido,692,autorizado,3801,23260744192642000105650020000038011258535491
f3b4f769-8bc1-456d-82a4-10f67070584e,2026-07-26T18:17:58.265+00:00,cancelado,0,pendente,,
d4788976-c0b2-4f00-91c9-4df065517e9d,2026-07-26T18:21:24.881+00:00,cancelado,10,pendente,,
af06c2e1-a195-46b2-8475-f65c90d75c8b,2026-07-13T19:42:08.751+00:00,cancelado,256,autorizado,3804,23260744192642000105650020000038041980750000
ad16388b-7645-4a4a-a647-8e2493c96b5e,2026-07-13T19:49:41.389+00:00,cancelado,60.50000000000001,pendente,,
d3be45fe-acaf-474e-9f87-bed54aae0f84,2026-07-13T19:39:12.418+00:00,concluido,414.7,autorizado,3800,23260744192642000105650020000038001654961410
94caecab-cea4-47c4-b791-700457557b4c,2026-07-13T19:41:15.03+00:00,concluido,88,autorizado,3802,23260744192642000105650020000038021738458986
284167f1-7410-4d02-b405-4b4fdd36c59e,2026-07-13T19:46:40.159+00:00,concluido,272.8,autorizado,3806,23260744192642000105650020000038061452588984
585fed39-a878-44ba-9a20-33b0308e5a92,2026-07-13T19:48:11.845+00:00,concluido,149.6,pendente,,
26b2bc7c-699e-457f-9a85-11f9d3f618f1,2026-07-13T19:52:23.422+00:00,concluido,720.5,autorizado,3808,23260744192642000105650020000038081140194977
ed203b05-6b2f-4d66-97e9-4a9ea932b25c,2026-07-26T18:16:40.523+00:00,concluido,188.1,autorizado,4431,23260744192642000105650020000044311709320798
524eeeb1-d817-4038-b355-e7fd0cf93c44,2026-07-13T19:54:21.92+00:00,concluido,326.7,autorizado,3809,23260744192642000105650020000038091598027598
6ae7c47b-3335-49ee-811a-081231e76977,2026-07-13T19:55:42.611+00:00,concluido,441,autorizado,3810,23260744192642000105650020000038101480768099
2b00a486-bd51-4122-8d11-7b2ed86413c5,2026-07-26T18:22:41.026+00:00,concluido,221.54,autorizado,4432,23260744192642000105650020000044321532841360
438e41ba-65da-4d2a-9a74-c93b056bb72d,2026-07-26T18:23:02.534+00:00,cancelado,27,pendente,,
c602cce0-1bdd-4ed5-af5f-2867e55bbc7c,2026-07-26T18:23:11.686+00:00,cancelado,25,pendente,,
d21b12c1-90de-4452-99cf-0b7940140346,2026-07-26T18:23:44.633+00:00,cancelado,10,pendente,,
ecb894d3-b39e-443d-9ab2-9f982e63e73f,2026-07-26T18:24:45.832+00:00,cancelado,10,pendente,,
ce99eb2a-f2d1-4612-8c5c-b00ebd604ef6,2026-07-26T18:20:19.709+00:00,concluido,424.6,pendente,,
292ca9d8-0807-49fb-9e91-355040a3ffad,2026-07-13T19:56:49.28+00:00,concluido,514.8,autorizado,3811,23260744192642000105650020000038111951007634
d58d4f0b-9cc6-403e-9d13-c4d5e9a75c42,2026-07-13T20:00:10.687+00:00,concluido,172.7,autorizado,3812,23260744192642000105650020000038121552788435
764596cb-908f-4d22-8ecf-8eab582ee3ed,2026-07-26T18:20:59.288+00:00,cancelado,10,pendente,,
25d0f566-002a-43fa-aa27-001e57ffbf16,2026-07-13T20:42:40.601+00:00,concluido,482.5,pendente,,
95015d4d-0f42-46e9-8c6d-12b263cfa2dd,2026-07-26T18:26:47.034+00:00,concluido,359.7,pendente,,
93fad088-e925-44b4-9501-6a8e8f102e7f,2026-07-13T20:01:06.78+00:00,concluido,139.7,autorizado,3813,23260744192642000105650020000038131744441562
8f1196d6-38d4-4380-9c32-7aa89e6f2634,2026-07-26T18:26:51.138+00:00,cancelado,10,pendente,,
97e1863e-bfdc-46b8-9c09-14a9b4df370e,2026-07-27T20:00:25.973+00:00,concluido,242.88,autorizado,4694,23260744192642000105650020000046941345109469
d1478f6c-aedf-4c2d-bfed-77140d7a0111,2026-07-13T20:01:48.28+00:00,concluido,1225.4,autorizado,3814,23260744192642000105650020000038141902606289
1d66ae6c-e008-4ba6-8fad-1bd815d02195,2026-07-13T20:20:07.362+00:00,concluido,0,pendente,,
0edec3ea-974b-4a9a-bda7-8eb7b3ebf9bd,2026-07-26T18:27:04.339+00:00,concluido,237.27,autorizado,4433,23260744192642000105650020000044331860672074
2ad798e1-e3f5-4584-a74d-0e60d2efd8c3,2026-07-27T20:03:08.13+00:00,cancelado,10,pendente,,
5304ccfb-c8b1-4d80-8685-8aa6e547b4f4,2026-07-27T20:13:58.603+00:00,concluido,70,pendente,,
66241bd7-c54b-4324-9c0a-f66f98965157,2026-07-26T18:28:04.378+00:00,cancelado,10,pendente,,
69db6131-f5de-43f3-bd86-f9ac782375f0,2026-07-26T18:28:54.01+00:00,concluido,205.37,autorizado,4434,23260744192642000105650020000044341730793634
ba285cce-5f51-4a26-8a88-27d4ff3f5a7e,2026-07-26T18:29:59.683+00:00,concluido,261.8,autorizado,4435,23260744192642000105650020000044351679790464
971f6e5b-eca3-41c9-aa42-59ba8d638ca2,2026-07-26T18:29:35.858+00:00,cancelado,5,pendente,,
b368ad17-2cec-4fa7-a816-087976d2e90f,2026-07-26T18:29:43.831+00:00,cancelado,24,pendente,,
c5519635-c082-4031-94c1-3a50e80a0eaf,2026-07-26T18:29:50.516+00:00,cancelado,10,pendente,,
0e0cf38e-0eae-455d-b63c-92921e45c453,2026-07-26T18:30:24.398+00:00,cancelado,10,pendente,,
baece73d-e863-45f3-8b02-d9aca407b3b4,2026-07-26T18:30:26.746+00:00,cancelado,10,pendente,,
b6ddf251-1971-45b7-b09a-2424664c64ac,2026-07-26T18:32:06.798+00:00,cancelado,130,pendente,,
48a53ebd-01f1-4470-b378-13445985bc9f,2026-07-26T18:30:44.073+00:00,cancelado,140,pendente,,
a972549b-bb02-4a03-9700-26ef229f4bb5,2026-07-15T18:14:53.812+00:00,concluido,161.7,autorizado,3832,23260744192642000105650020000038321449713420
22797d3e-07ea-4c55-b518-df532ae84482,2026-07-26T18:32:09.871+00:00,concluido,28.6,autorizado,4436,23260744192642000105650020000044361314907075
468b7686-05f3-4239-94bd-31b3248186ab,2026-07-26T18:32:12.372+00:00,cancelado,10,pendente,,
9909c9f3-f94a-4e61-ab1a-e94f9f2a852e,2026-07-26T18:32:40.497+00:00,cancelado,60,pendente,,
490abf03-93e4-42c9-ad4d-40b6c9b47240,2026-07-26T18:34:21.966+00:00,concluido,50,autorizado,4437,23260744192642000105650020000044371412851438
17174489-e171-4563-bf27-30f44183102e,2026-07-26T18:34:18.217+00:00,cancelado,0,pendente,,
d6049759-c208-4d41-9bb9-7bc7113eb5aa,2026-07-26T18:34:57.769+00:00,cancelado,20,pendente,,
fea9aba9-4f7f-4b40-a249-3601cc1bd59e,2026-07-26T18:37:21.339+00:00,cancelado,130,pendente,,
bb254e20-6b45-44e8-8127-735ee666061b,2026-07-26T18:36:56.961+00:00,cancelado,10,pendente,,
36af1ecf-f3cf-4c29-8c29-d269c89d8335,2026-07-26T18:31:52.067+00:00,cancelado,7,pendente,,
68b34a0c-1529-4601-9297-12e750944bba,2026-07-26T18:31:59+00:00,cancelado,10,pendente,,
5c8e1936-12ad-4c10-95fe-7aef2cb98491,2026-07-26T18:32:34.944+00:00,cancelado,21,pendente,,
7fb6d031-5316-4ea8-b0ff-a815e196f9bc,2026-07-26T18:33:06.011+00:00,cancelado,0,pendente,,
5aad1369-96db-434d-a5b4-8f163f4d9f3c,2026-07-26T18:34:38.97+00:00,cancelado,10,pendente,,
5b684592-9ff5-4132-9353-91febf3964b7,2026-07-30T13:59:16.401+00:00,cancelado,0,pendente,,
5af5238b-1a10-46ff-aee8-bd15648bea1b,2026-07-26T18:35:18.44+00:00,concluido,140,pendente,,
d7ae0a10-efc0-44b6-8274-353d6b0091e6,2026-07-26T18:37:31.083+00:00,cancelado,27,pendente,,
32bcd044-48c7-473a-b644-ab7124682ec5,2026-07-15T18:26:05.283+00:00,concluido,265,pendente,,
3b0a6329-2a8a-4be8-ae20-672b0e60623b,2026-07-26T18:37:36.603+00:00,cancelado,10,pendente,,
534c7e66-85bb-4656-8c28-b1db7bc66a5a,2026-07-15T18:32:27.198+00:00,concluido,133.1,autorizado,3836,23260744192642000105650020000038361276713040
f5dcdaec-1f83-41b1-85e2-fa29c802c7e8,2026-07-26T18:38:54.087+00:00,cancelado,10,pendente,,
4143c81f-4a0a-4de1-9ff6-4ab95e1fbc25,2026-07-26T18:40:55.989+00:00,concluido,200,pendente,,
35357e5c-95b7-4410-9fb6-742b2c6afd44,2026-07-30T13:59:23.405+00:00,cancelado,0,pendente,,
4264ba6b-2d63-4e2f-9ae4-1149644ff8c2,2026-07-30T13:59:36.846+00:00,cancelado,0,pendente,,
95b7aa17-b9ba-44bd-a45b-319a6d733c41,2026-07-15T18:41:18.418+00:00,concluido,75.9,autorizado,3839,23260744192642000105650020000038391142147140
a8a26d8e-2156-4cd2-920c-1dad9b62f93d,2026-07-26T18:36:04.92+00:00,concluido,275,pendente,,
c136c28a-315f-47d3-a3a6-51789adfc1a6,2026-07-26T18:37:15.074+00:00,cancelado,130,pendente,,
b0ee546d-ab39-473d-a256-fb152ded918c,2026-07-30T13:59:48.02+00:00,cancelado,0,pendente,,
faaa4f67-1914-4469-be5f-65d10a3661ea,2026-07-26T18:38:54.931+00:00,concluido,97,autorizado,4438,23260744192642000105650020000044381863895356
2986bd9f-c00b-470f-b001-c8699b7bf326,2026-07-26T18:42:00.022+00:00,concluido,40,autorizado,4439,23260744192642000105650020000044391556189575
7d55b7e1-ad76-4087-90c4-a14508d55873,2026-07-26T18:42:12.193+00:00,concluido,493.46,autorizado,4440,23260744192642000105650020000044401196997714
e0742fd5-55d3-401b-9f65-e63405456d3e,2026-07-26T18:42:41.231+00:00,cancelado,10,pendente,,
b2239029-b2eb-4a28-a89b-8d4b19aae872,2026-07-26T18:43:41.267+00:00,cancelado,10,pendente,,
f13435b6-305a-41b3-b0fd-4d6823d89665,2026-07-26T18:44:59.511+00:00,cancelado,180,pendente,,
f1224a73-ce88-48e3-a313-bb03b37b7b09,2026-07-26T18:47:31.227+00:00,cancelado,29.8,pendente,,
6c27c4ee-43fc-48fe-90b7-34d489c114bc,2026-07-30T14:00:15.133+00:00,cancelado,0,pendente,,
0399712c-90a7-49b6-863b-bf2d90de7b02,2026-07-30T14:00:50.148+00:00,cancelado,0,pendente,,
99e94de3-90fb-461d-88ea-22a63568c2ba,2026-07-26T18:39:23.909+00:00,cancelado,10,pendente,,
f1fdd04d-958d-4c3b-a7ae-b912140accc5,2026-07-26T18:47:41.612+00:00,concluido,12.2,autorizado,4443,23260744192642000105650020000044431699591345
450429fc-0a4f-4c76-9ebd-11e9b44c95ed,2026-07-26T18:47:23.536+00:00,cancelado,10,pendente,,
a65e39af-9a50-4119-9249-7ac8f2c1f902,2026-07-26T18:49:25.218+00:00,cancelado,10,pendente,,
6e7b9624-1900-4c25-830b-be955dfb476e,2026-07-26T18:42:52.397+00:00,concluido,94,autorizado,4441,23260744192642000105650020000044411418232597
a14387c5-922e-41d4-b61b-198b93d55724,2026-07-26T18:43:04.922+00:00,cancelado,10,pendente,,
664512e3-5a7f-408b-894b-d9201a7c69f4,2026-07-30T14:00:21.991+00:00,cancelado,0,pendente,,
217586a6-e512-4f3b-bc2a-ae66991764eb,2026-07-30T14:02:05.961+00:00,cancelado,0,pendente,,
34b723a1-cbb6-4dfb-ae13-36ab2c584d86,2026-07-30T14:03:22.837+00:00,cancelado,0,pendente,,
0f5080c8-c454-491e-b55b-3d7963435199,2026-07-30T14:15:55.459+00:00,cancelado,0,pendente,,
3b727139-b258-480c-836c-f4f05211161a,2026-07-30T14:16:01.44+00:00,cancelado,0,pendente,,
9b7ac608-ae3f-437a-afb5-b59470bdef58,2026-07-26T18:45:54.571+00:00,concluido,94,autorizado,4442,23260744192642000105650020000044421627072182
670f50d8-8f61-4600-a052-4a7a2b953667,2026-07-26T18:45:54.816+00:00,cancelado,10,pendente,,
7f88f27f-f696-4cc4-8bd3-3e778d8863f0,2026-07-26T18:49:04.701+00:00,cancelado,0,pendente,,
508960da-91a9-47c2-8171-f143be5218b5,2026-07-26T18:49:14.255+00:00,concluido,193.49,autorizado,4444,23260744192642000105650020000044441493923943
4aeaf2f1-456b-42ea-b40b-5558bad1973f,2026-07-26T18:50:00.67+00:00,cancelado,5,pendente,,
9de91061-7b78-440a-a4bd-4aad41f7ab1e,2026-07-26T18:49:41.937+00:00,cancelado,10,pendente,,
5c712088-a8db-4e89-b481-ce424489ed33,2026-07-26T18:50:37.207+00:00,cancelado,5,pendente,,
3dfba828-9bdd-430d-b913-0b22c7c27446,2026-07-26T18:52:27.566+00:00,concluido,176,autorizado,4447,23260744192642000105650020000044471344808257
28514a4e-3dc2-498c-8a0e-be71fdad0348,2026-07-30T14:00:36.057+00:00,cancelado,0,pendente,,
88d94f34-729c-490a-877f-4274d9445e9a,2026-07-30T14:01:02.203+00:00,cancelado,0,pendente,,
cdd8dc04-01ec-41a0-ae08-efc73e2c8f75,2026-07-30T14:01:15.677+00:00,cancelado,0,pendente,,
fac6b1f6-99c8-4b32-b69d-9a694cfe84c1,2026-07-30T14:01:44.738+00:00,cancelado,0,pendente,,
0df012ca-d891-499c-876e-bdf3a241f583,2026-07-30T14:01:54.86+00:00,cancelado,0,pendente,,
9862b60c-3f9e-4ef8-8bb6-e461a9164508,2026-07-30T14:03:37.439+00:00,cancelado,0,pendente,,
cf7290ae-778f-474d-83c8-b2e9e0311505,2026-07-30T14:03:59.138+00:00,cancelado,0,pendente,,
b7211fd1-8217-4be5-a1df-71f94388ab9d,2026-07-30T14:14:19.437+00:00,cancelado,0,pendente,,
2700c938-7401-4a0b-9c63-fe5384b1217d,2026-07-26T18:50:13.542+00:00,cancelado,10,pendente,,
ae802ae4-cb95-4202-8c28-e354281f0d28,2026-07-15T16:01:11.422+00:00,concluido,258.5,pendente,,
9badefe6-84f1-42ce-878c-be8218373355,2026-07-15T16:49:32.602+00:00,concluido,217.8,autorizado,3820,23260744192642000105650020000038201205340675
d510cdb6-d937-46cf-8489-8285c0dc93a6,2026-07-26T18:50:04.781+00:00,concluido,554.4,autorizado,4445,23260744192642000105650020000044451427774908
8f214c38-9f22-4adb-a41d-d791e57f296a,2026-07-26T18:50:44.246+00:00,cancelado,44.7,pendente,,
7d080d74-489c-4919-bae3-1c35b2e6fc7e,2026-07-26T18:51:16.32+00:00,cancelado,10,pendente,,
894255eb-2b91-443b-a851-4f663078542b,2026-07-26T18:53:02.48+00:00,cancelado,10,pendente,,
ce787eec-83b1-4a6e-8e94-f1ccb35ec9c2,2026-07-26T18:53:14.099+00:00,cancelado,10,pendente,,
28613615-ff01-4c6f-887f-d5e8c49d13cd,2026-07-26T18:53:30.835+00:00,cancelado,15,pendente,,
f9050ce6-4437-4336-b814-ef1292838718,2026-07-26T18:54:50.697+00:00,cancelado,0,pendente,,
1283ffaf-6474-41a3-ab27-11afbe7026a8,2026-07-30T14:02:18.081+00:00,cancelado,0,pendente,,
2a3fe754-0b00-406c-a58d-f1baff0f11ec,2026-07-26T18:50:31.873+00:00,cancelado,10,pendente,,
f26b175a-dd56-4cb6-ba62-973dab2a1ec9,2026-07-30T14:14:11.793+00:00,cancelado,0,pendente,,
5b4c9868-b7ca-4479-bde6-8840b1271b01,2026-07-30T14:14:30.523+00:00,cancelado,0,pendente,,
5db61675-c584-46d4-8222-71eed33372ff,2026-07-30T14:19:48.634+00:00,cancelado,0,pendente,,
06079836-44c1-4c4b-a35f-7de127f0d088,2026-07-15T16:08:50.613+00:00,concluido,160.6,autorizado,3818,23260744192642000105650020000038181946459078
f58a027f-2867-4a52-b79f-525a20cb6a19,2026-07-15T16:16:59.99+00:00,cancelado,28,pendente,,
f2d9649c-2cde-466d-99f6-b3fbc6ea5b09,2026-07-15T16:50:47.243+00:00,concluido,150,autorizado,3821,23260744192642000105650020000038211553828219
8bf00afb-b130-4d57-b2c3-a16c036e4ef3,2026-07-15T17:02:12.929+00:00,cancelado,15,pendente,,
b5300205-f69d-48a0-8faf-90da611855c8,2026-07-15T15:52:03.788+00:00,concluido,47.3,autorizado,3816,23260744192642000105650020000038161105208144
f9074cb5-d6d5-4349-bd67-c1a624914b53,2026-07-15T16:34:56.564+00:00,cancelado,12,pendente,,
2c126dea-a7a6-4bae-8991-1c02e6938acc,2026-07-26T18:51:20.55+00:00,concluido,199.1,autorizado,4446,23260744192642000105650020000044461359470187
8dacf444-b8db-4410-8c31-eca2443ede6c,2026-07-26T18:53:03.086+00:00,cancelado,20,pendente,,
c000a551-b163-48e7-9710-e7cf72a6a9e8,2026-07-26T18:53:50.66+00:00,cancelado,0,pendente,,
f624da08-569a-41d3-849f-1f489272c1b1,2026-07-26T18:53:35.236+00:00,cancelado,37,pendente,,
071034db-09c9-454a-a8cb-e53ac74be067,2026-07-26T18:55:31.047+00:00,cancelado,0,pendente,,
8fb827bb-7417-4f28-abac-72ae389bf962,2026-07-26T18:55:46.261+00:00,cancelado,0,pendente,,
1efb7c9a-2ed2-4474-85d2-6cec7d184866,2026-07-15T16:07:33.53+00:00,concluido,64.9,autorizado,3817,23260744192642000105650020000038171501409395
a0001e24-20b9-41e5-b4e4-457d790e39a6,2026-07-15T16:29:19.435+00:00,concluido,318,autorizado,3819,23260744192642000105650020000038191383793560
c7bde6b5-426c-4251-88df-912ad590cc70,2026-07-15T17:18:53.597+00:00,cancelado,0,pendente,,
6f28aa70-7538-4a05-90c1-eb144925c82c,2026-07-15T17:20:00.457+00:00,cancelado,10,pendente,,
e8148801-4eaa-472d-b68e-06c4e143b430,2026-07-15T17:20:31.622+00:00,cancelado,10,pendente,,
7e0787a2-27ea-4938-b9f1-4f1e4f45c592,2026-07-15T17:20:49.676+00:00,cancelado,0,pendente,,
1f8a79ca-9ec4-4910-a696-6c8a2b131232,2026-07-20T17:44:33.553+00:00,concluido,199,autorizado,4170,23260744192642000105650020000041701600006268
ed819ea1-30ab-416f-9810-d13b006b6991,2026-07-20T17:59:07.663+00:00,cancelado,10,pendente,,
bfad860b-d24b-47aa-987d-96c57710065d,2026-07-20T18:02:11.885+00:00,cancelado,10,pendente,,
7a720920-f6af-422e-81cb-b249e2fa6edf,2026-07-15T16:52:29.203+00:00,concluido,231,autorizado,3822,23260744192642000105650020000038221675723486
11a3d675-12d2-4798-8788-8117ab84d645,2026-07-26T18:53:07.231+00:00,concluido,280.5,autorizado,4448,23260744192642000105650020000044481593713834
a6dea255-c71f-455d-ba8b-5046862644d2,2026-07-15T16:54:45.606+00:00,concluido,20.9,autorizado,3824,23260744192642000105650020000038241549285283
a1824ab4-ece7-412f-bd49-eb99ef5727e4,2026-07-15T16:59:07.481+00:00,cancelado,15,pendente,,
5432bf42-688a-4232-8894-3d5d408fc2a1,2026-07-20T17:46:52.015+00:00,cancelado,10,pendente,,
71dab858-8b99-4f20-a29d-2a108bd48650,2026-07-20T17:52:23.434+00:00,cancelado,10,pendente,,
b97a99bb-397b-4653-b585-090160d5a16a,2026-07-26T18:53:39.481+00:00,cancelado,10,pendente,,
67aff290-8cb5-41c2-8451-6c9dab5153ea,2026-07-26T18:54:06.468+00:00,cancelado,0,pendente,,
0403e1f7-ab31-44ae-a6c6-2101927d8ebf,2026-07-26T18:54:27.396+00:00,cancelado,0,pendente,,
42540485-79ea-4b12-be90-f5b62ea46932,2026-07-26T18:54:40.043+00:00,cancelado,0,pendente,,
859d93c9-a20a-4a28-b5e5-cb2d6fdd99bd,2026-07-26T18:55:03.186+00:00,cancelado,0,pendente,,
0bd4188b-deb1-4d56-8a58-ce9b6636f5b3,2026-07-26T18:55:16.007+00:00,cancelado,0,pendente,,
fa60b489-09df-414f-a2ef-07c20c4b2278,2026-07-26T18:55:10.944+00:00,cancelado,10,pendente,,
a94d3b57-1634-44f3-b2d1-2587e584cdb0,2026-07-15T16:54:04.347+00:00,concluido,320.1,autorizado,3823,23260744192642000105650020000038231758296442
775c4703-a48b-4927-9f72-d302d00e16d7,2026-07-15T17:01:02.464+00:00,cancelado,21,pendente,,
c8db40cc-3f9a-42b2-b654-d7332bc8a281,2026-07-15T17:02:26.719+00:00,cancelado,8,pendente,,
4aa1df11-df97-49ec-a249-0f21cd80dc74,2026-07-15T17:03:24.237+00:00,concluido,256.3,autorizado,3825,23260744192642000105650020000038251652008979
7f1342fc-6b21-4abf-817d-45d264d45551,2026-07-15T17:10:46.656+00:00,cancelado,10,pendente,,
9813e5d8-0923-43d3-a4b4-fa9a84a6bd71,2026-07-15T17:10:54.301+00:00,cancelado,10,pendente,,
09c55dda-d38b-40d9-90d1-4dc76fdb6f72,2026-07-15T17:11:16.452+00:00,cancelado,10,pendente,,
3189127b-3547-4e78-8ef1-ce6c8abb9dc9,2026-07-15T17:11:42.585+00:00,cancelado,10,pendente,,
d385d3e9-88ef-463b-b3c5-a4f5f1ebcab8,2026-07-15T17:11:51.787+00:00,cancelado,10,pendente,,
61901d01-172f-423a-9dbe-a0d2885285cc,2026-07-15T17:11:59.585+00:00,cancelado,10,pendente,,
5005521b-1eda-40c1-b6e0-b49e6b3c4d6f,2026-07-15T17:12:07.538+00:00,cancelado,10,pendente,,
0746f1ab-e276-42e7-b7a0-e7c2e7ce1b03,2026-07-15T17:12:19.937+00:00,cancelado,10,pendente,,
1c6d2402-a357-4464-9610-138ce8bd498c,2026-07-15T17:13:44.824+00:00,cancelado,10,pendente,,
6d919547-5d20-43ee-98cf-ea00e8ed49bd,2026-07-15T17:14:02.53+00:00,cancelado,10,pendente,,
426a95a8-853a-4fab-ae0e-8357491b60de,2026-07-15T17:14:15.853+00:00,cancelado,10,pendente,,
9b1cafd7-12f6-4c0f-b866-9e1f8be6b581,2026-07-15T17:14:23.746+00:00,cancelado,10,pendente,,
0ad40b27-6018-495c-b047-e858ea385afb,2026-07-15T17:14:33.008+00:00,cancelado,10,pendente,,
c70c5195-4308-4ef9-ad22-fbbb525f729c,2026-07-15T17:14:41.726+00:00,cancelado,10,pendente,,
c774588b-b593-4675-a2d1-7a2dcbf6fa4e,2026-07-15T17:15:21.156+00:00,cancelado,10,pendente,,
84ff04ae-b993-4d06-8377-5f9cbd1d9d1f,2026-07-15T17:17:29.915+00:00,cancelado,10,pendente,,
08261b18-bc76-40dd-8689-2ba3eceff5da,2026-07-15T17:18:10.412+00:00,cancelado,0,pendente,,
523329b8-8992-4301-bfd3-271489427b95,2026-07-15T17:05:58.206+00:00,concluido,268.4,autorizado,3826,23260744192642000105650020000038261603566430
5e799c00-9dcc-4da0-a75d-daa5296d8a4d,2026-07-15T17:10:35.669+00:00,cancelado,10,pendente,,
7362ee09-94d6-4eec-aa1b-097ac4ed99a4,2026-07-15T17:11:02.962+00:00,cancelado,10,pendente,,
1968c33a-f5e8-4d88-8ff8-263e287d63f4,2026-07-15T17:11:34.249+00:00,cancelado,10,pendente,,
b6bc7748-747c-462f-91eb-e71377460c72,2026-07-15T17:13:53.145+00:00,cancelado,10,pendente,,
4e59b5db-c1d2-42e7-98b4-43314b25eaf2,2026-07-15T17:14:53.44+00:00,cancelado,10,pendente,,
c5267450-31fe-4318-8659-ea390e2e5847,2026-07-15T17:15:02.314+00:00,cancelado,10,pendente,,
28e55a2e-58a8-49d9-9d74-8d64ce103f6d,2026-07-15T17:15:12.412+00:00,cancelado,10,pendente,,
1a9522d2-d17f-4d9c-af0d-951557491897,2026-07-15T17:15:30.541+00:00,cancelado,10,pendente,,
4d739011-e9e2-4528-bf4b-6927461ca003,2026-07-15T17:15:38.772+00:00,cancelado,10,pendente,,
ddf59410-849b-4ff1-9360-83c7f27ac0db,2026-07-15T17:16:19.193+00:00,cancelado,10,pendente,,
f0b6477d-21b0-4dff-99ed-9fb31070aff7,2026-07-15T17:16:32.502+00:00,cancelado,10,pendente,,
86eb65d2-ac20-4d7f-9f71-819ec8687332,2026-07-15T17:16:41.69+00:00,cancelado,10,pendente,,
5a6526ab-52d5-408c-8c43-cb901d805519,2026-07-15T17:17:40.476+00:00,cancelado,10,pendente,,
86c31ac6-d00e-4df8-b30b-a335befdddc9,2026-07-15T17:18:00.645+00:00,cancelado,10,pendente,,
8dbcee1b-58ac-4329-86bf-1847a116b551,2026-07-15T17:19:33.881+00:00,cancelado,0,pendente,,
10dabbcd-c833-40ef-909f-f6153ca84127,2026-07-15T17:19:44.716+00:00,cancelado,10,pendente,,
537fa598-11a7-4b31-85d1-09cd4d17c155,2026-07-26T18:55:07.802+00:00,concluido,335.06,autorizado,4449,23260744192642000105650020000044491937036665
c57eac27-0561-45e3-84a2-fb10dede689c,2026-07-15T17:18:30.977+00:00,concluido,211.2,autorizado,3827,23260744192642000105650020000038271286573129
398efb18-8029-4fc6-b97e-1a3d2f64c29e,2026-07-15T17:18:43.743+00:00,cancelado,10,pendente,,
4df4a689-e7bd-46c4-9160-142395040f8b,2026-07-15T17:19:08.711+00:00,cancelado,10,pendente,,
45d5369e-a0de-4969-9cdc-da80b06667e4,2026-07-15T17:19:18.297+00:00,cancelado,10,pendente,,
95f57dc4-aad9-4be9-9097-07932d1ba7a7,2026-07-15T17:20:23.18+00:00,cancelado,0,pendente,,
de200c97-3930-419a-932e-e810f3e1105d,2026-07-15T17:20:40.026+00:00,cancelado,10,pendente,,
01cf7e82-4d0a-4c50-9b8b-36ccb745a105,2026-07-26T18:56:27.187+00:00,concluido,413.38,autorizado,4450,23260744192642000105650020000044501174099930
cfc722f8-6c0f-4ebb-b451-cf8043ce4bcc,2026-07-26T18:57:44.801+00:00,concluido,350,pendente,,
c2e33e9e-033f-48a7-9468-db2f25adfdf1,2026-07-15T17:26:23.126+00:00,concluido,124.19,autorizado,3828,23260744192642000105650020000038281227095280
61447d1b-43a1-422c-abc4-a3e3d3d400de,2026-07-15T17:30:25.931+00:00,concluido,220,autorizado,3829,23260744192642000105650020000038291108529411
b0327219-b7d4-4f60-9182-f73663e821f7,2026-07-26T19:00:04.229+00:00,concluido,158,autorizado,4453,23260744192642000105650020000044531754420167
427b4d51-6466-43e4-82a0-50829d662b2c,2026-07-26T19:01:04.416+00:00,cancelado,10,pendente,,
83ba9ec1-6818-4793-a8be-6b5abb2b5bc1,2026-07-26T19:01:41.589+00:00,cancelado,130,pendente,,
03a90365-a9ef-4a66-9e46-559bc5b0114d,2026-07-26T19:01:56.276+00:00,cancelado,10,pendente,,
c1d17e7e-f9c0-4b8f-aff8-65b4fb7462bd,2026-07-26T19:02:25.5+00:00,cancelado,10,pendente,,
3b73a195-1331-403f-9258-54eeaf6793b8,2026-07-26T19:03:02.15+00:00,cancelado,13,pendente,,
9440deda-e97a-4d92-a399-0695d6de0fa3,2026-07-26T19:04:52.194+00:00,cancelado,0,pendente,,
4fbfe0ae-b708-40e1-9b74-18cc0934f29e,2026-07-15T17:46:30.312+00:00,concluido,415.8,pendente,,
33585219-f2fa-42c1-acb7-38cf20f563f8,2026-07-26T18:57:32.295+00:00,concluido,240.9,autorizado,4451,23260744192642000105650020000044511817549400
cf3618d0-34ec-46d4-a32e-ed71c1f5f876,2026-07-15T17:48:41.993+00:00,concluido,115.5,autorizado,3831,23260744192642000105650020000038311629970866
32bcf801-4d57-40a4-9bde-4a3971ff847d,2026-07-27T20:00:54.413+00:00,concluido,665,autorizado,4695,23260744192642000105650020000046951731405294
78d98213-7491-4851-91da-c51361746abe,2026-07-15T17:48:01.007+00:00,concluido,207.9,autorizado,3830,23260744192642000105650020000038301177543364
323f95e9-7e1b-4358-beb2-04fd6779303c,2026-07-15T18:20:21.227+00:00,concluido,233.09,autorizado,3833,23260744192642000105650020000038331765776990
3fd17ff9-b01f-443c-8ac6-c68a5d33c91a,2026-07-26T18:58:28.25+00:00,concluido,39.6,autorizado,4452,23260744192642000105650020000044521498745840
5c69d14d-6654-4e92-84bd-282e7908e951,2026-07-15T18:27:22.055+00:00,concluido,506.77,autorizado,3834,23260744192642000105650020000038341147456640
63a27c87-c326-4986-b0c8-fc606aa9d014,2026-07-26T19:00:50.847+00:00,cancelado,0,pendente,,
520c68c8-295e-438d-8fca-31c36b9eca43,2026-07-15T18:28:42.964+00:00,concluido,427.9,autorizado,3835,23260744192642000105650020000038351520631268
b004fc1c-3735-4d44-96c8-32e8a4a76a19,2026-07-26T18:58:06.987+00:00,cancelado,10,pendente,,
94300b1c-1b05-408d-be3f-a6cd1344f417,2026-07-15T18:37:39.47+00:00,concluido,284.68,autorizado,3837,23260744192642000105650020000038371523127930
d35fd2e0-a18a-4f96-a3b7-00c56f3fca1f,2026-07-26T18:58:49.969+00:00,cancelado,0,pendente,,
f5ac68dd-bee6-4fff-b269-2b6bce723346,2026-07-26T19:00:05.815+00:00,concluido,134.2,autorizado,4454,23260744192642000105650020000044541920792666
aaf9a44c-5836-4bdd-9d1c-aa803a34e94f,2026-07-15T18:39:14.276+00:00,concluido,219.78,autorizado,3838,23260744192642000105650020000038381611543592
f53c86f8-39e4-407f-9c8b-301469fe979d,2026-07-26T19:01:26.115+00:00,concluido,151.8,autorizado,4455,23260744192642000105650020000044551297789672
e177f880-ea07-4524-943e-a5501bc30029,2026-07-26T19:02:31.143+00:00,cancelado,10,pendente,,
0b413d0b-df6b-4b29-b802-6c7a05d69108,2026-07-15T18:42:21.717+00:00,concluido,111.1,autorizado,3840,23260744192642000105650020000038401783644905
3cfd8a31-baca-4b47-aee1-e65f9d614e99,2026-07-15T18:43:21.699+00:00,concluido,196.9,autorizado,3841,23260744192642000105650020000038411589104388
2687bc85-a510-4b49-8206-dac53f5f708f,2026-07-15T18:57:48.123+00:00,concluido,322.3,autorizado,3851,23260744192642000105650020000038511363142277
494ac355-d7a2-42ef-9950-0b3811c59776,2026-07-15T19:02:21.581+00:00,concluido,251,autorizado,3856,23260744192642000105650020000038561190795300
da010f27-c4f4-4c7b-8c8f-6cb401e3fc8c,2026-07-15T19:03:48.203+00:00,concluido,206.8,rejeitado,3858,23260744192642000105650020000038581388167509
727052cc-3aed-450e-ac78-3617ed6995ba,2026-07-15T18:46:35.881+00:00,concluido,353.1,autorizado,3842,23260744192642000105650020000038421886212387
27fac596-0697-499b-8d45-a9f7a5bb193c,2026-07-15T18:48:51.767+00:00,concluido,150.7,autorizado,3844,23260744192642000105650020000038441767068228
a90c2ff5-135f-41df-bc8b-7a7e1d82d451,2026-07-26T19:06:52.016+00:00,cancelado,0,pendente,,
55d73261-69b4-4b74-aff0-430d2cc45bdc,2026-07-15T18:50:31.375+00:00,concluido,177.1,autorizado,3846,23260744192642000105650020000038461334850595
ee79a420-c85a-4b58-87f9-01bd452d27b1,2026-07-15T18:55:22.466+00:00,cancelado,7,pendente,,
0007514d-ca98-4c5b-a974-e7dc781dd681,2026-07-26T19:06:47.948+00:00,cancelado,10,pendente,,
7931b98c-553e-4d9e-83f0-1880c12765f2,2026-07-26T19:08:45.595+00:00,cancelado,10,pendente,,
4faf1ec3-716f-4f06-9143-d7f345d82c3e,2026-07-26T19:12:06.817+00:00,cancelado,0,pendente,,
8d4b75e3-3bce-4737-b420-f3fdda44b920,2026-07-26T19:12:30.81+00:00,cancelado,0,pendente,,
fc893dbc-1b0d-4219-8f68-10e8278d3c72,2026-07-26T19:12:49.665+00:00,cancelado,0,pendente,,
99b8a023-ed83-41af-87c5-f862e2b2cde0,2026-07-26T19:13:45.313+00:00,cancelado,0,pendente,,
cc5e1006-0dca-42ba-908b-4fbcb0b8c7b6,2026-07-26T19:13:53.834+00:00,cancelado,0,pendente,,
9584b901-f9cc-48f5-83d3-fb9e302c0504,2026-07-15T18:47:09.699+00:00,concluido,181.5,autorizado,3843,23260744192642000105650020000038431210888777
f5723f3d-daef-49e4-9903-136861df8950,2026-07-26T19:03:07.399+00:00,concluido,143,autorizado,4456,23260744192642000105650020000044561615052071
43f04cbf-11e5-470c-ad5e-9865d9dd6895,2026-07-26T19:03:46.517+00:00,cancelado,0,pendente,,
051d61d6-1319-4d33-b408-958c5410fe58,2026-07-26T19:04:31.544+00:00,concluido,155,autorizado,4458,23260744192642000105650020000044581137399304
fade0c19-91c4-43a6-80a5-6ca178d08bd5,2026-07-26T19:04:18.297+00:00,cancelado,10,pendente,,
4d837de6-7674-4541-9797-b2b055d5e5d5,2026-07-26T19:05:24.151+00:00,cancelado,0,pendente,,
ffb7b1bb-2adb-4dfe-9622-bb8e911194fc,2026-07-26T19:05:58.562+00:00,cancelado,0,pendente,,
ad8ffc6d-f910-412d-9394-097028d15aee,2026-07-26T19:08:43.847+00:00,cancelado,10,pendente,,
3dbd3e53-52c5-45ea-9b7c-25f20556e6ad,2026-07-26T19:10:06.605+00:00,cancelado,0,pendente,,
c2a3bdf7-1159-4640-be65-24dd91d2a2b7,2026-07-26T19:10:19.427+00:00,cancelado,0,pendente,,
df212c26-2f23-4c18-916c-28d963a77b87,2026-07-26T19:12:41.596+00:00,cancelado,0,pendente,,
e30d7a4f-2ed7-41ab-8f05-95170460f831,2026-07-26T19:13:11.662+00:00,cancelado,0,pendente,,
e0c0a32a-66bc-4864-ac2f-da2331943c2c,2026-07-26T19:14:13.154+00:00,cancelado,10,pendente,,
2309ea90-957f-47ab-b5e4-f9e4008a1bef,2026-07-26T19:14:10.061+00:00,cancelado,0,pendente,,
5d33f77e-03d7-4429-8388-856a0b6a4a17,2026-07-26T19:14:33.511+00:00,cancelado,0,pendente,,
d1ce7093-41fd-4b75-a639-da45bd109607,2026-07-26T19:14:58.612+00:00,cancelado,0,pendente,,
89fed21b-a1cd-4522-a7b0-7663dbd65dd4,2026-07-15T18:49:05.178+00:00,concluido,367.4,autorizado,3845,23260744192642000105650020000038451829139570
9c0aa443-4cd8-47ac-9196-7ee8657c1cc2,2026-07-15T18:52:07.477+00:00,concluido,339.9,autorizado,3847,23260744192642000105650020000038471803817142
58a2fedc-48ae-47de-8d0c-d8c23388cf4f,2026-07-15T18:59:35.997+00:00,concluido,368.5,autorizado,3852,23260744192642000105650020000038521670332895
7edf1d76-05a3-4053-a373-3c3132e36c9d,2026-07-15T20:02:00.008+00:00,concluido,181,autorizado,3870,23260744192642000105650020000038701251172447
83e4f0d4-167c-4a32-a83e-9bdd6bc22898,2026-07-16T18:03:54.288+00:00,cancelado,10,pendente,,
1ddb175c-03e3-4769-8ff7-abcc9e52cd42,2026-07-15T18:52:05.365+00:00,concluido,83.6,autorizado,3848,23260744192642000105650020000038481156315189
a5844297-f060-46fb-b4bc-4058296e1b8a,2026-07-26T19:03:51.474+00:00,concluido,225.5,autorizado,4457,23260744192642000105650020000044571385791835
e0898140-5a4c-4547-bc6a-a710695e526c,2026-07-15T18:55:11.212+00:00,concluido,194.7,autorizado,3849,23260744192642000105650020000038491984531828
bac9ef82-bc21-4930-802c-adc5c47264be,2026-07-26T19:05:04.971+00:00,cancelado,0,pendente,,
f772a896-6d88-4baa-aea2-c089c8e26dbd,2026-07-16T14:02:35.246+00:00,cancelado,15,pendente,,
2d5b3a63-94d4-4767-892c-49c334113d5b,2026-07-26T19:05:13.967+00:00,cancelado,0,pendente,,
995c7253-d617-4535-a0df-80a91af721ee,2026-07-26T19:06:39.024+00:00,cancelado,0,pendente,,
48224846-4bd8-4aa0-a0e8-d0ab23bb1436,2026-07-26T19:07:11.536+00:00,cancelado,0,pendente,,
0ebc5870-7fea-4bf1-aaa4-dbc8684c799d,2026-07-26T19:07:15.258+00:00,concluido,268.4,autorizado,4460,23260744192642000105650020000044601795702315
8e4bc777-6b58-416d-a428-5ffab38409ed,2026-07-26T19:09:44.568+00:00,cancelado,0,pendente,,
a1708e33-1e7d-43f0-856a-154d34de3dbd,2026-07-26T19:10:30.563+00:00,cancelado,0,pendente,,
ff47ad48-af0e-4985-b5b4-d23fb42d233f,2026-07-26T19:10:41.479+00:00,cancelado,0,pendente,,
597c0db7-8dac-4c9e-89c8-35559f865003,2026-07-15T18:57:17.442+00:00,concluido,277.2,autorizado,3850,23260744192642000105650020000038501139711916
dfd007b1-c0e6-4a2e-b33f-0d7449ce7fac,2026-07-15T19:00:23.898+00:00,concluido,215.6,autorizado,3853,23260744192642000105650020000038531735532831
c3b42fb1-40e5-42eb-b9c4-4a1bfb5dd74b,2026-07-16T14:03:19.833+00:00,cancelado,0,pendente,,
30e5595f-c77d-42a1-8468-d2e97636f0a9,2026-07-16T18:04:41.84+00:00,concluido,243.1,autorizado,3895,23260744192642000105650020000038951578224981
6a49f7d6-078d-44e5-89f6-f89df587bed4,2026-07-16T18:09:51.989+00:00,cancelado,10,pendente,,
3b4329dc-12dd-4283-a4a5-e7b6a509dca9,2026-07-16T18:10:58.836+00:00,cancelado,10,pendente,,
aeed79dd-9aed-4350-84b0-5f8efd868bc5,2026-07-16T18:15:19.886+00:00,concluido,174.9,autorizado,3902,23260744192642000105650020000039021278629257
2ce988ed-2739-4544-9db8-6c57fe4c84dd,2026-07-15T19:01:00.291+00:00,concluido,105.6,autorizado,3854,23260744192642000105650020000038541182873921
6b7747f5-c647-4c8e-b428-ca731d56b6c4,2026-07-26T19:05:39.654+00:00,concluido,306.9,autorizado,4459,23260744192642000105650020000044591333654530
95377d40-e182-46d5-a729-92e24080aded,2026-07-15T19:01:34.958+00:00,concluido,72.27,autorizado,3855,23260744192642000105650020000038551629678580
d39d34ad-64aa-46ff-bf95-df4d742f3917,2026-07-26T19:05:47.098+00:00,cancelado,0,pendente,,
fc92e97a-84a4-4991-83b8-d3e2fd7ac338,2026-07-15T19:04:23.471+00:00,concluido,95.7,autorizado,3859,23260744192642000105650020000038591441932364
8cf7f24c-0669-4fb5-9c3b-9ade9dfc207a,2026-07-15T19:03:13.009+00:00,concluido,188.1,autorizado,3857,23260744192642000105650020000038571620773207
850e239f-4166-471c-9f35-b7331909886e,2026-07-15T19:07:15.913+00:00,concluido,220,autorizado,3860,23260744192642000105650020000038601242835793
a0214655-ff01-4af0-8eda-09fe68fe9caa,2026-07-15T19:11:04.37+00:00,concluido,70,pendente,,
507f61ab-5692-4830-910a-881011a6b523,2026-07-15T19:14:59.737+00:00,cancelado,0,pendente,,
d00bed41-0184-4820-8896-9d1a83670e49,2026-07-15T19:28:05.632+00:00,concluido,0,pendente,,
74fb3d33-29ef-4939-a906-d211abadc8e2,2026-07-15T19:29:37.845+00:00,concluido,0,pendente,,
3ff24863-82fa-4efe-a4ec-472d1aa63742,2026-07-16T14:09:37.528+00:00,cancelado,0,pendente,,
0e106992-6080-4eb8-89ec-ea7778529e4a,2026-07-15T19:06:05.944+00:00,concluido,26,autorizado,3861,23260744192642000105650020000038611390810478
a4d1a743-a1a6-4d86-880c-d8b9f4d45946,2026-07-15T19:07:38.75+00:00,cancelado,0,pendente,,
5b4f0aa8-d8e5-4ace-bf1f-e54632f86941,2026-07-15T18:53:34.895+00:00,concluido,162.8,autorizado,3862,23260744192642000105650020000038621455397852
8f715bed-2c99-44aa-8e3d-81d2e333ac42,2026-07-15T19:10:40.771+00:00,concluido,62.48,autorizado,3863,23260744192642000105650020000038631856315552
cfe8f066-e5de-45ad-89a1-051cb79c5910,2026-07-15T19:22:58.72+00:00,cancelado,7,pendente,,
6fa25ee1-f0e7-4390-9529-1a9fb5d7f89e,2026-07-15T19:27:23.431+00:00,concluido,140,autorizado,3864,23260744192642000105650020000038641641126060
4f49efb8-9384-4654-8188-b922c5de9c52,2026-07-15T19:33:14.817+00:00,concluido,111.98,autorizado,3865,23260744192642000105650020000038651236858643
5e8e06d7-807e-4a29-86ce-f792c94d0996,2026-07-15T19:56:14.451+00:00,concluido,116.6,autorizado,3868,23260744192642000105650020000038681523876165
65860ef7-79c2-431b-94b2-5079c041d0b3,2026-07-16T16:49:17.222+00:00,concluido,294.8,autorizado,3875,23260744192642000105650020000038751988796516
4ec9f260-b5bf-4561-9917-998d655eb01b,2026-07-16T17:00:43.583+00:00,concluido,156,pendente,,
4edc4856-65f4-4d42-8374-f8776bf521bb,2026-07-15T19:36:14.523+00:00,concluido,96.8,autorizado,3866,23260744192642000105650020000038661861632287
608c2fe4-eff8-4770-8471-fe3c282b1d80,2026-07-15T19:48:58.914+00:00,concluido,598.18,autorizado,3867,23260744192642000105650020000038671667091761
6d72a14b-ddf7-4ba2-a85e-8403ad11c8b7,2026-07-15T19:58:09.016+00:00,concluido,108,pendente,,
d11d998e-2036-4b4b-8c4e-5db000193864,2026-07-26T19:10:14.271+00:00,concluido,388.3,autorizado,4461,23260744192642000105650020000044611978966165
0053075a-5127-41f2-965e-34a6f03f6346,2026-07-26T19:09:54.919+00:00,cancelado,10,pendente,,
4a00ab5a-5600-452b-8c32-bff40e5bb48f,2026-07-26T19:10:54.203+00:00,cancelado,0,pendente,,
d95715ba-6451-4c9a-9da8-ebf66d3059d1,2026-07-26T19:11:17.18+00:00,cancelado,0,pendente,,
9459be55-0d74-432f-89ce-71d8b56a125f,2026-07-26T19:12:18.276+00:00,cancelado,0,pendente,,
716fb42d-4381-4812-bae2-3cc74f36f647,2026-07-26T19:12:10.427+00:00,cancelado,35.7,pendente,,
fac8af91-0cb9-4326-af02-04ecfbb6d58f,2026-07-26T19:13:00.728+00:00,cancelado,0,pendente,,
7deec2a3-4629-4e6f-85a4-32beff6d2fef,2026-07-26T19:13:23.149+00:00,cancelado,0,pendente,,
604d66bc-2dd9-494d-970a-be3a218bb99a,2026-07-15T19:57:06.487+00:00,concluido,271.37,autorizado,3869,23260744192642000105650020000038691112063222
24bf7004-fed4-4e5b-979b-723987d8ad2c,2026-07-26T19:12:03.289+00:00,cancelado,15,pendente,,
a159eb73-ed89-45fc-8bf5-84dd2eb7e22f,2026-07-26T19:12:56.461+00:00,concluido,374,pendente,,
4d64d9d5-762e-40b7-81a1-50b56a23a49c,2026-07-16T16:51:05.296+00:00,cancelado,15,pendente,,
3f62c420-eae6-4498-bfea-e202419541b8,2026-07-26T19:13:33.597+00:00,cancelado,0,pendente,,
cc2eb8a8-efdf-4b78-ba7d-0fcc15bee1dc,2026-07-16T16:50:59.459+00:00,concluido,305.69,autorizado,3876,23260744192642000105650020000038761900151546
e8d426b8-761a-445a-a4f2-94200088215b,2026-07-16T16:52:23.398+00:00,cancelado,40,pendente,,
3aed3dcd-393e-46c9-b0fd-2045f1e9bcbf,2026-07-26T19:14:16.625+00:00,cancelado,10,pendente,,
078f6cf6-6719-4d84-b6be-83e7307bca21,2026-07-15T20:05:33.138+00:00,concluido,63,autorizado,3871,23260744192642000105650020000038711204053205
b71c8296-0536-4eab-97cf-b14f231baa0a,2026-07-26T19:14:03.26+00:00,cancelado,0,pendente,,
30dd9853-3b22-4951-a4c5-c8aa470d1416,2026-07-26T19:14:05.63+00:00,concluido,147.4,autorizado,4462,23260744192642000105650020000044621185687473
69e1a65f-edae-44c8-bf1f-545297df90c8,2026-07-26T19:14:25.74+00:00,cancelado,0,pendente,,
04e7d5a4-6e23-4711-87e0-a449b863e00a,2026-07-26T19:14:41.536+00:00,cancelado,0,pendente,,
b27b463e-e9fa-4f47-906b-3e9404166eb5,2026-07-26T19:15:16.24+00:00,cancelado,0,pendente,,
a0d2281b-a0de-4101-ac55-cb5136dceab4,2026-07-26T19:16:09.364+00:00,cancelado,0,pendente,,
7a16e721-c1f6-4f96-8e0d-bdf0e7a26948,2026-07-26T19:17:39.288+00:00,cancelado,0,pendente,,
1afd009c-c2e5-4678-a637-606dd2ab8e21,2026-07-26T19:17:50.72+00:00,cancelado,0,pendente,,
59bf2818-a303-4038-8911-71fd78e11cd2,2026-07-26T19:18:02.171+00:00,cancelado,0,pendente,,
89c82508-40a5-42de-bf6a-2dda4057be46,2026-07-26T19:18:12.725+00:00,cancelado,0,pendente,,
77a7fe06-aa5e-49a8-b67b-23e6fdcf516e,2026-07-26T19:18:47.011+00:00,cancelado,0,pendente,,
f8ee9137-83c9-489c-8940-8fedaa5eaaa0,2026-07-26T19:19:10.589+00:00,cancelado,0,pendente,,
b16d3858-884b-4cdd-b982-d0cfdbcc1347,2026-07-26T19:21:59.977+00:00,cancelado,0,pendente,,
7b1217e5-5e38-4d90-af99-f3f9233dcdc7,2026-07-26T19:22:29.525+00:00,cancelado,0,pendente,,
a5c393bc-50f9-410f-9b22-e45122c7edba,2026-07-26T19:22:34.739+00:00,cancelado,10,pendente,,
7337ded6-c076-47c2-950e-d8bffd5572c2,2026-07-26T19:23:22.753+00:00,cancelado,0,pendente,,
ce726a4f-7d01-4ecb-acaf-b932db6be0c4,2026-07-26T19:24:12.397+00:00,cancelado,0,pendente,,
c8043afd-7937-44d3-9791-fb0ca8864795,2026-07-26T19:24:31.073+00:00,cancelado,0,pendente,,
fb47319e-12f1-484b-a25f-3d6c2d46b558,2026-07-26T19:24:32.875+00:00,cancelado,10,pendente,,
ad7ecc97-80a8-4538-9e2a-b0fcd5ccf0d6,2026-07-26T19:14:48.71+00:00,cancelado,0,pendente,,
b416b79d-700e-4d1b-94b7-0378c060aa4d,2026-07-16T17:17:40.561+00:00,concluido,148.5,autorizado,3877,23260744192642000105650020000038771772771129
16eeed37-cc33-4644-aee9-85af6812a507,2026-07-16T17:19:24.006+00:00,cancelado,7,pendente,,
4e004a45-d5fd-4ab2-a89f-bab8c3dc4679,2026-07-26T19:15:08.813+00:00,cancelado,0,pendente,,
124c4311-4228-4a77-abfe-e86d9af2a7a5,2026-07-16T17:20:41.333+00:00,concluido,336.49,autorizado,3878,23260744192642000105650020000038781786005692
36472bab-73a9-47d3-b441-d84f40d246da,2026-07-26T19:15:23.721+00:00,cancelado,0,pendente,,
c6dbfe70-4384-4ddc-9c6c-7dc2c0db006d,2026-07-26T19:16:32.21+00:00,cancelado,0,pendente,,
f10fc302-db55-414d-a3e2-154e2f0ff72e,2026-07-26T19:16:13.384+00:00,cancelado,5,pendente,,
62bcbd01-bd12-49d6-92f0-0ba67ed21176,2026-07-26T19:16:19.804+00:00,cancelado,5,pendente,,
b0604afc-2837-4eac-9fbd-ef4b50b6e0e1,2026-07-26T19:17:27.438+00:00,cancelado,0,pendente,,
43220d89-a8bb-4e5d-967f-5412a429a3b1,2026-07-26T19:19:43.492+00:00,cancelado,0,pendente,,
8310e501-0d34-4dbd-8e9f-ef6a3c4907db,2026-07-26T19:20:36.923+00:00,cancelado,0,pendente,,
98cef47e-a926-4f66-9723-ab71e22aa4e2,2026-07-26T19:20:44.557+00:00,cancelado,0,pendente,,
0809975a-f977-4a88-b7d7-1c663e7e3bf6,2026-07-26T19:21:25.228+00:00,cancelado,0,pendente,,
356536f2-2351-46db-8659-2d3afa46ca09,2026-07-26T19:22:07.153+00:00,cancelado,0,pendente,,
2724fd32-1e61-4a42-9eee-b51e015ebdca,2026-07-16T17:35:37.263+00:00,concluido,218.9,autorizado,3881,23260744192642000105650020000038811690023717
e9e21399-70a9-410a-8b5b-368dae9e9763,2026-07-16T17:37:22.522+00:00,concluido,326.7,autorizado,3882,23260744192642000105650020000038821159755580
c16065ce-537d-413b-af16-0572ded05bd9,2026-07-26T19:15:45.828+00:00,cancelado,0,pendente,,
fa2f6ef9-ec10-4c39-948f-68f5000388a7,2026-07-26T19:15:52.948+00:00,cancelado,0,pendente,,
9e1010ed-5386-43a8-9159-117113012eaf,2026-07-26T19:16:24.184+00:00,cancelado,0,pendente,,
ef137bb9-ec06-4c91-bbc2-fdc28606f9bf,2026-07-26T19:16:42.469+00:00,cancelado,0,pendente,,
d4c5b169-77dd-4624-a0e1-9dfcb10ab5b6,2026-07-26T19:17:09.734+00:00,cancelado,0,pendente,,
8da8ba82-fbad-4f2a-959b-345af2191cf3,2026-07-26T19:17:18.971+00:00,cancelado,0,pendente,,
8c4fa984-f10f-4f4e-81f5-e014e4c98f8a,2026-07-26T19:19:24.947+00:00,cancelado,10,pendente,,
b9ac2d22-5d1c-4c16-938f-f9e574624034,2026-07-26T19:20:21.144+00:00,cancelado,0,pendente,,
f4a19601-49cf-4d16-90b3-2531d99b82f9,2026-07-26T19:20:56.954+00:00,cancelado,0,pendente,,
d8ef9a09-43a3-4ade-91c6-857f8ba7bb4f,2026-07-26T19:21:14.698+00:00,cancelado,10,pendente,,
09cda410-a043-4d6a-8661-d89ab8e5cf52,2026-07-26T19:22:14.838+00:00,cancelado,0,pendente,,
67becc51-d57f-4e03-adce-98d862152488,2026-07-26T19:22:22.601+00:00,cancelado,0,pendente,,
e389a0a1-33a3-40c1-a3f9-f928920cffa6,2026-07-26T19:23:44.333+00:00,cancelado,0,pendente,,
b6cbc4ec-6565-42a8-a3ec-f7684ffdcdc0,2026-07-26T19:24:04.019+00:00,cancelado,0,pendente,,
c7742675-f696-470c-8bbb-fbeb65cfe3d5,2026-07-16T17:45:37.424+00:00,concluido,257.07,autorizado,3883,23260744192642000105650020000038831484083950
b391f39d-00ac-4ba5-9628-724c5a779787,2026-07-26T19:15:01.39+00:00,concluido,258.28,autorizado,4463,23260744192642000105650020000044631885028968
c40716d5-b74b-4846-b8f7-91479e2e8dea,2026-07-26T19:15:31.243+00:00,cancelado,0,pendente,,
85cf9a37-90d2-4b0b-9a3e-e96c5af53105,2026-07-26T19:15:38.302+00:00,cancelado,0,pendente,,
519db53a-f061-423b-894b-43424cb322a5,2026-07-26T19:16:00.283+00:00,cancelado,0,pendente,,
e4e750cf-3291-437a-a5eb-79e175609e38,2026-07-26T19:16:16.855+00:00,cancelado,0,pendente,,
497ecd18-c954-4317-a65e-296278a6c678,2026-07-26T19:18:57.949+00:00,cancelado,0,pendente,,
238259cd-6516-4d45-9cee-c3d7d209ac77,2026-07-26T19:19:28.563+00:00,cancelado,0,pendente,,
8936e745-b259-4074-b427-d30fc8465889,2026-07-26T19:19:40.907+00:00,cancelado,5,pendente,,
63b160c0-839f-4e5b-aa9d-b384b9ac03a4,2026-07-26T19:20:29.686+00:00,cancelado,0,pendente,,
a3191d62-aa56-48d1-ac58-02f1f1340246,2026-07-26T19:21:17.612+00:00,cancelado,0,pendente,,
b47104a7-ca95-4b9a-beb7-8567a736c1d1,2026-07-26T19:22:45.161+00:00,cancelado,0,pendente,,
7f047934-5d3b-415a-982d-09ed212213c2,2026-07-26T19:22:53.69+00:00,cancelado,0,pendente,,
9b382b95-74fe-4d76-98e4-868746785317,2026-07-26T19:23:03.965+00:00,cancelado,0,pendente,,
52211002-e002-4ca4-952e-a024331ff67b,2026-07-26T19:23:13.963+00:00,cancelado,0,pendente,,
23b5ca49-3ae5-42bf-a84e-9bb3240a834c,2026-07-26T19:23:30.502+00:00,concluido,59.4,autorizado,4466,23260744192642000105650020000044661590080057
8e0b3928-7585-4ba2-84f3-2a4b4e0bd18d,2026-07-26T19:23:56.528+00:00,cancelado,0,pendente,,
456e9efe-3375-4863-9468-420107f97cc0,2026-07-26T19:24:23.559+00:00,cancelado,0,pendente,,
e24525e0-4372-4547-b307-2a1046489d8d,2026-07-16T17:46:45.135+00:00,concluido,399.3,autorizado,3884,23260744192642000105650020000038841254971028
bb6fd224-886d-44a5-ae2a-be0ba27d26ee,2026-07-16T17:49:36.611+00:00,concluido,176,autorizado,3885,23260744192642000105650020000038851342366557
7154850a-9d89-4b74-b211-faf01fab29cf,2026-07-26T19:22:14.291+00:00,concluido,104.5,autorizado,4464,23260744192642000105650020000044641661062752
1edf114f-4894-423f-bd23-edc28435eeca,2026-07-16T17:54:12.635+00:00,concluido,383.9,autorizado,3886,23260744192642000105650020000038861334921404
8c28030d-cd6a-42c0-a95f-08bee881590d,2026-07-26T19:22:37.7+00:00,cancelado,0,pendente,,
6dd8e931-fcfe-4042-8912-041c73c24a28,2026-07-26T19:22:47.712+00:00,concluido,149.6,autorizado,4465,23260744192642000105650020000044651232274038
43e794d9-e5b3-4d08-bd88-09cd00c5aa62,2026-07-26T19:23:29.959+00:00,cancelado,0,pendente,,
98554427-1888-4d2e-9cd4-67abfe682147,2026-07-16T17:54:19.305+00:00,cancelado,10,pendente,,
b1b88da4-b967-428e-8a4d-1e22d797ce2e,2026-07-16T17:54:48.969+00:00,concluido,231,autorizado,3887,23260744192642000105650020000038871610743517
f8b4f699-5ec3-46a1-aaee-1c91a73a1550,2026-07-16T17:55:25.301+00:00,concluido,150.48,autorizado,3888,23260744192642000105650020000038881983064540
d154b90e-712d-40e0-bfb4-4b417fca213d,2026-07-16T17:57:07.18+00:00,concluido,213.4,rejeitado,3889,23260744192642000105650020000038891539734128
985bb830-b18a-4a7d-bf5a-a590c5d40427,2026-07-16T18:01:17.357+00:00,cancelado,0,pendente,,
4399d398-d06e-4a55-b7c6-432d142de920,2026-07-16T18:02:11.935+00:00,cancelado,10,pendente,,
7cb05ff2-c1f6-48ba-adbb-4f14c7b94bf2,2026-07-16T20:27:20.029+00:00,concluido,198,pendente,,
12029302-d490-4f15-9030-3bee9bc4221e,2026-07-16T18:02:05.93+00:00,concluido,128.7,autorizado,3892,23260744192642000105650020000038921335346427
1b4d8643-7802-4123-a3d8-9f153dcb1105,2026-07-16T18:03:56.272+00:00,concluido,144.1,autorizado,3894,23260744192642000105650020000038941539855588
1d5b635c-e6eb-4f1e-979c-71902a43e752,2026-07-16T18:06:39.748+00:00,concluido,386.1,autorizado,3897,23260744192642000105650020000038971327734266
7da6a60b-3b91-451c-be1f-eab6c1933e18,2026-07-16T18:07:44.485+00:00,cancelado,10,pendente,,
45bc4ddc-e378-4195-a822-e3d7ebd9993a,2026-07-26T19:23:37.466+00:00,cancelado,0,pendente,,
94d1bfcf-d570-4733-81c3-d3a22e390ea0,2026-07-16T18:12:04.684+00:00,concluido,199.1,autorizado,3901,23260744192642000105650020000039011609971065
15aa42b8-ee1f-4a0d-bd2b-0fa6b05eca95,2026-07-26T19:25:08.811+00:00,cancelado,0,pendente,,
f6716366-9f5b-4b31-b6b8-493b9c1e47f0,2026-07-26T19:25:37.466+00:00,cancelado,0,pendente,,
78f33447-d2f1-4c50-81b8-7a4aa3735864,2026-07-16T18:21:36.615+00:00,cancelado,15,pendente,,
e1df4ff2-8c31-4291-ae31-567c88237162,2026-07-16T18:25:02.627+00:00,cancelado,10,pendente,,
70158b0e-9f57-4c80-bad8-95aa04d21f90,2026-07-26T19:25:53.264+00:00,cancelado,0,pendente,,
b7df14a0-c452-4033-a2ee-574692f4d563,2026-07-16T18:03:26.008+00:00,concluido,205.7,autorizado,3893,23260744192642000105650020000038931160860060
d3f021e8-ed00-4af1-850a-493882499f6f,2026-07-26T19:24:17.655+00:00,concluido,75,autorizado,4467,23260744192642000105650020000044671927245103
90c8701f-1bdb-4116-b238-f1016f95cacb,2026-07-16T18:06:01.09+00:00,concluido,351.89,autorizado,3896,23260744192642000105650020000038961998910494
b292b245-fddf-4ee8-bfb2-2dfcb1cccce5,2026-07-26T19:24:40.846+00:00,cancelado,0,pendente,,
9b1147e5-892d-4988-ad06-15f517d9e6fe,2026-07-16T18:09:27.342+00:00,concluido,207.9,autorizado,3899,23260744192642000105650020000038991740844616
15585a7c-a274-472c-a857-95a4457219f5,2026-07-26T19:24:59.346+00:00,cancelado,0,pendente,,
746794b5-4058-44da-8f6f-dcc37b57bcf0,2026-07-26T19:26:16.736+00:00,cancelado,0,pendente,,
947d0571-8d0c-4b98-b157-b08ad51b4a8a,2026-07-26T19:28:14.774+00:00,cancelado,0,pendente,,
dbb31325-d393-40d9-b4b3-f357ab8b4838,2026-07-16T18:07:37.871+00:00,concluido,391.16,autorizado,3898,23260744192642000105650020000038981337918260
fc7cc107-dee0-4885-a5d2-f31ff7317276,2026-07-26T19:24:50.935+00:00,cancelado,0,pendente,,
ea85aa98-8d6d-485c-b703-01df60531f2b,2026-07-26T19:25:17.347+00:00,cancelado,0,pendente,,
949d8a5e-c443-489e-b6e6-10c7441d9a16,2026-07-26T19:25:26.47+00:00,cancelado,0,pendente,,
e0c8c251-5cef-49e8-a839-900338c66b1e,2026-07-26T19:25:13.05+00:00,cancelado,10,pendente,,
203f53e8-4c00-403f-8672-328798031b25,2026-07-26T19:25:45.429+00:00,cancelado,0,pendente,,
04906a57-5b99-4723-9fdb-5db6db76e8c4,2026-07-26T19:26:00.459+00:00,cancelado,0,pendente,,
cdb1dd8b-34bf-4a69-bb68-e0463f8163cf,2026-07-26T19:26:08.33+00:00,cancelado,0,pendente,,
6bd4490e-84d4-4b9b-bcb4-f25252e4e53d,2026-07-26T19:26:24.595+00:00,cancelado,0,pendente,,
08aaefea-aa11-4dca-8436-c405498e20cd,2026-07-26T19:26:44.19+00:00,cancelado,0,pendente,,
6a6c8fa0-9686-421d-893c-a74d680743e2,2026-07-26T19:26:53.673+00:00,cancelado,0,pendente,,
ad116acb-8c04-49c9-a3ae-98aea743aaed,2026-07-26T19:27:01.161+00:00,cancelado,0,pendente,,
77cab6e3-7727-42d1-be25-c27662cd7822,2026-07-26T19:27:09.096+00:00,cancelado,0,pendente,,
bc35d4cd-1592-4b11-9215-8e79ed7c6c16,2026-07-16T18:09:46.347+00:00,concluido,188.1,autorizado,3900,23260744192642000105650020000039001953101044
e24c266b-21b1-4fad-8e2f-2446776726c3,2026-07-16T18:14:35.395+00:00,concluido,81.4,pendente,,
94e45e76-e2f8-4075-9d24-811a7091e3fb,2026-07-16T18:17:02.551+00:00,cancelado,10,pendente,,
182bbca9-bb26-4e01-96d1-9a1ee212fc94,2026-07-16T18:21:30.814+00:00,cancelado,5,pendente,,
e9c1b4d7-96c6-49d5-b65d-d8386fee9eff,2026-07-16T18:30:47.257+00:00,concluido,211.2,autorizado,3911,23260744192642000105650020000039111899050878
d9e38d53-d078-432d-8211-61900dc890f5,2026-07-16T18:15:51.361+00:00,concluido,46.2,autorizado,3903,23260744192642000105650020000039031469322773
47e74ee0-9b0a-4bb0-a3c1-91a2bc32d6d0,2026-07-16T18:16:24.732+00:00,concluido,171.6,autorizado,3904,23260744192642000105650020000039041343595662
69ae4e8f-5b54-49aa-ba43-fb02c8d62fd7,2026-07-16T18:19:23.683+00:00,cancelado,194.7,rejeitado,3906,23260744192642000105650020000039061280249554
27d0ce52-494c-4b78-b3ec-803a3a47482f,2026-07-16T18:23:14.484+00:00,concluido,213.4,pendente,,
9752fa27-a41e-4b7b-b2d2-a47166592028,2026-07-16T18:16:20.489+00:00,concluido,180.4,rejeitado,3905,23260744192642000105650020000039051936416276
b5466e7d-baee-4c03-9e5f-df4d971397ce,2026-07-16T18:19:04.469+00:00,cancelado,10,pendente,,
e4e4edcc-1a16-4924-aee6-134aaf682da4,2026-07-16T18:20:09.442+00:00,concluido,194.7,rejeitado,3907,23260744192642000105650020000039071449379361
9354bf6a-0930-4b31-be8b-6b4e44ac53e0,2026-07-16T18:25:03.447+00:00,concluido,177.1,autorizado,3908,23260744192642000105650020000039081920196630
c123114a-382a-4d57-88bd-6c971b1cfbc4,2026-07-16T18:28:31.665+00:00,concluido,174.9,autorizado,3910,23260744192642000105650020000039101302100690
c8066c2c-5df1-4521-bb90-9ebaae69ca45,2026-07-16T18:37:56.352+00:00,cancelado,10,pendente,,
0fea0a4f-c502-4a82-b84f-b3c0543cf71d,2026-07-16T20:29:26.544+00:00,concluido,336,pendente,,
66c9f197-e03e-4b75-8b16-922fd65c662a,2026-07-16T20:30:15.729+00:00,concluido,0,pendente,,
837b943a-7e9d-4a66-a260-05a47852292a,2026-07-16T18:26:43.712+00:00,concluido,342.98,autorizado,3909,23260744192642000105650020000039091234622509
0f6f52a8-9104-4c08-a33f-76a8f2fdab52,2026-07-26T19:25:45.252+00:00,concluido,596.2,autorizado,4468,23260744192642000105650020000044681118375647
f71b4baa-9e5f-4d4d-ab4a-146c85f5675e,2026-07-26T19:27:26.985+00:00,cancelado,0,pendente,,
342a0dc6-a121-4588-b018-b78e03433901,2026-07-26T19:27:44.828+00:00,cancelado,0,pendente,,
130a6a6e-37f8-4826-bf0f-4002f755e329,2026-07-26T19:27:54.597+00:00,cancelado,0,pendente,,
8af40873-ec3d-4ff2-a514-8891d7995169,2026-07-27T20:16:40.124+00:00,concluido,337.7,autorizado,4698,23260744192642000105650020000046981401500767
c03a9577-bffc-41c4-a348-b93329d3db0f,2026-07-27T20:26:12.018+00:00,concluido,414.7,autorizado,4701,23260744192642000105650020000047011715043641
82f68967-49ed-4b09-a3f9-d211df48c438,2026-07-16T18:33:35.39+00:00,concluido,271.7,autorizado,3912,23260744192642000105650020000039121494729074
a7005c1b-992f-4867-9328-aad6afcc9129,2026-07-26T19:27:18.359+00:00,cancelado,0,pendente,,
d74e9c1b-49f8-419d-bcae-b0988f108320,2026-07-16T18:33:35.758+00:00,concluido,365.2,autorizado,3913,23260744192642000105650020000039131102382503
77277f54-76bf-4160-b43e-a58e9a9bcff0,2026-07-16T18:35:36.062+00:00,concluido,381.7,pendente,,
3e02ad26-671b-452e-8151-a770d1b43828,2026-07-26T19:27:35.79+00:00,cancelado,0,pendente,,
479275b3-47f6-4beb-b5dc-53a128f0ac97,2026-07-16T18:51:06.27+00:00,cancelado,10,pendente,,
af4db0dc-ec57-42e1-b9df-8370ab05ba87,2026-07-16T18:53:24.019+00:00,cancelado,10,pendente,,
462a5a8b-76de-4f75-b86e-8b310fa70ebe,2026-07-26T19:28:03.744+00:00,cancelado,0,pendente,,
48debf44-e233-4ffd-91ad-757b438a1038,2026-07-26T19:28:25.289+00:00,cancelado,0,pendente,,
0324d530-5d94-4585-982f-f78457bc6e54,2026-07-26T19:28:33.628+00:00,cancelado,0,pendente,,
2995f747-39c0-40e5-a0e3-5c8989c79f26,2026-07-26T19:28:53.151+00:00,cancelado,0,pendente,,
568bfe72-499b-4576-87d9-964484d84022,2026-07-26T19:29:02.303+00:00,cancelado,0,pendente,,
2a25cf53-1ce7-46ad-beb8-659a15e25608,2026-07-26T19:29:10.23+00:00,cancelado,0,pendente,,
a6ca8b48-956d-48b7-b94f-e32ae57c72ec,2026-07-26T19:29:19.929+00:00,cancelado,0,pendente,,
5aa3c89f-b796-45de-bae8-fc4e69f2db5d,2026-07-26T19:28:54.668+00:00,cancelado,10,pendente,,
79aff6d2-7ace-4019-9acb-546acc9a1835,2026-07-26T19:30:14.16+00:00,cancelado,0,pendente,,
e348ae7a-fa51-4d6c-bd9f-32b1b4e6aa73,2026-07-26T19:28:44.65+00:00,cancelado,0,pendente,,
99cc8323-26d9-46a5-b6d1-9ef09a49a40e,2026-07-16T18:42:02.387+00:00,cancelado,10,pendente,,
5612b592-9a86-4f10-8695-929c24a2a85d,2026-07-16T18:39:13.279+00:00,cancelado,192.5,rejeitado,3914,23260744192642000105650020000039141358068651
acdfb1cc-3b64-48c9-8f7f-76b2319b019d,2026-07-26T19:29:26.621+00:00,cancelado,0,pendente,,
ebddd767-17a9-4d19-8d41-85fe8b994f52,2026-07-16T18:42:57.911+00:00,concluido,91.3,autorizado,3915,23260744192642000105650020000039151126290182
2f172878-b681-41c1-83fc-4de28a7ad6d5,2026-07-26T19:29:41.047+00:00,cancelado,0,pendente,,
c21c831f-635d-44a0-9126-78abe3b6de2b,2026-07-26T19:29:48.891+00:00,cancelado,0,pendente,,
6c7465db-8218-4eb9-885b-632f566188c2,2026-07-16T18:45:46.091+00:00,cancelado,10,pendente,,
9a29c315-d9c1-4fb6-ba43-3239262e7aae,2026-07-26T19:29:56.916+00:00,cancelado,0,pendente,,
8c809e74-2694-43d9-bfd2-c5d152a0c4bb,2026-07-26T19:30:04.932+00:00,cancelado,0,pendente,,
3c4e5a2b-71a5-4a8c-b05a-cc1c492ffad5,2026-07-16T18:56:53.957+00:00,concluido,357.5,autorizado,3920,23260744192642000105650020000039201322600245
99b7efd0-8d64-4a34-937e-d8ea5ebb967c,2026-07-16T20:30:24.245+00:00,cancelado,0,pendente,,
fbd317a0-b91b-4636-8f95-04fd158da060,2026-07-16T20:32:27.803+00:00,concluido,0,pendente,,
b9b3ca52-ab2f-46f1-8781-e9fb00e8e73c,2026-07-16T18:44:14.896+00:00,cancelado,394.35,rejeitado,3916,23260744192642000105650020000039161542175265
b852fb32-630c-491b-9832-ec54b23d18ff,2026-07-16T18:46:55.611+00:00,concluido,167.2,pendente,,
4606086e-3c52-4cbb-82dc-f1ddaeb74583,2026-07-26T19:30:25.408+00:00,cancelado,0,pendente,,
67469062-e147-46c2-90f8-beb220c61b4a,2026-07-16T18:47:44.859+00:00,concluido,240.9,autorizado,3917,23260744192642000105650020000039171154640618
2b7efcf8-2218-47be-aeba-c4cb1458e77f,2026-07-26T19:30:33.182+00:00,cancelado,0,pendente,,
3d7eb67f-337e-4851-95cb-6a2c847b46c9,2026-07-16T18:58:31.965+00:00,concluido,264,autorizado,3921,23260744192642000105650020000039211663821427
f389e41a-ea3a-46c1-bedf-8174f41857fe,2026-07-26T19:31:17.847+00:00,cancelado,0,pendente,,
cf8b9e79-47a5-4a15-8b28-8fe5882c7d4e,2026-07-26T19:31:25.37+00:00,cancelado,0,pendente,,
e666e82b-d4ac-41de-bd92-8d9b60979633,2026-07-26T19:31:35.111+00:00,cancelado,0,pendente,,
754d7a16-b848-46bc-9f26-975ea74e9b17,2026-07-16T18:48:47.848+00:00,concluido,171.6,autorizado,3918,23260744192642000105650020000039181243152969
00a8f7c9-32ae-42ba-817d-174fe9e3f720,2026-07-26T19:30:36.058+00:00,cancelado,10,pendente,,
949e2ee6-1bc0-4aaf-9067-29cd05c5afac,2026-07-16T18:50:45.856+00:00,concluido,260.37,autorizado,3919,23260744192642000105650020000039191289569746
4bef930f-6925-4362-bbc0-ab5577b1ac21,2026-07-26T19:30:42.898+00:00,cancelado,0,pendente,,
8f74a0bf-9cf7-4809-88d9-e7f353cf1f09,2026-07-16T19:23:38.597+00:00,concluido,28.6,autorizado,3928,23260744192642000105650020000039281191797693
a8f14a9d-1846-45bb-82a9-2e0a94370a26,2026-07-16T19:34:57.212+00:00,concluido,353,autorizado,3940,23260744192642000105650020000039401148409991
18eec3bc-4c24-467a-a108-0d53eb5493b4,2026-07-26T19:30:50.705+00:00,cancelado,0,pendente,,
bead59be-01f9-41db-a120-f4b7e9ee27e6,2026-07-26T19:31:07.981+00:00,cancelado,0,pendente,,
e4a0aeaf-4eaf-4719-bf0f-df130ece80f0,2026-07-16T18:59:27.335+00:00,concluido,154,autorizado,3922,23260744192642000105650020000039221113784364
4820659a-feb3-4d13-ab39-29466a55317d,2026-07-16T19:01:54.579+00:00,concluido,44,autorizado,3923,23260744192642000105650020000039231231588902
368513d1-c52c-4007-9d5f-ef7396960d17,2026-07-26T19:31:42.967+00:00,cancelado,0,pendente,,
4f78a9cb-a6a5-48e3-b5ae-d88da8574d8c,2026-07-16T19:04:23.01+00:00,concluido,84.7,autorizado,3924,23260744192642000105650020000039241339463156
0e886d71-54fe-42c8-a738-1655993a4dee,2026-07-16T19:07:52.309+00:00,concluido,133.1,autorizado,3925,23260744192642000105650020000039251747022079
f195d039-b22d-48ba-8dd2-4cbb6b512af9,2026-07-16T19:26:05.269+00:00,concluido,41.69,autorizado,3930,23260744192642000105650020000039301333609636
1468745f-295f-44d6-8558-671b3c85e012,2026-07-16T19:33:10.246+00:00,concluido,190,autorizado,3938,23260744192642000105650020000039381360487420
9bfb78b7-7ae0-4bda-a65e-fa567abdbbff,2026-07-16T19:33:51.185+00:00,concluido,275,autorizado,3939,23260744192642000105650020000039391613133840
4a326e50-b1bf-4f71-86e3-37baf5f05c32,2026-07-16T19:35:49.545+00:00,concluido,63.8,autorizado,3941,23260744192642000105650020000039411442252767
177005c7-8f47-46f8-98c7-125d2b04acc1,2026-07-16T21:03:27.042+00:00,cancelado,0,pendente,,
4f5e4283-a7a8-4da7-b07d-48aba43c1921,2026-07-16T19:16:57.062+00:00,concluido,305,rejeitado,3926,23260744192642000105650020000039261261493910
9db9fbd3-2bdc-4548-99d3-b1ef7bb40369,2026-07-26T19:31:51.184+00:00,cancelado,0,pendente,,
ebd5632b-38c3-45a9-8974-48eef8d711fc,2026-07-16T19:22:06.14+00:00,concluido,154,autorizado,3927,23260744192642000105650020000039271688226402
6cc245da-d23b-4a02-80b2-3fdef35a0873,2026-07-16T19:28:54.538+00:00,concluido,150.7,autorizado,3935,23260744192642000105650020000039351669143442
cdd1f885-e69f-47f5-bb67-f7debc708e3c,2026-07-16T19:29:32.86+00:00,concluido,232.1,autorizado,3936,23260744192642000105650020000039361354104871
d9c9cb7d-1eb2-44b4-b0bc-eeee581524c8,2026-07-16T19:34:12.404+00:00,concluido,170.28,pendente,,
b1a8449c-7a73-4412-90a6-802423a714c4,2026-07-17T11:21:45.469+00:00,cancelado,0,pendente,,
83ee9146-441e-4652-ae93-e72ad9b75d58,2026-07-16T19:25:26.041+00:00,concluido,205.92999999999998,autorizado,3929,23260744192642000105650020000039291948631330
ebc2ba88-d85a-493a-b6ef-583454488968,2026-07-16T19:26:37.626+00:00,concluido,172.7,autorizado,3931,23260744192642000105650020000039311627311046
bb77eeed-85eb-4d25-958f-646a18b1f53a,2026-07-16T19:27:09.178+00:00,concluido,18.7,autorizado,3932,23260744192642000105650020000039321382920530
a1a9ce90-9adb-4f96-8ac9-0f4b38a9ed5f,2026-07-16T19:27:44.844+00:00,concluido,437.8,autorizado,3933,23260744192642000105650020000039331244280410
13efdcca-4754-4766-8c23-00e43e75de85,2026-07-16T19:28:21.878+00:00,concluido,418,autorizado,3934,23260744192642000105650020000039341903545362
a02631fc-5a2d-4c81-be92-76debf0635c4,2026-07-16T19:30:04.981+00:00,concluido,152.9,autorizado,3937,23260744192642000105650020000039371795059727
5fe817bf-5724-4f38-be8d-ac15c9aab92e,2026-07-16T19:37:31.758+00:00,concluido,215,autorizado,3942,23260744192642000105650020000039421789084022
cc4521c1-07f9-4ec0-86c4-a21a24a1820d,2026-07-26T19:31:44.867+00:00,concluido,574.2,autorizado,4469,23260744192642000105650020000044691301693277
653dbe15-1506-4abc-803b-e48c93d066e7,2026-07-26T19:31:58.684+00:00,cancelado,0,pendente,,
bfaa48ba-ba40-46d4-bdb5-c2151584628a,2026-07-26T19:36:22.584+00:00,cancelado,0,pendente,,
3e1d04a4-20db-42bf-9f97-a49597dae5a1,2026-07-26T19:37:44.63+00:00,cancelado,0,pendente,,
fae98b7e-091d-44bd-a783-b5ee0b2b217e,2026-07-26T19:37:56.055+00:00,cancelado,0,pendente,,
cdf9b9a7-2efd-476a-93c2-1131d263108b,2026-07-26T19:38:12.535+00:00,cancelado,0,pendente,,
b22c82c9-ca68-40fc-bf86-39d4bb186837,2026-07-26T19:38:27.523+00:00,cancelado,0,pendente,,
664db2b3-1de3-43b0-879a-75aa1e937e57,2026-07-26T19:41:17.953+00:00,cancelado,0,pendente,,
2455ba71-b606-410e-82cb-03b2cf5d9563,2026-07-26T19:41:48.678+00:00,cancelado,0,pendente,,
9429cbb2-27d1-4bc4-9cac-272b2ab2a0dc,2026-07-26T19:42:00.163+00:00,cancelado,0,pendente,,
551c5ca8-1d80-44a4-9250-34d0e24ae06b,2026-07-26T19:46:41.636+00:00,cancelado,60,pendente,,
dc5de6b2-70d2-4cf6-a8b9-717071211036,2026-07-16T19:36:48.84+00:00,concluido,92.4,pendente,,
5068596b-1da1-4f77-9bed-7b8344c93a1c,2026-07-16T19:37:52.313+00:00,concluido,524.7,pendente,,
e6a30a64-41b5-4d83-8558-8006dc12eb3f,2026-07-26T19:32:49.167+00:00,cancelado,27,pendente,,
3d72d60b-d4cd-475e-85a7-15e485dba6c9,2026-07-26T19:35:57.575+00:00,cancelado,0,pendente,,
3616c05b-4b3d-4d72-a63f-b931d38642a9,2026-07-16T19:42:28.907+00:00,concluido,210,pendente,,
05ccc04d-76de-4c8b-acc9-359aa08217d2,2026-07-26T19:36:56.326+00:00,cancelado,0,pendente,,
8aca03bb-0b59-4a98-a29e-b78fbf968095,2026-07-26T19:36:30.982+00:00,cancelado,15,pendente,,
3ef52e01-4da3-47f1-b084-27825b70285a,2026-07-26T19:36:41.383+00:00,cancelado,10,pendente,,
cc841cae-3ae1-418f-9891-8d4e9bb8a86a,2026-07-26T19:37:36.787+00:00,cancelado,0,pendente,,
55a66649-7048-4e9b-8911-078b02e3d718,2026-07-26T19:38:19.925+00:00,cancelado,0,pendente,,
dfc83939-f185-4fae-bd51-7b0c869d5554,2026-07-26T19:38:47.276+00:00,cancelado,0,pendente,,
942fef45-e924-4907-a870-662f50502f73,2026-07-26T19:41:39.406+00:00,cancelado,0,pendente,,
84bf04f8-b1c5-496b-a57f-e57acf1c304d,2026-07-26T19:41:11.652+00:00,cancelado,10,pendente,,
1dd1fad7-720d-4427-93e7-9c58d277ea45,2026-07-16T19:38:41.849+00:00,concluido,298.1,autorizado,3943,23260744192642000105650020000039431870183067
3a25ef99-511a-4535-bfac-d9fb5008701f,2026-07-26T19:33:02.693+00:00,cancelado,130,pendente,,
6c2ce647-2a04-4fba-864f-1793e5c146db,2026-07-16T19:43:31.339+00:00,concluido,73,autorizado,3944,23260744192642000105650020000039441833430401
c6c619f8-e055-4bbd-aab9-853c1e4bc973,2026-07-16T19:44:17.631+00:00,concluido,70,autorizado,3945,23260744192642000105650020000039451606489747
5f261eaf-d8d2-4e76-a44e-361f89b19814,2026-07-26T19:33:41.669+00:00,cancelado,10,pendente,,
3ca780fb-f899-4d4b-ac3f-10b59aca8c3b,2026-07-16T19:45:39.558+00:00,cancelado,0,pendente,,
98e5977e-088a-43dc-8860-d0e85d845153,2026-07-26T19:35:42.433+00:00,cancelado,0,pendente,,
9488fbf2-c3fe-4d6e-8eca-7997de33fe62,2026-07-16T19:46:13.843+00:00,concluido,250.8,autorizado,3947,23260744192642000105650020000039471600499125
e7ea839b-2e6b-43ba-8063-3c20d24e89f2,2026-07-16T19:45:14.468+00:00,concluido,214.28,autorizado,3946,23260744192642000105650020000039461205721239
99b3f450-e9e6-4c02-9dee-5bc2c7c52adb,2026-07-16T19:47:54.934+00:00,concluido,394.35,rejeitado,3948,23260744192642000105650020000039481334870618
4aec29ee-e057-4e82-a653-be1dd045ff69,2026-07-16T19:51:24.805+00:00,cancelado,0,pendente,,
4cf7078e-ab8c-45e1-9277-04c70274bbbf,2026-07-16T19:51:32.02+00:00,cancelado,0,pendente,,
6d2eade9-d5d1-4706-8e8d-d75a89e2201f,2026-07-16T19:51:41.767+00:00,cancelado,0,pendente,,
9e256105-ec75-4d99-b921-c6fc2e682d3a,2026-07-16T19:52:29.594+00:00,concluido,57.2,autorizado,3951,23260744192642000105650020000039511733559245
55f40dda-baaf-41b8-85fd-f1c8a3b1cc1d,2026-07-16T19:57:10.558+00:00,concluido,210,autorizado,3953,23260744192642000105650020000039531893536787
9101082d-48a2-42ad-ae70-a9547afda51d,2026-07-26T19:33:10.939+00:00,cancelado,10,pendente,,
388823ed-1eee-48b1-8c69-7992c7d7b020,2026-07-16T19:49:44.513+00:00,concluido,319,autorizado,3949,23260744192642000105650020000039491523646941
ad571600-c4d4-436b-8655-4c1f45012356,2026-07-16T19:51:12.073+00:00,cancelado,0,pendente,,
2e72dcea-80b5-49a7-8323-14520f0094cb,2026-07-16T19:51:18.559+00:00,cancelado,0,pendente,,
d90ee2f7-577f-4f7d-a6d6-5b0de4417915,2026-07-16T20:08:15.075+00:00,concluido,319,autorizado,3955,23260744192642000105650020000039551233397547
330fa951-c434-43b3-bab4-adb7c5687399,2026-07-26T19:35:34.625+00:00,cancelado,0,pendente,,
f7ea8769-abcd-40df-b423-0ebc93294079,2026-07-26T19:36:38.579+00:00,cancelado,0,pendente,,
2fd2eaaa-3300-447c-9cf3-0513a7e6030c,2026-07-26T19:37:05.691+00:00,cancelado,0,pendente,,
9629ff09-6bb8-4e36-b3aa-07f8663302b4,2026-07-26T19:37:28.238+00:00,cancelado,0,pendente,,
39b38560-36a7-465e-840a-397dd9986c8e,2026-07-16T19:50:51.633+00:00,concluido,169,autorizado,3950,23260744192642000105650020000039501943362777
f3a3f60d-c136-4ed8-9d3c-2d47eb1535f6,2026-07-26T19:36:49.226+00:00,cancelado,0,pendente,,
348793ef-f52e-4e17-a9c3-b4cba0d21398,2026-07-16T19:53:15.058+00:00,concluido,192.5,rejeitado,3952,23260744192642000105650020000039521680994047
20aebb23-1bd0-4010-b600-0a383c0499a9,2026-07-26T19:38:35.893+00:00,cancelado,0,pendente,,
a919cd0a-a01c-419d-a7ce-65dec516d46d,2026-07-16T19:59:31.418+00:00,concluido,236,autorizado,3954,23260744192642000105650020000039541501218904
ab17b834-ba79-4233-8a4e-15e433d00bac,2026-07-16T20:05:33.742+00:00,cancelado,10,pendente,,
e17ddacc-7e89-48b2-8134-d617d68e1498,2026-07-16T20:11:29.148+00:00,concluido,238.7,autorizado,3956,23260744192642000105650020000039561380496121
b963d069-f3ce-4cff-98f0-6e10865ac051,2026-07-26T19:38:42.322+00:00,concluido,64.9,autorizado,4471,23260744192642000105650020000044711388624971
73634006-8e0e-4560-b97e-350d20bf5875,2026-07-26T19:42:06.974+00:00,cancelado,0,pendente,,
08dc5f9e-5d08-4b15-8387-c9fdea29e68b,2026-07-16T20:21:22.588+00:00,concluido,205.9,autorizado,3957,23260744192642000105650020000039571951611943
a3d121c2-9815-4ebb-b1ef-2bb0d95bdf5f,2026-07-16T20:48:15.958+00:00,cancelado,213.4,autorizado,3959,23260744192642000105650020000039591771461255
c3b3d338-dede-4640-8b21-3ddb91486eb7,2026-07-16T20:45:58.537+00:00,concluido,170.28,autorizado,3958,23260744192642000105650020000039581319572403
0553af27-56a2-4d9d-a44a-32c72c3909df,2026-07-26T19:40:17.485+00:00,concluido,467.5,autorizado,4472,23260744192642000105650020000044721150500527
95a2a0b4-6037-4cf2-bc8a-4a08c4f0751d,2026-07-16T20:55:32.744+00:00,cancelado,213.4,autorizado,3960,23260744192642000105650020000039601319625645
92843668-33ce-46c5-a999-6ce600769748,2026-07-26T19:41:10.06+00:00,cancelado,0,pendente,,
83540016-3b51-4796-9ce3-4b418536073f,2026-07-26T19:42:19.471+00:00,cancelado,0,pendente,,
bac22bb8-097e-487f-b967-ad097b0c9032,2026-07-26T19:42:26.014+00:00,cancelado,0,pendente,,
92d68be0-1de4-4308-8bf3-00eba59b6f7a,2026-07-26T19:43:22.712+00:00,concluido,398.2,autorizado,4473,23260744192642000105650020000044731538107203
98f6028c-3897-41d1-8ab3-ea3416e00a19,2026-07-26T19:44:25.925+00:00,cancelado,0,pendente,,
09749781-d27a-4d2f-a0d1-c3980dfcadaf,2026-07-26T19:47:31.181+00:00,concluido,147.4,autorizado,4474,23260744192642000105650020000044741319053571
2739750a-4072-4860-93f6-fb508eba893b,2026-07-26T19:43:23.99+00:00,cancelado,10,pendente,,
faa1c5a2-88da-4522-b6ed-241a2c779e9d,2026-07-26T19:44:17.491+00:00,cancelado,0,pendente,,
89e6b8e9-a449-4dd4-96d3-68b224d28ae1,2026-07-26T19:44:32.633+00:00,cancelado,0,pendente,,
3b14444b-aa00-41d2-9f0b-0a6f477d59f6,2026-07-26T20:11:49.628+00:00,cancelado,10,pendente,,
d8d36e81-e9d5-4163-a485-f6e2e229283d,2026-07-27T20:25:05.92+00:00,concluido,541.2,autorizado,4700,23260744192642000105650020000047001864834821
298e93ee-a090-4d62-8205-40c9f9e62e39,2026-07-27T20:23:40.476+00:00,cancelado,541.2,autorizado,4699,23260744192642000105650020000046991299854663
ba5bcbeb-3a61-446c-a805-e7f26be093cd,2026-07-22T18:10:21.794+00:00,concluido,13.2,autorizado,4249,23260744192642000105650020000042491580754282
d7af098a-2760-4991-8c9d-b2f9e77c3a17,2026-07-17T21:52:07.539+00:00,cancelado,0,pendente,,
79771a4b-2c3b-404b-b92a-b7812d658790,2026-07-26T19:49:05.844+00:00,concluido,194.7,autorizado,4475,23260744192642000105650020000044751558960690
118f2a87-f0f7-4756-b236-07f56fbd99f7,2026-07-27T20:29:17.516+00:00,concluido,396,autorizado,4702,23260744192642000105650020000047021233268801
6698d0ce-b87b-4e1e-9d13-0fdc0e4397f3,2026-07-26T19:20:01.919+00:00,concluido,187,autorizado,4476,23260744192642000105650020000044761881079264
4c1f9a3c-7ccc-4d81-813f-6f5ecf28399e,2026-07-27T20:31:45.557+00:00,concluido,212.3,autorizado,4703,23260744192642000105650020000047031406138308
0069e0e0-d83c-40f3-ba1d-a05c245b6f20,2026-07-27T20:32:39.811+00:00,concluido,242,autorizado,4704,23260744192642000105650020000047041564177085
2b1d0951-7558-46b4-931b-db716fe55ac6,2026-07-26T19:52:38.179+00:00,concluido,64.9,autorizado,4477,23260744192642000105650020000044771153130417
464baac7-0154-41f5-9731-8c3b49e31558,2026-07-26T20:06:16.688+00:00,concluido,471.9,autorizado,4478,23260744192642000105650020000044781812387014
50f8933b-0227-472d-b6ac-02620cbddca2,2026-07-26T20:08:16.37+00:00,concluido,110,autorizado,4479,23260744192642000105650020000044791784305354
0b8b4874-8bde-4671-8fa4-fdc86d975309,2026-07-26T20:13:01.6+00:00,cancelado,14.9,pendente,,
8e25b68a-7346-46ff-b53b-8ff2465fbbe2,2026-07-26T20:15:53.971+00:00,cancelado,10,pendente,,
0ad53b8e-6df2-4abe-9659-b33b389a50f3,2026-07-26T20:17:34.877+00:00,cancelado,27,pendente,,
faa35b65-dd78-437f-aa33-275ba3711bb5,2026-07-26T20:18:41.499+00:00,cancelado,10,pendente,,
24072685-fee0-4201-b96d-b87ce4147aa0,2026-07-27T20:35:38.751+00:00,concluido,314.6,autorizado,4706,23260744192642000105650020000047061410294906
8b90275f-0761-42be-93ef-4b95312e073b,2026-07-26T20:12:38.659+00:00,cancelado,5,pendente,,
28c3521d-66ff-4787-810c-b9af5555c994,2026-07-26T20:14:38.091+00:00,cancelado,0,pendente,,
a81b7a16-500d-45a5-ad77-04ce2e430e0d,2026-07-26T20:14:18.407+00:00,cancelado,10,pendente,,
a115e8f4-ea47-4342-a83a-1052aa4db803,2026-07-26T20:17:03.493+00:00,cancelado,0,pendente,,
31dc220d-dfe6-4509-abb7-3a658fc49670,2026-07-19T17:08:42.523+00:00,cancelado,27,pendente,,
e3ecaf4e-6cab-4863-ac20-0e746c22f06d,2026-07-26T20:16:57.494+00:00,cancelado,10,pendente,,
e8e92512-10b3-4202-b243-ccf86856a616,2026-07-26T20:17:41.747+00:00,cancelado,15,pendente,,
7a43b99a-1fc9-4cdc-b50c-e47ee4985a2a,2026-07-26T20:21:08.721+00:00,concluido,491.59,autorizado,4480,23260744192642000105650020000044801184906170
19bea0b4-787e-4add-a148-31614d89bb94,2026-07-26T20:25:05.414+00:00,concluido,170.5,autorizado,4481,23260744192642000105650020000044811263086024
a5adfb8a-18f9-4b4f-9663-25791dc047d3,2026-07-27T20:35:34.118+00:00,concluido,66,autorizado,4705,23260744192642000105650020000047051802938867
edf30b3a-53e2-4198-9edb-794f0a0c2207,2026-07-26T20:23:17.363+00:00,cancelado,10,pendente,,
7112fbc0-a63a-45b8-a205-5dc48a1f1386,2026-07-26T20:25:25.887+00:00,concluido,70.4,autorizado,4482,23260744192642000105650020000044821390109373
cce0b03d-3f2e-42c5-9b13-647fc5c101e1,2026-07-26T20:27:29.918+00:00,concluido,120,autorizado,4483,23260744192642000105650020000044831627606708
9e50504c-886e-4514-8b42-701c9f367a8b,2026-07-26T20:33:06.543+00:00,concluido,121,autorizado,4487,23260744192642000105650020000044871815582933
8cb56f61-dd2a-4148-82ab-7a9eb44ab486,2026-07-26T20:37:25.034+00:00,concluido,84.7,autorizado,4490,23260744192642000105650020000044901687712398
bbf587b7-b2a4-4d5a-8949-e5b995ddd5d7,2026-07-26T20:29:21.922+00:00,concluido,174.7,autorizado,4485,23260744192642000105650020000044851977117298
420ca4f2-6880-4cf0-8818-232d0fe55be8,2026-07-26T20:28:30.71+00:00,concluido,100,autorizado,4484,23260744192642000105650020000044841884805570
228839f5-2d35-4456-a53e-db49a3a9c855,2026-07-26T20:38:43.973+00:00,concluido,91.3,autorizado,4492,23260744192642000105650020000044921789299400
2965be63-a859-4e26-bab4-da80de300007,2026-07-26T20:40:51.051+00:00,concluido,440,autorizado,4497,23260744192642000105650020000044971409655532
9f8d94ea-6b9e-4cc0-b344-17eb8954e751,2026-07-19T16:57:48.573+00:00,concluido,372.9,autorizado,3988,23260744192642000105650020000039881437414408
e055fca8-735e-48ee-997e-4d9f4ba478e2,2026-07-19T16:58:26.852+00:00,concluido,330,autorizado,3989,23260744192642000105650020000039891941088044
16ee6a3d-17a7-4290-9abc-cada35f53d04,2026-07-19T17:47:33.44+00:00,cancelado,337.7,pendente,,
19dc5e2e-b974-4328-b4f6-c306cc94114e,2026-07-19T17:48:35.085+00:00,cancelado,10,pendente,,
1c91c3e1-fdd0-4ff9-8b27-b945c0d26180,2026-07-26T20:30:42.153+00:00,concluido,173.69,autorizado,4486,23260744192642000105650020000044861397158018
049f4d7f-d7e4-4c13-bb69-f2eda8a5ca1e,2026-07-19T17:50:02.702+00:00,concluido,388.3,pendente,,
3c918935-6630-4bf1-b023-81538453b4bd,2026-07-26T20:31:32.763+00:00,concluido,287.1,pendente,,
262c595c-b0e3-48cd-822f-ab5931930953,2026-07-26T20:35:22.984+00:00,concluido,29.8,autorizado,4489,23260744192642000105650020000044891863445082
ba2a55d3-ce7b-45eb-9ea8-be83d6784d1f,2026-07-26T19:36:03.104+00:00,cancelado,84.7,autorizado,4470,23260744192642000105650020000044701703438418
8b5a0b2c-605a-4445-87ab-30d410235882,2026-07-26T20:36:52.726+00:00,concluido,338.4,pendente,,
dad7d06b-15bf-4a46-8c3c-9d68055540b8,2026-07-26T20:37:03.435+00:00,concluido,810.7,pendente,,
c1f3f188-9f6c-4f94-b234-ed726361a1f2,2026-07-19T17:50:40.987+00:00,concluido,67,autorizado,4007,23260744192642000105650020000040071731460095
28e473fb-7577-4dd5-820c-272bff4026c1,2026-07-19T17:53:28.943+00:00,cancelado,10,pendente,,
f596ae7c-34c0-4d6a-b27d-aad311a30323,2026-07-19T19:00:24.592+00:00,concluido,0,autorizado,4042,23260744192642000105650020000040421667381141
f77e92f4-d2cf-4e5e-b852-a1ad757463e8,2026-07-19T19:05:16.706+00:00,cancelado,5,pendente,,
bee0d6f4-70cd-471d-898e-e33be99c0bed,2026-07-19T19:08:42.082+00:00,cancelado,14,pendente,,
3a2a19c6-09b4-4455-ac3b-0ae380664525,2026-07-19T19:13:50.144+00:00,cancelado,10,pendente,,
4106ee2d-89a7-46da-9baa-35ac2ef2eef8,2026-07-19T17:53:01.34+00:00,concluido,155.1,autorizado,4008,23260744192642000105650020000040081341544909
1fe7aca1-00ab-4327-bf28-61a217eea12b,2026-07-19T17:56:32.135+00:00,concluido,308,autorizado,4010,23260744192642000105650020000040101580137768
38f741a0-330c-46dc-a5f0-805c39910ab0,2026-07-26T20:35:17.012+00:00,concluido,227.7,autorizado,4488,23260744192642000105650020000044881980497910
83c93537-d1f6-4e28-ac24-71e4529c4789,2026-07-26T20:38:05.476+00:00,concluido,202.8,autorizado,4491,23260744192642000105650020000044911498748783
8f3473ef-7207-42da-97d6-fbe1412c156e,2026-07-26T20:41:23.794+00:00,concluido,275,autorizado,4496,23260744192642000105650020000044961255049541
39cf88e9-3919-4d9a-9605-79f2ec7e3f2e,2026-07-26T20:45:58.949+00:00,concluido,195,pendente,,
e9059110-9b5f-4821-917a-101a17f1d4be,2026-07-26T20:49:02.623+00:00,concluido,14.3,pendente,,
5032a155-d3b2-41dc-97b6-c6691d0364c7,2026-07-26T20:38:50.089+00:00,concluido,518.1,pendente,,
11a8cf0f-157c-47ad-afb8-88c89c3ef425,2026-07-26T20:42:06.827+00:00,concluido,178.2,autorizado,4498,23260744192642000105650020000044981466200937
6f526a89-5fe8-4c97-a5d5-a8f3bac0d5ed,2026-07-26T20:43:31.804+00:00,concluido,191,autorizado,4499,23260744192642000105650020000044991644171358
d278d101-1702-44cd-9ba4-91be2c794083,2026-07-26T20:39:42.644+00:00,concluido,249,autorizado,4493,23260744192642000105650020000044931676422816
ac552468-a856-411f-8e7f-637979a4fd90,2026-07-19T17:57:56.834+00:00,concluido,172.7,autorizado,4011,23260744192642000105650020000040111869206662
4a8e6fdf-1798-4918-94c1-445865f45033,2026-07-19T19:10:44.358+00:00,concluido,214.5,autorizado,4046,23260744192642000105650020000040461623832481
18dc2467-ffb9-4f92-8228-dee8fa4e6cbe,2026-07-19T19:33:29.327+00:00,concluido,187,rejeitado,4055,23260744192642000105650020000040551695867043
655e7048-5f34-47b2-becb-2aeace9e2eb5,2026-07-26T20:40:33.713+00:00,concluido,155,autorizado,4494,23260744192642000105650020000044941901966170
98694387-dcd0-4c73-b053-c401db65e2e7,2026-07-27T20:36:11.271+00:00,concluido,23.1,autorizado,4707,23260744192642000105650020000047071413900936
332ad5dc-bd80-4b11-8385-d213d1ab2e12,2026-07-19T19:15:01.149+00:00,cancelado,65,pendente,,
5ff03b91-c490-478e-995b-086589f55e78,2026-07-26T20:40:07.049+00:00,concluido,284.46,autorizado,4495,23260744192642000105650020000044951746027621
cc474022-7f66-4877-a9e5-678eb8c643c1,2026-07-26T20:48:05.438+00:00,concluido,6.6,pendente,,
5bcf2892-326b-4ad4-96b0-0a865b22d161,2026-07-26T20:52:25.099+00:00,concluido,220.88,autorizado,4502,23260744192642000105650020000045021769718490
d6649653-1248-4522-80a4-f32a56833113,2026-07-27T20:38:35.883+00:00,concluido,466.4,autorizado,4708,23260744192642000105650020000047081609243625
5d3a2350-728c-404f-9561-9a78f96f1ec6,2026-07-19T19:34:52.718+00:00,concluido,158.4,pendente,,
5ab0d592-7b1c-442d-815e-c5dfdb96b065,2026-07-19T19:43:58.436+00:00,concluido,265,rejeitado,4063,23260744192642000105650020000040631780244480
0a459308-2614-44cc-a479-c1113b0a8ea7,2026-07-19T19:47:39.598+00:00,cancelado,0,pendente,,
1ac9e18c-840e-4818-81af-40f508790005,2026-07-19T19:50:10.42+00:00,cancelado,0,pendente,,
ce403185-68cf-4bc4-932c-891e1665fa01,2026-07-19T19:50:53.267+00:00,cancelado,10,pendente,,
f9af8357-1e65-4f3a-b645-192bf416a5e8,2026-07-19T19:51:30.95+00:00,cancelado,0,pendente,,
3dea5fdb-45a2-44f7-9a14-6265e3d29117,2026-07-19T19:51:38.28+00:00,cancelado,0,pendente,,
a6b8c904-264c-4e53-a302-5e67c6ab6035,2026-07-19T19:52:01.218+00:00,cancelado,0,pendente,,
75095471-f9fe-45d6-acff-cbc2ec3f1966,2026-07-19T19:53:26.224+00:00,cancelado,0,pendente,,
68d59d7c-8dc5-433f-bb30-166439c0a50d,2026-07-19T19:53:52.991+00:00,cancelado,0,pendente,,
918f0d48-d087-44cd-bce6-3fb5533c722e,2026-07-19T19:55:20.607+00:00,concluido,84.7,pendente,,
455f32b7-5846-4c3f-97d8-d5964a8e56ee,2026-07-27T20:39:01.72+00:00,concluido,152.24,autorizado,4709,23260744192642000105650020000047091429887203
2ad62af6-8762-41d1-b774-81b5987f3c29,2026-07-19T14:46:54.542+00:00,concluido,16.39,autorizado,3962,23260744192642000105650020000039621313953220
f7605cc4-dcd3-48f1-b512-a8623ade3b5a,2026-07-19T13:50:50.073+00:00,concluido,49.5,pendente,,
56165629-4cf3-4328-aa9b-26cb15a1ef08,2026-07-19T14:56:37.049+00:00,cancelado,130,pendente,,
0d0c0ce7-8990-457a-9d8c-1fa27167cd46,2026-07-19T14:42:58.971+00:00,concluido,39.6,autorizado,3961,23260744192642000105650020000039611464327258
2373c81c-1477-4d85-87d6-95e7a99b90f6,2026-07-19T15:05:58.115+00:00,concluido,225.5,autorizado,3965,23260744192642000105650020000039651868501054
c37b4cad-56b3-4ca0-bce0-08a010c52725,2026-07-19T16:05:13.22+00:00,concluido,214.5,autorizado,3973,23260744192642000105650020000039731184560433
7c16cf4b-9027-4c5d-8694-7b80ef689a40,2026-07-19T16:13:23.789+00:00,cancelado,10,pendente,,
82943f54-9fa6-4d13-afd7-8cedc2def79d,2026-07-19T17:16:23.473+00:00,concluido,283.58,autorizado,3992,23260744192642000105650020000039921872925880
67f1ec01-90f1-436b-b291-06e627950008,2026-07-19T17:25:00.343+00:00,cancelado,10,pendente,,
6bfe6dfc-1e33-4a18-bf55-ff6948f62696,2026-07-19T17:29:24.589+00:00,cancelado,10,pendente,,
d19900b3-48f7-47c6-8219-4fb8a2aaa137,2026-07-19T14:53:27.127+00:00,concluido,37.18,autorizado,3963,23260744192642000105650020000039631957843045
190cd98c-1d54-4387-8d54-4b2930a3357a,2026-07-19T14:55:52.404+00:00,concluido,79.2,autorizado,3964,23260744192642000105650020000039641172258487
36136cae-d3d1-4401-9c22-2425d95fb1ad,2026-07-26T20:46:58.669+00:00,cancelado,310,pendente,,
bb339e42-8b5e-4d4d-8460-9bdad2b30cea,2026-07-26T20:55:10.479+00:00,concluido,323.29,autorizado,4505,23260744192642000105650020000045051159703610
3b3e5cd8-232a-4ca6-8c5c-080b74207755,2026-07-19T15:08:45.927+00:00,cancelado,280,pendente,,
b7ee2b60-8232-42a1-aece-5b680bdd33a8,2026-07-19T15:33:15.104+00:00,cancelado,0,pendente,,
3241c123-3ac3-4f1b-91c3-cc2ea5302da5,2026-07-19T15:38:51.094+00:00,cancelado,78,pendente,,
147ec5dc-c1e7-44c0-9a18-9962db5e04be,2026-07-19T16:14:13.172+00:00,cancelado,10,pendente,,
540e374d-ab03-4473-8512-ea48aaec0800,2026-07-19T16:14:22.167+00:00,cancelado,7,pendente,,
f8d6609e-bd90-483f-bd3e-de4975b6de14,2026-07-19T16:16:55.538+00:00,cancelado,10,pendente,,
f8bf8390-029b-49d5-b60d-3870c6764e30,2026-07-19T15:18:35.103+00:00,concluido,160.27,autorizado,3966,23260744192642000105650020000039661305674464
67537667-9979-4d1f-bb9a-140a5bf515b0,2026-07-19T15:55:10.818+00:00,concluido,243.65,autorizado,3969,23260744192642000105650020000039691291775244
d871998b-b0a4-4314-a3df-3f36ae509876,2026-07-26T20:43:18.467+00:00,concluido,172.7,autorizado,4500,23260744192642000105650020000045001811327967
5a9e7f96-1ef9-4f8e-92de-ee2e58627bef,2026-07-19T16:01:41.764+00:00,concluido,90.2,autorizado,3971,23260744192642000105650020000039711222971607
552abe67-30aa-47b0-be02-7fdcf1749b7f,2026-07-19T16:03:36.308+00:00,concluido,148.5,autorizado,3972,23260744192642000105650020000039721416037346
76cd2059-097c-4323-b785-b9a016612f39,2026-07-19T16:22:04.217+00:00,cancelado,10,pendente,,
304910e8-0260-4203-9c0a-571bdf7a596c,2026-07-19T16:27:12.481+00:00,concluido,336.6,autorizado,3978,23260744192642000105650020000039781401582304
741bcdd8-3a55-4586-9a7a-f20004a5ff36,2026-07-19T16:28:55.337+00:00,concluido,240.79,autorizado,3979,23260744192642000105650020000039791107444355
b82ea17d-e150-4976-826c-b6c84f0f06e0,2026-07-26T20:43:53.457+00:00,concluido,260.48,pendente,,
73c54f07-5fdb-4cbd-998b-4501aee6a003,2026-07-19T16:18:29.237+00:00,concluido,189.09,autorizado,3974,23260744192642000105650020000039741960573286
c4b3deb1-1cf9-44f0-b815-f1b68c9aa31d,2026-07-26T20:51:29.266+00:00,concluido,192,autorizado,4501,23260744192642000105650020000045011543453447
c10a722f-ad36-491b-8299-004f433cfad9,2026-07-19T16:21:10.8+00:00,concluido,107.8,autorizado,3977,23260744192642000105650020000039771778453345
6140897e-bdb7-4964-a264-ade5215c92b4,2026-07-27T20:53:40.163+00:00,cancelado,307.9,autorizado,4712,23260744192642000105650020000047121529332918
88f50554-6ddb-40fe-b909-7e3f22004991,2026-07-19T16:19:06.563+00:00,concluido,299.64,autorizado,3975,23260744192642000105650020000039751687433983
e450d08e-f7a9-4a26-affe-51ef084f5de0,2026-07-19T16:19:12.168+00:00,concluido,158.4,autorizado,3976,23260744192642000105650020000039761203394574
322f2101-46d8-4500-9cc1-aa3bfc5951a4,2026-07-19T16:30:33.28+00:00,cancelado,10,pendente,,
2d2ce49c-1492-4935-ad95-a3df7edd94d8,2026-07-19T16:31:37.143+00:00,concluido,273.9,autorizado,3980,23260744192642000105650020000039801971268690
742c5d21-3ee5-4ea8-9bfb-b202f5187a4c,2026-07-19T16:33:59.355+00:00,concluido,195.36,autorizado,3982,23260744192642000105650020000039821436307612
0f159199-f1aa-47bd-a213-d010e7da070c,2026-07-19T16:40:38.808+00:00,cancelado,0,pendente,,
c2bef16f-08a6-4d33-9858-76a240fe3583,2026-07-19T16:55:53.613+00:00,cancelado,10,pendente,,
234b63ab-008d-4ca6-83c0-cb7fb16ee9ac,2026-07-19T16:33:49.498+00:00,concluido,187,autorizado,3981,23260744192642000105650020000039811645079747
ba8b3306-d368-4223-8a43-936ea7aef512,2026-07-19T16:40:20.605+00:00,concluido,143,autorizado,3983,23260744192642000105650020000039831920584138
f56b8348-3260-4e22-8fdf-17751c6522d9,2026-07-19T16:42:38.106+00:00,concluido,245.3,autorizado,3985,23260744192642000105650020000039851987733970
197b3284-036e-4e9d-87a6-1494de5aea0e,2026-07-19T16:48:51.603+00:00,concluido,18.59,autorizado,3986,23260744192642000105650020000039861681758272
03b9728c-118f-4aeb-9686-136704a7e2a7,2026-07-19T17:39:35.65+00:00,concluido,358.6,autorizado,4001,23260744192642000105650020000040011660836574
57862a83-c57d-45a5-a590-26452e1ce0fe,2026-07-19T17:39:32.154+00:00,cancelado,0,pendente,,
72dc593a-6e69-4fdd-80d8-a778ce41edc1,2026-07-19T16:50:39.024+00:00,concluido,256.3,autorizado,3987,23260744192642000105650020000039871294229028
46458ee4-328e-4921-94c8-e1eecedabbab,2026-07-19T16:52:23.835+00:00,concluido,306,pendente,,
989c114a-49bc-48e8-ad0a-d76686fa32b4,2026-07-19T17:44:44.221+00:00,cancelado,0,pendente,,
b2a50f21-fd46-4d5d-bf63-ef5135414f4e,2026-07-19T17:44:36.347+00:00,concluido,198,pendente,,
eaa38224-b5d3-4567-bf84-a97f6eeabd2e,2026-07-19T17:29:13.226+00:00,concluido,325.6,autorizado,4004,23260744192642000105650020000040041939527638
987692ea-3e29-4dbc-9b56-6a166db99c5a,2026-07-19T17:15:25.078+00:00,concluido,141.9,autorizado,3990,23260744192642000105650020000039901588540370
0a82d6cb-4414-4c95-9925-c5c3e6a951b9,2026-07-26T20:49:29.201+00:00,concluido,45.1,pendente,,
1a33f94b-9006-4616-b5a2-a0482077acce,2026-07-19T17:18:33.126+00:00,concluido,229.9,autorizado,3993,23260744192642000105650020000039931269062520
ad076a47-acb6-46fb-807f-75da22904614,2026-07-19T17:17:07.112+00:00,cancelado,367.18,autorizado,3991,23260744192642000105650020000039911144191796
0cffbd80-40a8-4371-a88e-e506e87284ee,2026-07-19T17:19:29.622+00:00,concluido,391.6,autorizado,3994,23260744192642000105650020000039941669231733
8bd43eb9-ed90-4b7c-8e12-ee083b1e0e12,2026-07-19T17:21:03.052+00:00,concluido,192.5,autorizado,3995,23260744192642000105650020000039951834858340
60bd8280-411a-4aa3-8bd7-0ffcc76d9ef5,2026-07-19T17:22:56.784+00:00,concluido,520.3,autorizado,3996,23260744192642000105650020000039961225831570
7520c049-7186-497b-8e00-06a8a93e1a8a,2026-07-26T20:55:53.16+00:00,concluido,389.4,pendente,,
76355987-9b66-4803-ac9b-6460de9d5880,2026-07-26T20:57:14.655+00:00,concluido,190.3,autorizado,4508,23260744192642000105650020000045081177987715
446df4d1-afd5-45f1-b79f-efe3fc01065f,2026-07-19T17:24:40.539+00:00,concluido,279.4,autorizado,3997,23260744192642000105650020000039971932640190
468e7063-dcda-4d56-b19c-205b8d9a4210,2026-07-19T17:26:52.294+00:00,cancelado,19.8,pendente,,
1219e8f3-e4e7-4bf1-be80-e694473fb16d,2026-07-26T20:53:51.659+00:00,concluido,668,autorizado,4503,23260744192642000105650020000045031361537461
953417b9-f973-4b4f-a101-263aa3414d50,2026-07-26T20:55:44.749+00:00,concluido,277.86,autorizado,4504,23260744192642000105650020000045041676572317
7b8fd290-9e80-443a-8062-0cdad6773188,2026-07-26T20:57:30.35+00:00,concluido,512,autorizado,4507,23260744192642000105650020000045071858449229
6a2df241-6a71-4c0f-b325-4c247c7c846c,2026-07-27T20:39:33.922+00:00,concluido,170.5,autorizado,4710,23260744192642000105650020000047101135531410
14f80b9f-0bf6-4cfa-8c0e-6bfc6673d162,2026-07-19T17:25:37.083+00:00,concluido,438.78999999999996,autorizado,3998,23260744192642000105650020000039981362116355
929de5f3-5350-4096-b827-8ed59547c0da,2026-07-19T17:35:29.337+00:00,concluido,27.39,autorizado,3999,23260744192642000105650020000039991416445944
1234c793-5070-4e3e-8d17-c6748d97613d,2026-07-19T17:36:31.276+00:00,concluido,77,autorizado,4000,23260744192642000105650020000040001902687250
fdd05b78-e1e5-4d52-9999-e8fb71ff106f,2026-07-19T17:45:28.654+00:00,concluido,27.5,autorizado,4005,23260744192642000105650020000040051360410457
71f27b78-13d8-46be-aba5-57d55ca79165,2026-07-19T17:47:11.53+00:00,cancelado,10,pendente,,
2dfc67e9-a2c6-4894-b4ad-c8b83761da9d,2026-07-26T20:56:27.99+00:00,concluido,232.1,autorizado,4506,23260744192642000105650020000045061961964907
79048e2d-e1eb-4ed7-adf4-4d1d0d57348c,2026-07-19T17:41:23.403+00:00,concluido,370.7,autorizado,4002,23260744192642000105650020000040021663362040
11f79799-0351-4cb0-a82d-6bfcec13e1fe,2026-07-19T17:39:57.758+00:00,concluido,314.49,autorizado,4009,23260744192642000105650020000040091637104358
5294c315-a42d-4d92-82c6-704acf2be852,2026-07-19T17:42:44.235+00:00,concluido,198,autorizado,4003,23260744192642000105650020000040031995849303
02e5ef26-a28e-4279-b750-90b3e180761e,2026-07-19T17:48:06.121+00:00,concluido,337.7,autorizado,4006,23260744192642000105650020000040061416598720
3b7e2511-997a-499a-aaa5-87a71d3c971c,2026-07-19T17:55:16.82+00:00,cancelado,10,pendente,,
eac1749d-49f8-44bf-b24e-ff4b0f01ba41,2026-07-19T17:55:36.092+00:00,cancelado,10,pendente,,
1967305e-d6bc-44e4-939b-8ac2f14bc6b2,2026-07-19T18:01:12.625+00:00,concluido,488.4,autorizado,4013,23260744192642000105650020000040131833548576
08fdb216-891e-4844-a893-52fa5a5da4c1,2026-07-19T18:03:07.482+00:00,concluido,460.9,autorizado,4014,23260744192642000105650020000040141759135924
5618e7b8-4530-464d-909e-dc6e04a43c1e,2026-07-19T17:59:16.348+00:00,concluido,262.9,autorizado,4012,23260744192642000105650020000040121356333790
56903194-949b-4466-9633-04b66c613a7f,2026-07-19T17:59:20.832+00:00,cancelado,10,pendente,,
72af46ca-aac2-4691-a757-b287aa5084a6,2026-07-19T18:03:07.974+00:00,cancelado,10,pendente,,
4fea3226-c98a-4f54-a46e-92da24890f52,2026-07-19T18:04:15.633+00:00,cancelado,10,pendente,,
90279cd5-f15a-4e89-8a73-9d6d0c4719b7,2026-07-19T18:05:26.324+00:00,concluido,158.4,autorizado,4015,23260744192642000105650020000040151551687530
3a93a55c-7c9e-4c81-96c5-2d5883c040f5,2026-07-19T18:05:04.858+00:00,concluido,150.7,autorizado,4016,23260744192642000105650020000040161450131526
1a1dd729-f04b-45fc-8921-9b60809380a0,2026-07-19T18:13:32.33+00:00,concluido,154,autorizado,4021,23260744192642000105650020000040211356848625
78271340-2a46-4259-91b3-df4f1ca99c3e,2026-07-19T18:14:15.335+00:00,cancelado,27,pendente,,
10333556-0ae9-4473-8cc1-9f210c4f8e9f,2026-07-19T18:15:28.245+00:00,cancelado,27,pendente,,
4119dc55-45d8-40d1-9c6f-53ed9296a4a0,2026-07-19T18:06:48.675+00:00,concluido,221.1,autorizado,4017,23260744192642000105650020000040171337795810
64e187ae-ade6-481a-9fe8-60fc982e804c,2026-07-19T18:08:49.888+00:00,cancelado,10,pendente,,
42d58f1e-e333-4405-b4a9-e0f5c1058d12,2026-07-26T20:58:50.648+00:00,concluido,209.6,autorizado,4509,23260744192642000105650020000045091877499125
a0a3f663-5193-4e71-bd3e-f1752cace35f,2026-07-19T18:10:35.492+00:00,concluido,185.9,autorizado,4018,23260744192642000105650020000040181238676969
b2b9ce31-43e7-42a1-8bf3-66c65c58fe3e,2026-07-19T18:17:47.645+00:00,cancelado,30,pendente,,
af12bd8b-c3b2-46ff-9831-850bb0183827,2026-07-19T18:25:37.575+00:00,concluido,8.8,autorizado,4027,23260744192642000105650020000040271492903199
113d0fad-4b35-431b-af11-eaa97b600460,2026-07-19T18:28:00.087+00:00,cancelado,10,pendente,,
2205fa0d-946c-4d40-8e90-de9d62ba46b1,2026-07-19T18:11:42.382+00:00,concluido,213.4,autorizado,4019,23260744192642000105650020000040191472017566
7b909eb7-5167-4aeb-b1a6-56d74b36b528,2026-07-19T18:12:52.004+00:00,concluido,167.09,autorizado,4020,23260744192642000105650020000040201578170890
8685be0e-a8c7-46c7-832e-f1cce4779a90,2026-07-19T18:15:41.655+00:00,cancelado,10,pendente,,
06fe25f3-d55f-45aa-af85-2546782e0544,2026-07-19T18:37:45.527+00:00,cancelado,120,pendente,,
8f176dd5-a6a1-4bbd-b547-c30830befae5,2026-07-19T18:37:52.567+00:00,cancelado,20,pendente,,
ba3b4d4f-17c2-44aa-acab-fbabb84dd307,2026-07-19T18:40:37.046+00:00,concluido,184.69,autorizado,4035,23260744192642000105650020000040351886056810
f44a5694-f92d-49a8-b29e-003f481ce47a,2026-07-19T18:46:20.805+00:00,cancelado,15,pendente,,
1e4828cb-44b1-42f9-92a7-6545aaed86b8,2026-07-19T18:50:12.849+00:00,concluido,66,pendente,,
fcf31ad7-1e8e-4a86-91be-1d4fb93c969d,2026-07-19T18:17:30.292+00:00,concluido,217.8,autorizado,4022,23260744192642000105650020000040221809053324
fd963249-ca3e-4474-8e1c-19e0baec9add,2026-07-19T18:26:47.012+00:00,concluido,181.39,autorizado,4029,23260744192642000105650020000040291960959583
b79edd8c-e2b8-4730-896e-4dff8ef1012e,2026-07-19T19:46:12.002+00:00,concluido,114.4,autorizado,4064,23260744192642000105650020000040641688953591
50f84ac0-eb4c-4cff-81ed-c09d527d2f05,2026-07-19T19:47:56.333+00:00,cancelado,0,pendente,,
b72ff435-81c5-40a4-8214-251c16abc2df,2026-07-19T19:48:16.149+00:00,cancelado,0,pendente,,
75627beb-e2bb-4184-a3db-63160320ed71,2026-07-19T20:06:23.546+00:00,concluido,265.1,autorizado,4081,23260744192642000105650020000040811531045660
20041c71-3e30-461e-9fbd-d429acc2066a,2026-07-19T20:07:58.733+00:00,cancelado,10,pendente,,
1e29b0c0-770b-46e5-9990-ab41fca4a001,2026-07-19T20:11:19.24+00:00,concluido,144,autorizado,4085,23260744192642000105650020000040851747471675
e32519d2-76f0-4742-a77b-d498eb53225b,2026-07-19T18:19:33.417+00:00,concluido,365.2,autorizado,4023,23260744192642000105650020000040231455994241
4f8e07b2-e165-4211-a5d1-98a1b4b09de9,2026-07-19T18:21:05.061+00:00,concluido,238.7,autorizado,4025,23260744192642000105650020000040251828276556
d17900fe-a2a2-4e86-b5a7-7d0f5c78a8ec,2026-07-19T18:38:17.591+00:00,concluido,171.6,autorizado,4034,23260744192642000105650020000040341830520964
041b7fd7-e2e9-4487-babe-d54de49cd41f,2026-07-19T18:40:14.193+00:00,cancelado,21,pendente,,
8b01b9a4-aa8e-4371-8405-f36d746c2284,2026-07-19T18:40:26.467+00:00,cancelado,130,pendente,,
a357372e-1bf0-439d-8d1a-490b0cdb3b99,2026-07-19T18:42:16.194+00:00,cancelado,10,pendente,,
d4a3e141-2b58-48cd-99c3-1c391a71df6e,2026-07-19T18:48:46.616+00:00,cancelado,10,pendente,,
046a5579-4806-4c07-9854-2f0a96da6091,2026-07-19T19:23:26.278+00:00,concluido,256.96,autorizado,4049,23260744192642000105650020000040491107485520
a23f52f5-c5a9-4809-a10d-31dd67122b86,2026-07-19T20:12:54.834+00:00,cancelado,10,pendente,,
ada297b5-bf74-467d-be46-8e2f3cf9b185,2026-07-19T18:19:57.948+00:00,concluido,408.1,autorizado,4024,23260744192642000105650020000040241879887407
ac5855bf-32dd-4542-aafa-1a5dea215a8b,2026-07-19T18:24:48.472+00:00,cancelado,10,pendente,,
56f2fdad-7a8d-401f-8b29-129d63193b81,2026-07-19T18:27:32.008+00:00,concluido,366.96,autorizado,4031,23260744192642000105650020000040311897951698
b63a936d-7b9f-47ed-b673-dd3c3b12cad4,2026-07-19T18:41:21.387+00:00,concluido,196.9,autorizado,4036,23260744192642000105650020000040361740079961
bf7c0f4c-c349-428d-836d-6982c4e65f84,2026-07-19T18:41:32.206+00:00,cancelado,11,pendente,,
a507f6ae-7a9c-4a92-90a1-d6fe8b541ab9,2026-07-19T18:43:16.345+00:00,cancelado,10,pendente,,
5a0b2382-98a6-40c0-89c2-5c76acf611d1,2026-07-19T18:43:06.926+00:00,cancelado,0,pendente,,
9aae40a7-9dc4-4756-a108-b0b1e73ee408,2026-07-19T18:46:35.499+00:00,cancelado,10,pendente,,
18666bc7-e362-48d7-94f5-584b97806d23,2026-07-19T18:47:23.356+00:00,cancelado,10,pendente,,
74e3fbea-01b3-45ea-a59c-b60a6aeb887d,2026-07-19T18:24:40.727+00:00,concluido,462,autorizado,4026,23260744192642000105650020000040261661681557
241a90c8-9b06-4963-8127-ac04ea7ce91c,2026-07-27T20:42:14.311+00:00,concluido,140.8,autorizado,4711,23260744192642000105650020000047111748500940
4e531b5b-3915-4faa-a8fc-00e028cfaec5,2026-07-19T18:25:38.99+00:00,concluido,224.4,autorizado,4028,23260744192642000105650020000040281516865973
2f597342-adb1-4e73-ab44-c69b2c169821,2026-07-19T18:27:07.716+00:00,cancelado,0,pendente,,
0c2bae0b-b357-4bae-a4d3-eb656b993888,2026-07-19T18:29:04.475+00:00,cancelado,10,pendente,,
401b64a2-a02c-4565-bb06-11eba7f9fed9,2026-07-19T18:29:45.956+00:00,cancelado,10,pendente,,
d144a87b-79dd-4921-80b7-c17961c03de3,2026-07-19T18:34:23.253+00:00,concluido,188.1,autorizado,4032,23260744192642000105650020000040321610033490
55aae6b6-82c5-45d9-a490-74befa5a0a04,2026-07-19T18:27:08.538+00:00,concluido,74.8,autorizado,4030,23260744192642000105650020000040301818746320
19afacc4-f434-4fd9-90b9-f93cc357c749,2026-07-19T18:33:46.38+00:00,cancelado,10,pendente,,
830e3b01-80a1-42f3-a2e6-946676f7cd36,2026-07-19T18:36:45.933+00:00,cancelado,10,pendente,,
ba6e07a1-517e-4e93-99bb-cd5e03461b17,2026-07-19T18:38:22.895+00:00,concluido,257.4,autorizado,4033,23260744192642000105650020000040331570296620
62fad191-12dc-4381-91ed-336b7e1c544a,2026-07-19T18:40:32.56+00:00,cancelado,10,pendente,,
b0da8b77-8852-4518-bed4-57e0c7906968,2026-07-19T18:41:23.158+00:00,cancelado,10,pendente,,
4b1523ad-0323-4793-87c4-033e2f11f135,2026-07-19T18:49:04.758+00:00,concluido,278.3,autorizado,4038,23260744192642000105650020000040381643983173
04a91fb0-b8e7-438a-b59d-4660da73aeba,2026-07-27T20:43:57.792+00:00,cancelado,0,pendente,,
02fb6649-36cc-47df-a734-2fa215cb4950,2026-07-19T18:49:30.689+00:00,cancelado,27,pendente,,
f1c8c5c0-9519-4086-9d24-1bd399007bd6,2026-07-19T18:58:06.412+00:00,cancelado,8,pendente,,
88d1b3c7-0123-48da-9bd2-1a360f9ff025,2026-07-19T18:49:44.579+00:00,concluido,257.4,autorizado,4039,23260744192642000105650020000040391931572990
73f30c40-ae3e-4d15-acc5-b268b9404add,2026-07-19T18:52:26.59+00:00,concluido,238.70000000000002,autorizado,4040,23260744192642000105650020000040401357915550
e94ab6a6-5ae2-42ed-8e85-c128fe13798b,2026-07-19T18:52:45.033+00:00,cancelado,10,pendente,,
3d6c9d7d-06c5-4b2d-b89e-98a2d682f0fc,2026-07-19T18:53:32.729+00:00,concluido,294.8,pendente,,
719bae0f-bf37-4094-9f7a-2ae70374d766,2026-07-19T19:01:59.869+00:00,concluido,178.2,autorizado,4044,23260744192642000105650020000040441814091775
fd5cf530-f801-41ef-bdf1-fbcd65b9702b,2026-07-19T19:05:35.366+00:00,cancelado,10,pendente,,
4aaa0fe9-9498-4aec-bf7d-4e9daf6378ac,2026-07-19T19:09:40.379+00:00,cancelado,10,pendente,,
27fe2f45-aa77-437c-ba4f-43e6fd951004,2026-07-19T18:58:14.658+00:00,concluido,192.5,autorizado,4041,23260744192642000105650020000040411931346670
2839705d-ad37-48c7-b128-abc9b4584d0f,2026-07-26T20:59:42.537+00:00,concluido,127.6,pendente,,
ce7acfb9-96a5-4675-baab-e4d78fa00410,2026-07-26T20:59:05.908+00:00,concluido,146.6,autorizado,4510,23260744192642000105650020000045101899721344
d064c459-bc5e-45f3-aa53-bd668bff24d2,2026-07-19T19:00:34.952+00:00,concluido,611.6,autorizado,4043,23260744192642000105650020000040431858990000
58df3bc2-b8c0-41a0-9209-69367ff322e2,2026-07-26T20:59:51.208+00:00,concluido,184.8,rejeitado,4511,23260744192642000105650020000045111129847432
0521acc0-7c38-4c9c-90e7-34681704e6f0,2026-07-19T19:09:58.733+00:00,concluido,280.39,autorizado,4045,23260744192642000105650020000040451260574593
3fd3025f-e6f8-46b5-af31-c92e9e559dea,2026-07-19T19:17:07.772+00:00,cancelado,10,pendente,,
33be8c16-e079-46da-8de6-df9e00078ce5,2026-07-19T19:21:10.524+00:00,concluido,207.9,autorizado,4047,23260744192642000105650020000040471725495538
fca7745b-8334-49d9-87e3-f762e2a9b972,2026-07-19T19:21:39.804+00:00,concluido,150,pendente,,
943165ea-45cf-4f93-a4e4-c55aecb3c7ad,2026-07-19T19:23:14.289+00:00,concluido,517,autorizado,4048,23260744192642000105650020000040481691396181
aaed0f99-7773-4860-a64c-9e13eb92fdd7,2026-07-19T19:26:25.877+00:00,concluido,187,autorizado,4051,23260744192642000105650020000040511224204460
896e5e7b-f6c1-4a16-9a75-03ca61e88189,2026-07-19T19:27:56.58+00:00,concluido,226.6,autorizado,4052,23260744192642000105650020000040521322235791
5c5f9856-168b-4aac-858f-066225a94f0b,2026-07-19T19:29:25.597+00:00,concluido,100,pendente,,
a57f86a1-6004-4bfa-8840-ae15c8da9f49,2026-07-19T19:32:39.698+00:00,concluido,281.6,pendente,,
d01844d5-6a02-45a6-a53b-dc0cc2ac873a,2026-07-19T19:24:49.845+00:00,concluido,449.9,autorizado,4050,23260744192642000105650020000040501665739890
55edaa4b-ef1b-4317-996a-cfac7678f754,2026-07-26T21:00:24.303+00:00,concluido,174.9,autorizado,4511,23260744192642000105650020000045111308376728
49dc8c17-0e1c-4385-9496-8a7885789be9,2026-07-26T21:00:58.933+00:00,concluido,254.76,autorizado,4512,23260744192642000105650020000045121256911927
a30de199-5134-4ec2-8bac-f24a250f01e9,2026-07-26T21:02:00.925+00:00,concluido,238.7,autorizado,4516,23260744192642000105650020000045161130271790
de982dcf-b1fc-4a62-84bd-f95884ae3890,2026-07-19T19:30:36.199+00:00,concluido,536.8,autorizado,4053,23260744192642000105650020000040531270896102
ab27ab81-217f-4670-ae1f-c92ad4efa8b7,2026-07-19T19:31:35.542+00:00,concluido,314.27,autorizado,4054,23260744192642000105650020000040541952063889
6d5a63f1-e4d8-43da-9273-60bfe61e3b03,2026-07-19T19:32:03.246+00:00,concluido,308,pendente,,
f8328026-8fe8-4637-a4c9-b2d91e8c3d56,2026-07-19T19:34:25.912+00:00,concluido,198,autorizado,4056,23260744192642000105650020000040561319088561
c52f6bb3-6de2-4ecb-9201-e0c51129fb25,2026-07-26T21:08:15.094+00:00,concluido,187,autorizado,4522,23260744192642000105650020000045221849327988
388683fe-af7a-40eb-9a77-d24099a795eb,2026-07-26T21:10:58.837+00:00,concluido,5.5,pendente,,
7706370e-8f1c-4d52-9618-aa0ecfa8689e,2026-07-19T19:36:33.917+00:00,concluido,246.4,autorizado,4057,23260744192642000105650020000040571344458226
ccc8adb3-c9d6-44c2-b5b1-c42a68905904,2026-07-19T19:37:26.074+00:00,concluido,448.69,autorizado,4058,23260744192642000105650020000040581304329201
779ff443-b1a0-466f-8d5d-5bda5320cd5a,2026-07-19T19:43:55.195+00:00,concluido,37.4,pendente,,
07c669c3-c059-4070-8cbc-0cd3baa5811d,2026-07-19T19:49:03.681+00:00,cancelado,0,pendente,,
93fa9a77-df54-4676-9b15-56f728decfc7,2026-07-19T19:51:03.309+00:00,cancelado,0,pendente,,
9720a8f9-4b7b-4001-8a77-5b2e7993ed4f,2026-07-19T19:51:46.728+00:00,cancelado,0,pendente,,
90c88ced-69d4-4bc4-9b47-814627a7d88f,2026-07-19T19:54:44.879+00:00,cancelado,0,pendente,,
6b4bda2c-8a74-42f1-85a9-851637c6bad6,2026-07-26T21:01:16.094+00:00,concluido,19.8,autorizado,4513,23260744192642000105650020000045131485824876
a632388d-093e-48a7-8560-af7ea25ee0af,2026-07-19T19:37:59.651+00:00,concluido,279.4,pendente,,
3a0e0f72-2831-4246-a2ba-2ad3e3da3baf,2026-07-19T19:40:32.856+00:00,concluido,456.5,rejeitado,4060,23260744192642000105650020000040601913717358
371b1ed8-dcb0-4076-8387-0096ffcff157,2026-07-19T19:42:11.595+00:00,concluido,562.1,pendente,,
c6f623c8-d0c2-4ff7-b9e8-d67fac3fe0c2,2026-07-19T19:45:11.653+00:00,concluido,234.08,pendente,,
20667819-b63e-4806-ad7d-f336cbcc2604,2026-07-19T19:48:31.266+00:00,cancelado,0,pendente,,
2768a63f-a712-40e6-947a-5db2cb6903e4,2026-07-19T19:49:53.559+00:00,concluido,166.1,autorizado,4067,23260744192642000105650020000040671862720196
d9e19d5e-a987-4a99-aa7c-e7dee29fdc95,2026-07-19T19:39:30.417+00:00,concluido,191.4,autorizado,4059,23260744192642000105650020000040591744155535
e0ad8396-9207-48bb-a300-d26a8a96e52e,2026-07-19T19:40:42.665+00:00,concluido,608,autorizado,4061,23260744192642000105650020000040611878940707
d4c6b720-b3fd-472d-b486-f268e8c74c9a,2026-07-19T19:43:05.724+00:00,concluido,246.4,autorizado,4062,23260744192642000105650020000040621124531935
a6ce2283-6254-4261-a22c-0dbb624b2ea4,2026-07-19T19:50:20.944+00:00,cancelado,0,pendente,,
bd467e1f-41c7-4ed4-8e84-b0e5e460a4ad,2026-07-19T19:50:30.617+00:00,cancelado,0,pendente,,
75966c5d-b140-41c1-a91a-1c6b51ca94a6,2026-07-19T19:51:20.845+00:00,cancelado,0,pendente,,
5aaa581e-2a71-4b7f-a78a-8eecb1b68c18,2026-07-19T19:52:20.376+00:00,cancelado,0,pendente,,
7d95abdf-363f-4126-b456-5f1c448f2508,2026-07-19T19:46:54.155+00:00,concluido,297,autorizado,4065,23260744192642000105650020000040651848224050
c76a1d7e-4fd5-4327-a3bc-089f8e71e367,2026-07-19T19:48:44.382+00:00,cancelado,0,pendente,,
dcb3b0cc-8a2a-49b5-9d94-b444601b8a0f,2026-07-19T19:50:40.476+00:00,cancelado,0,pendente,,
380b8c70-d5f5-4c3b-824a-09b937375565,2026-07-26T21:00:47.45+00:00,concluido,150.7,autorizado,4514,23260744192642000105650020000045141516600629
6df1f9dd-a01d-4b49-b6e0-5b94da893c54,2026-07-26T21:03:04.633+00:00,concluido,152,autorizado,4517,23260744192642000105650020000045171795304888
92586847-e01a-40fe-9a4b-e63a4cb43eac,2026-07-26T21:04:18.828+00:00,concluido,75.9,autorizado,4518,23260744192642000105650020000045181169808447
59cb830d-3a76-4a8f-ba2a-e2f3bd56beaa,2026-07-26T21:04:49.222+00:00,concluido,172.7,pendente,,
82348ef8-4506-4988-a5e1-3ad61e2dbcd0,2026-07-19T19:48:22.671+00:00,concluido,347.6,autorizado,4066,23260744192642000105650020000040661602321634
28988550-96d0-4012-8bf9-b8d394bd58e1,2026-07-19T19:48:53.34+00:00,cancelado,0,pendente,,
b9771511-e698-4226-a075-c73dd5f404a2,2026-07-26T21:01:50.587+00:00,concluido,71.5,autorizado,4515,23260744192642000105650020000045151952768113
d5c0e930-69ab-4267-acd0-10c7f9be3eb7,2026-07-26T21:05:46.771+00:00,concluido,228.8,autorizado,4519,23260744192642000105650020000045191903897540
07d07cb9-8ce6-4a3f-9b3d-6f427f36445a,2026-07-19T19:52:28.684+00:00,concluido,211.2,autorizado,4068,23260744192642000105650020000040681356338836
f195bb4a-67ab-47b5-9bbc-1889b3a890da,2026-07-19T19:54:13.987+00:00,cancelado,0,pendente,,
a75e9fe7-806c-4ff9-9b9a-21aa2541df97,2026-07-19T19:54:38.59+00:00,concluido,236.8,autorizado,4069,23260744192642000105650020000040691191850150
4978ce01-8af3-491f-9552-5df6c613feb2,2026-07-26T21:09:30.856+00:00,concluido,34,autorizado,4523,23260744192642000105650020000045231554371207
9eecb087-978a-4609-b52a-377e867cc702,2026-07-19T20:05:22.865+00:00,concluido,1075.58,autorizado,4079,23260744192642000105650020000040791610459346
c4345773-f11c-4bad-a57b-03052fe0e3dd,2026-07-19T20:08:18.35+00:00,concluido,289.3,autorizado,4082,23260744192642000105650020000040821877259399
0aa72e60-5ba0-4346-94dc-de02124c39f3,2026-07-19T19:55:28.907+00:00,concluido,61.6,autorizado,4070,23260744192642000105650020000040701913179115
ee9ee39f-d800-4ccc-a741-1d0b53153c2e,2026-07-26T21:06:46.412+00:00,concluido,145.64,autorizado,4520,23260744192642000105650020000045201167795613
8b18bfab-e600-44fc-9618-7f7e99d7b910,2026-07-19T19:57:04.663+00:00,concluido,158.4,autorizado,4071,23260744192642000105650020000040711393302098
ed9388cb-eec5-4a43-b2f9-5b2badb7f7e4,2026-07-19T19:57:04.404+00:00,concluido,175.78,autorizado,4072,23260744192642000105650020000040721235002295
758aa6a2-5732-4e7e-8922-60bb6fee1b8d,2026-07-26T21:07:19.387+00:00,concluido,475.09,autorizado,4521,23260744192642000105650020000045211818532272
211853f1-1fef-4151-a40d-9d9298a09a36,2026-07-26T21:08:36.374+00:00,concluido,14,pendente,,
19446af1-65f5-4091-ad82-ad30847780bf,2026-07-19T19:58:05.206+00:00,concluido,278.3,autorizado,4073,23260744192642000105650020000040731834871697
19886c28-0b86-457e-a368-aa47bc708a19,2026-07-19T19:58:41.97+00:00,cancelado,10,pendente,,
b3211a3e-9590-40e9-966f-6bc09d7484ca,2026-07-19T20:00:02.131+00:00,concluido,240.9,autorizado,4074,23260744192642000105650020000040741823310793
f60e534b-b3e6-460c-903d-4a8d0813edc0,2026-07-19T20:14:27.124+00:00,concluido,368.1,autorizado,4087,23260744192642000105650020000040871516865389
b8e890e0-8ea8-4ce7-b1fa-824f0713361c,2026-07-19T20:00:29.516+00:00,concluido,276.1,autorizado,4075,23260744192642000105650020000040751993175053
a2227962-6d5c-4009-822e-49958791a8cf,2026-07-19T20:01:41.083+00:00,concluido,377.3,autorizado,4076,23260744192642000105650020000040761116533261
f18abc28-e83d-4a55-9c3b-9bbbac9692d1,2026-07-19T20:14:24.678+00:00,concluido,67.1,autorizado,4086,23260744192642000105650020000040861286395958
3d3584f2-8f7b-40cd-9d12-89b67e238922,2026-07-19T20:16:24.984+00:00,concluido,308.99,autorizado,4089,23260744192642000105650020000040891416317180
b4a2d07f-25b9-4134-9d3d-deb03b20ba36,2026-07-19T20:25:49.414+00:00,concluido,321.2,autorizado,4098,23260744192642000105650020000040981786781629
0c7fdb67-1a1d-4506-8f95-bb50c3841148,2026-07-19T20:01:42.516+00:00,concluido,490.6,autorizado,4077,23260744192642000105650020000040771946085773
c94f59e2-3103-4fbf-92d7-4228b8edae9c,2026-07-19T20:03:41.245+00:00,concluido,218.9,autorizado,4078,23260744192642000105650020000040781567338166
ae8c9aeb-05e2-4054-9845-8d341fb085e5,2026-07-19T20:06:06.137+00:00,concluido,186,autorizado,4080,23260744192642000105650020000040801308335886
0a881653-5fb9-4718-a2a8-cde42fadb64b,2026-07-19T20:34:01.959+00:00,concluido,26.29,autorizado,4102,23260744192642000105650020000041021609379997
fe787355-1542-496a-b313-df80076e476d,2026-07-19T20:36:00.773+00:00,cancelado,10,pendente,,
7cce20b3-bd19-47d9-9d08-9444a956f72a,2026-07-19T20:10:34.239+00:00,concluido,181.17,autorizado,4083,23260744192642000105650020000040831464752938
c28692e5-7b3d-4e97-8f96-42161f35b6e1,2026-07-19T20:09:54.706+00:00,concluido,187,autorizado,4084,23260744192642000105650020000040841720285512
4046209f-413d-4025-8a95-5c30ad643f74,2026-07-26T21:19:04.151+00:00,concluido,176,pendente,,
1e323464-9b23-4397-9404-c09b20022cb6,2026-07-19T20:23:58.798+00:00,concluido,187.88,autorizado,4096,23260744192642000105650020000040961110395390
a1326849-e760-4901-af14-dfa280fc9fc5,2026-07-26T21:25:14.072+00:00,concluido,151.7,autorizado,4534,23260744192642000105650020000045341309369991
ac7e4455-f3d4-4b8c-a2fc-248feb750d06,2026-07-19T20:15:09.408+00:00,concluido,138,autorizado,4088,23260744192642000105650020000040881995529268
a6392be6-2df9-4f5b-b70e-02363c0b21ca,2026-07-19T20:16:31.834+00:00,cancelado,10,pendente,,
7e65ff71-58d3-49d6-876a-bfabdd9bd71b,2026-07-19T20:19:54.032+00:00,concluido,183.7,autorizado,4092,23260744192642000105650020000040921801920830
29c7f06f-4049-4b8c-8d03-c0888b430817,2026-07-19T20:21:56.013+00:00,cancelado,10,pendente,,
0a7f51f1-a2dd-4208-96ce-343d24beec03,2026-07-26T21:10:13.685+00:00,concluido,71.5,autorizado,4524,23260744192642000105650020000045241844524410
3050ba2b-aaa6-4787-8e08-5e723544a4a0,2026-07-19T20:18:41.391+00:00,concluido,371.8,autorizado,4090,23260744192642000105650020000040901953423044
8de8bab4-868a-42a2-9ac8-ad0b05e94744,2026-07-26T21:12:01.871+00:00,concluido,214.5,pendente,,
f230ab92-22fb-4ed3-948b-34ce95b9051b,2026-07-19T20:04:12.483+00:00,concluido,165,autorizado,4091,23260744192642000105650020000040911492992419
f41c3bda-584d-4963-9252-ed95d939f1a1,2026-07-19T20:20:43.643+00:00,concluido,128.7,autorizado,4093,23260744192642000105650020000040931595776748
d457ea88-bde4-4ce4-b00b-382333a8e7a6,2026-07-19T20:21:00.056+00:00,concluido,306.9,pendente,,
e49754d3-b987-4893-b26a-f30170e06ebd,2026-07-19T20:40:27.237+00:00,cancelado,10,pendente,,
0f525ca2-bdac-49ab-81df-9b5d998ab829,2026-07-19T20:48:19.415+00:00,cancelado,630,pendente,,
df631b07-a459-44c7-bfef-94e57e172141,2026-07-19T20:22:15.725+00:00,concluido,178.2,autorizado,4094,23260744192642000105650020000040941322218706
51c8711f-a855-4e5a-a25d-7e952ca65ea2,2026-07-19T20:23:36.328+00:00,concluido,193.6,autorizado,4095,23260744192642000105650020000040951260872634
633d47fa-e7a2-43a4-b324-9f9e735189e3,2026-07-26T21:14:59.227+00:00,concluido,154,autorizado,4526,23260744192642000105650020000045261591018967
3707ef83-8459-44f2-b753-ee4a48629e42,2026-07-19T20:24:47.599+00:00,concluido,345.4,autorizado,4097,23260744192642000105650020000040971475447819
0afcf601-63ed-46f3-bf4f-402332573bc9,2026-07-19T20:29:54.534+00:00,concluido,144.1,autorizado,4099,23260744192642000105650020000040991799460394
3621f846-c663-4372-bc80-55b07804ad4e,2026-07-19T20:30:34.847+00:00,concluido,225.5,autorizado,4100,23260744192642000105650020000041001232578176
94fa8eff-369e-42d4-b4ed-e12b1deb963f,2026-07-19T20:41:54.725+00:00,concluido,126,autorizado,4104,23260744192642000105650020000041041715930833
db04fb31-683f-474a-b7e6-7f3d6f9f07db,2026-07-19T20:44:12.359+00:00,concluido,130,autorizado,4107,23260744192642000105650020000041071707074810
81a6f389-a187-434e-86fc-63f7985d2d1a,2026-07-19T20:32:32.526+00:00,concluido,213.189,autorizado,4101,23260744192642000105650020000041011162485376
8a616de5-edf2-4708-abd2-12c37a7752de,2026-07-19T20:34:54.518+00:00,concluido,135,autorizado,4103,23260744192642000105650020000041031597845249
548f0412-5470-4d53-8b7e-8e188bc3fa7f,2026-07-19T20:35:23.946+00:00,concluido,303.6,pendente,,
e7b795fc-ec8c-4f31-8cbc-1af37a813d2a,2026-07-19T20:44:21.181+00:00,concluido,255.2,autorizado,4106,23260744192642000105650020000041061333196019
1a3376ef-4a47-4103-aba1-a6f4207aa4ff,2026-07-19T20:45:09.015+00:00,concluido,59.4,pendente,,
cb35d07b-8e8b-489b-8308-a3d127341818,2026-07-26T21:13:42.41+00:00,concluido,254,autorizado,4525,23260744192642000105650020000045251214832920
64349c61-ea08-4c80-8a79-f0d28f39ca0b,2026-07-19T20:43:29.039+00:00,concluido,143,autorizado,4105,23260744192642000105650020000041051581650243
c06c61b1-59a2-47dc-9e24-ab56136fc17f,2026-07-19T20:45:37.673+00:00,concluido,374,pendente,,
b1f6a540-17f6-4910-a0fe-91fc29e61191,2026-07-26T21:15:16.577+00:00,concluido,143,pendente,,
8e31c586-e08b-4975-854c-832a35f3e919,2026-07-26T21:29:13.456+00:00,concluido,204.6,pendente,,
c760a4a1-0df8-4d83-8483-ec58f60f4cb0,2026-07-26T21:17:21.119+00:00,concluido,336.5,autorizado,4527,23260744192642000105650020000045271696569200
34ec24d5-348e-47b5-bdd4-0a5408c36b5f,2026-07-19T20:45:59.817+00:00,concluido,240.9,autorizado,4108,23260744192642000105650020000041081438777644
3ed14ec7-a178-4357-bc71-05263884dd12,2026-07-26T21:18:30.884+00:00,concluido,105,autorizado,4528,23260744192642000105650020000045281727935987
66971dad-db4d-4691-b4d1-b88f6eda11f7,2026-07-19T20:49:47.014+00:00,concluido,38.5,autorizado,4112,23260744192642000105650020000041121312521031
8e38d29b-2715-4207-bb62-299ff9e8881b,2026-07-26T21:17:41.586+00:00,concluido,132,pendente,,
e9e5b2da-2d5c-4126-8c20-4d1f1364c88b,2026-07-19T20:46:35.092+00:00,concluido,264,autorizado,4109,23260744192642000105650020000041091595299534
9fb13909-6a8f-4142-95e1-06219d0dfdb6,2026-07-19T20:48:25.065+00:00,cancelado,15,pendente,,
e8156afa-4821-4c07-aaeb-bcd43f49e54d,2026-07-19T20:48:46.262+00:00,concluido,180.4,autorizado,4111,23260744192642000105650020000041111775160940
21154342-df2b-4be5-8160-0b46407f865d,2026-07-26T21:27:34.765+00:00,concluido,286,autorizado,4539,23260744192642000105650020000045391323760844
203ba2b5-7cb8-43d5-8504-2ce6b2c6ab1d,2026-07-19T20:47:42.206+00:00,concluido,364.1,autorizado,4110,23260744192642000105650020000041101435001759
2f418a9f-01ff-4ec8-8695-82bc57cafd59,2026-07-26T21:19:52.059+00:00,concluido,159.9,autorizado,4529,23260744192642000105650020000045291423479261
41ffb9b6-5a56-4872-ae7f-929028ba8515,2026-07-26T21:23:27.259+00:00,concluido,89,autorizado,4532,23260744192642000105650020000045321680447267
052b4ae2-e2aa-4f54-8bd3-a702c27bb50f,2026-07-19T20:50:25.086+00:00,concluido,150,pendente,,
75335f4c-5f56-4921-92fd-8aac3940d817,2026-07-26T21:22:37.069+00:00,concluido,130,autorizado,4530,23260744192642000105650020000045301773111337
ad2c7a25-5ae7-48f3-ab57-c1318f1be57b,2026-07-26T21:22:57.434+00:00,concluido,480.7,autorizado,4531,23260744192642000105650020000045311597429659
a3bf6ce2-e56e-40c9-84b7-dc42f40fa8a6,2026-07-26T21:24:25.738+00:00,concluido,160.6,autorizado,4533,23260744192642000105650020000045331428002458
292fa718-c5f1-4b2d-822e-c653ab25d58f,2026-07-19T20:58:30.24+00:00,concluido,293.7,autorizado,4113,23260744192642000105650020000041131112621897
b29bbccb-b515-45b3-a5af-cac65472cf06,2026-07-19T21:10:06.986+00:00,concluido,478.5,autorizado,4115,23260744192642000105650020000041151454734070
a21c040a-b033-4f65-8633-2ce4150e77e5,2026-07-19T21:12:44.857+00:00,concluido,321.9,autorizado,4116,23260744192642000105650020000041161447799720
10a85174-4dda-4ac0-abcb-9506b5b3d2f9,2026-07-19T21:43:16.342+00:00,concluido,235.95,autorizado,4121,23260744192642000105650020000041211762489855
f8919563-c870-4aa3-9381-3e5f07dad53c,2026-07-19T21:06:04.6+00:00,concluido,374,autorizado,4114,23260744192642000105650020000041141458943148
5a4a8186-55b2-4b97-9a65-37639a3c3670,2026-07-19T21:08:15.059+00:00,concluido,89.1,pendente,,
1511bb60-3de0-4538-bb6d-712a5e64cd22,2026-07-19T21:13:15.825+00:00,concluido,183,autorizado,4117,23260744192642000105650020000041171300977198
47e2a239-eab2-4341-9a4c-1044c136cbbd,2026-07-19T21:44:26.998+00:00,concluido,250.8,pendente,,
deb23e60-3f33-4bc1-a769-7b53204d5349,2026-07-19T21:47:15.501+00:00,concluido,680.9,autorizado,4122,23260744192642000105650020000041221528528790
ed77ad78-2ae4-428e-9c1d-0644bbaec4d4,2026-07-19T21:34:13.722+00:00,concluido,160.38,autorizado,4118,23260744192642000105650020000041181323631708
567ce150-8648-4c1e-b338-6f5554b997be,2026-07-19T21:38:12.683+00:00,concluido,430,autorizado,4119,23260744192642000105650020000041191675020931
d3317bbe-0bb3-4527-90c4-ee12b69e46da,2026-07-19T21:42:14.955+00:00,concluido,629.2,autorizado,4120,23260744192642000105650020000041201211260145
20e54803-633f-43aa-badd-0f5c9f449cdb,2026-07-19T21:43:38.894+00:00,concluido,579.59,pendente,,
0e1d303b-181c-4c0c-90f2-6653fecf6a85,2026-07-19T21:44:03.992+00:00,concluido,656.15,pendente,,
44f3d57c-a4d7-400e-9b17-074c658d108b,2026-07-19T21:44:43.63+00:00,concluido,396,pendente,,
55510dbf-f62c-4eba-b60f-a8a6dc577389,2026-07-19T21:48:38.467+00:00,concluido,871.75,autorizado,4123,23260744192642000105650020000041231972644924
bbcfb8e6-414f-4e15-81ef-87dfebffe8fc,2026-07-19T22:03:03.938+00:00,cancelado,0,pendente,,
064735da-9001-4d9f-8211-206051324f72,2026-07-26T21:24:48.011+00:00,concluido,148.5,pendente,,
aa1c2849-e512-4d08-9d76-adc0f91a1ba0,2026-07-26T21:26:36.781+00:00,concluido,149,pendente,,
9e536d0d-0ee9-4961-9c6d-85ceb3ea30e0,2026-07-19T21:50:07.423+00:00,concluido,502.70000000000005,autorizado,4124,23260744192642000105650020000041241936330947
3e1d87bb-dacf-402d-ac64-df210fe8c962,2026-07-19T21:54:04.316+00:00,concluido,523.49,rejeitado,4126,23260744192642000105650020000041261437581795
f6e3e2f4-fea0-4e4c-b984-ae5ba9969d3e,2026-07-19T21:59:07.164+00:00,concluido,259.6,autorizado,4129,23260744192642000105650020000041291495669057
1ac41d41-9d81-4435-9b76-fec3a0e807fa,2026-07-26T21:27:50.369+00:00,concluido,777.7,autorizado,4538,23260744192642000105650020000045381784369746
cc06e9cf-93bb-49c7-8f03-ae84746a45ef,2026-07-27T21:05:56.961+00:00,concluido,237.38,pendente,,
fba6a96b-a060-4b12-bc92-e77ac5255975,2026-07-19T21:51:52.473+00:00,concluido,819.17,autorizado,4125,23260744192642000105650020000041251868913773
7ef73c26-4c6b-4adf-9ccb-ac69f13b66a6,2026-07-26T21:25:46.26+00:00,concluido,365.2,autorizado,4535,23260744192642000105650020000045351189651064
a4e705b5-b128-4834-90bb-bdfd1d000189,2026-07-19T21:57:29.467+00:00,concluido,535.6999999999999,autorizado,4128,23260744192642000105650020000041281685918794
6d78616a-5d2e-4cfc-8723-b3c4f279b4c1,2026-07-19T21:55:30.603+00:00,concluido,361.35,autorizado,4127,23260744192642000105650020000041271309789560
f3939520-479e-4925-ae92-545b7e3b9ebb,2026-07-19T22:05:57.78+00:00,concluido,14,autorizado,4130,23260744192642000105650020000041301213495120
cd2cb6e4-eaea-4910-8c69-d69a4e86443e,2026-07-19T22:08:39.651+00:00,concluido,5,autorizado,4131,23260744192642000105650020000041311362275188
28dfd627-7503-4592-a340-b735f3678ecc,2026-07-19T22:12:23.092+00:00,concluido,213.4,autorizado,4133,23260744192642000105650020000041331315709244
30edc62a-c538-4048-8de1-954eeba3b1ab,2026-07-19T22:13:55.773+00:00,concluido,150,autorizado,4134,23260744192642000105650020000041341813989491
cb4d2ac6-f1e1-425b-81ae-520f1df5eb79,2026-07-19T22:10:53.599+00:00,concluido,367.18,autorizado,4132,23260744192642000105650020000041321660656357
e0372518-04a3-4afc-96e5-3bd31ccaf518,2026-07-26T21:26:45.535+00:00,concluido,226.6,autorizado,4536,23260744192642000105650020000045361456475260
8dbb0d0b-e22d-46f7-a883-b993dab1fcb4,2026-07-26T21:28:48.991+00:00,concluido,327.8,pendente,,
268059d7-9aed-42b6-995b-51bf9c77aba0,2026-07-26T21:28:00.289+00:00,cancelado,383.9,pendente,,
9ea99b9b-38c2-4a0c-84d8-4d56bc42e9ae,2026-07-27T20:55:18.773+00:00,concluido,460.68,autorizado,4713,23260744192642000105650020000047131373243538
f4493f35-1ad1-4bb4-b044-d825b7952d13,2026-07-26T21:27:19.456+00:00,concluido,288.2,autorizado,4537,23260744192642000105650020000045371798029520
42a6d877-8642-40df-9186-28d59b5f5d50,2026-07-19T22:14:36.173+00:00,concluido,277.8,autorizado,4135,23260744192642000105650020000041351453788799
05ea88ed-cd8b-456b-a543-c307d660f070,2026-07-26T21:28:29.788+00:00,concluido,470,pendente,,
fa8a6703-6f10-4a0a-a094-7fee1ca651bd,2026-07-19T22:16:05.899+00:00,concluido,0,pendente,,
5c345b09-0fef-4844-892e-ef6c5af774cd,2026-07-19T22:18:22.799+00:00,concluido,0,pendente,,
d6a25cd4-bc34-47ad-9406-1130cfbdf5f9,2026-07-19T22:19:15.14+00:00,concluido,325.6,autorizado,4136,23260744192642000105650020000041361551938725
fc6d3783-e921-4553-a81d-f73c82accfa0,2026-07-19T22:28:34.427+00:00,concluido,939.9,pendente,,
aa26819e-065c-4ac1-99f8-a51da0f84e45,2026-07-19T22:22:16.104+00:00,concluido,402.6,autorizado,4137,23260744192642000105650020000041371712494790
fce288c0-58c7-4246-9269-44a4b7f12e47,2026-07-26T21:29:18.706+00:00,concluido,201.3,autorizado,4540,23260744192642000105650020000045401638641575
257a41ea-9448-4b10-87ee-e38284051394,2026-07-26T21:30:28.444+00:00,concluido,255,autorizado,4543,23260744192642000105650020000045431709194047
77f8a6be-bccd-4bf0-b13d-52953ba2a97b,2026-07-26T21:37:20.812+00:00,concluido,100,autorizado,4549,23260744192642000105650020000045491874770397
5eb02cd8-d6fa-40a6-b94f-2329820ca753,2026-07-19T22:23:15.862+00:00,concluido,1073.6,autorizado,4138,23260744192642000105650020000041381447634914
b02b1a62-0b5d-4e36-8d77-12359d52a61f,2026-07-19T22:24:41.04+00:00,cancelado,0,pendente,,
f7e6fcc8-eb2a-4b50-8b43-abc0a226838e,2026-07-19T22:24:25.119+00:00,concluido,352.88,rejeitado,4139,23260744192642000105650020000041391709700169
5cb225a2-10c0-40d7-bcab-a148c9b35d0c,2026-07-20T15:52:57.291+00:00,concluido,116.6,autorizado,4140,23260744192642000105650020000041401552020120
172993fa-e8db-48db-b696-fef78d7feb78,2026-07-20T15:55:13.15+00:00,concluido,132,autorizado,4141,23260744192642000105650020000041411112108167
a6fb4b1f-2d9d-412b-9b90-bf8c35ed565e,2026-07-20T15:58:15.466+00:00,cancelado,14,pendente,,
a8644260-e628-4498-9ca8-8bf8e7e664c2,2026-07-20T16:03:42.985+00:00,concluido,161.7,autorizado,4142,23260744192642000105650020000041421864150504
4b4112d6-ba1c-419f-bf59-d650c2a257c3,2026-07-26T21:30:00.271+00:00,concluido,366.69,autorizado,4541,23260744192642000105650020000045411315410951
22fa4110-b000-421f-a5c6-bd4072e909d8,2026-07-26T21:35:47.568+00:00,concluido,176,autorizado,4548,23260744192642000105650020000045481407814804
7a660628-7941-4429-8380-27d3ef7eca97,2026-07-20T16:05:22.597+00:00,concluido,92.4,rejeitado,4143,23260744192642000105650020000041431367670337
ae5fee7e-4ea9-4333-bf9c-cfadbdab784f,2026-07-20T17:06:48.503+00:00,concluido,163,autorizado,4154,23260744192642000105650020000041541883526183
475c3f1d-024f-4e11-9b15-2e091a5c19d4,2026-07-20T17:07:44.302+00:00,concluido,231,autorizado,4155,23260744192642000105650020000041551400148216
da71214c-6884-40c1-bb0e-9faf3a5cacba,2026-07-20T17:08:29.239+00:00,cancelado,10,pendente,,
3a725782-0cf8-44a5-8359-d6ea38aaa9c9,2026-07-20T17:09:07.162+00:00,concluido,17.6,autorizado,4156,23260744192642000105650020000041561725440746
1c0a815f-6ed7-42b6-aff0-2bff336042c9,2026-07-20T17:10:37.886+00:00,concluido,163,autorizado,4158,23260744192642000105650020000041581408062339
7489ba92-efc9-4da6-9426-543b1141090d,2026-07-20T17:10:57.758+00:00,cancelado,0,pendente,,
815f62bc-695a-46e1-853d-ac793bde6c05,2026-07-20T17:11:08.296+00:00,cancelado,10,pendente,,
0dd38272-fb69-46a1-8916-e0871ce16051,2026-07-20T17:11:31.459+00:00,cancelado,10,pendente,,
360c8955-ada3-4a4e-9e36-ff0054fe4125,2026-07-20T17:12:10.764+00:00,cancelado,0,pendente,,
c5c69487-49cc-420c-84bf-df29c6fff29e,2026-07-20T16:06:53.545+00:00,concluido,251.9,autorizado,4144,23260744192642000105650020000041441573711911
a2e240d5-9847-49a7-9fa0-0b862dda0760,2026-07-20T16:50:32.366+00:00,concluido,301.07,autorizado,4145,23260744192642000105650020000041451482696291
4b091999-1202-4894-a4a0-98b7278fcc35,2026-07-20T16:51:09.123+00:00,cancelado,3,pendente,,
51c6c94d-1161-4e00-a061-f69f381b7593,2026-07-20T16:55:56.096+00:00,cancelado,10,pendente,,
9fc7f35b-2f3e-4c01-b205-0713ee029647,2026-07-26T21:30:35.606+00:00,concluido,269.5,autorizado,4542,23260744192642000105650020000045421659157561
8fd2a7c1-7e13-4750-b800-fa94ce935470,2026-07-26T21:30:54.691+00:00,concluido,399.3,pendente,,
a0a90d2f-9eed-4c88-bff2-59fa03a18500,2026-07-20T16:53:41.864+00:00,concluido,189.2,autorizado,4146,23260744192642000105650020000041461932332713
e7a339fb-e559-4924-a704-adc9cbd6e38c,2026-07-20T16:57:01.251+00:00,cancelado,0,pendente,,
51b0fcbc-a38d-49fd-aee0-5f7688c62a85,2026-07-26T21:31:27.601+00:00,concluido,110,autorizado,4545,23260744192642000105650020000045451473571530
e464572d-c6e9-427a-964b-97b114347829,2026-07-20T16:56:28.176+00:00,concluido,214.5,autorizado,4147,23260744192642000105650020000041471174840132
92b5c102-c8d2-4ee2-a19b-e8d151760ec9,2026-07-20T16:58:01.065+00:00,cancelado,10,pendente,,
e4b9f151-48b3-4a39-b322-e2a896cb923d,2026-07-20T17:00:56.388+00:00,concluido,309.1,autorizado,4149,23260744192642000105650020000041491617122963
5830d969-f204-4fb3-8c1c-0ed2d649bf5a,2026-07-20T17:04:13.668+00:00,concluido,296.89,pendente,,
2b04bed6-43fe-4d32-b06d-8f5ad071a69a,2026-07-26T21:32:34.468+00:00,concluido,40,pendente,,
90786207-b99c-428f-9b6d-ba36d449b40c,2026-07-27T21:06:24.647+00:00,concluido,47,autorizado,4714,23260744192642000105650020000047141188491480
4435a971-bc2f-4421-b344-f7e89ab57c38,2026-07-20T17:01:58.377+00:00,concluido,56.1,autorizado,4150,23260744192642000105650020000041501180172982
a2fbfa7c-5f99-42fc-b9fa-61490ed3364e,2026-07-20T17:02:28.19+00:00,cancelado,10,pendente,,
e43c13dd-6505-479c-98a4-b61d49ff436a,2026-07-20T17:03:00.569+00:00,concluido,155.1,autorizado,4151,23260744192642000105650020000041511226548197
3b7be317-ed67-4566-8c1a-0187fcdecca4,2026-07-20T17:04:33.886+00:00,cancelado,10,pendente,,
378534a6-56aa-401c-97f6-8310551bd143,2026-07-26T21:31:29.858+00:00,concluido,66,autorizado,4544,23260744192642000105650020000045441822724754
56b8170d-a663-4402-bb4f-6ee52cff42af,2026-07-20T17:05:51.381+00:00,concluido,180.4,autorizado,4153,23260744192642000105650020000041531630235248
f7c93cef-1573-4f67-a45a-c9e498b6dbd7,2026-07-20T17:04:57.697+00:00,concluido,251.9,autorizado,4152,23260744192642000105650020000041521184922611
fa497fbe-9965-4f1d-b79e-2dbf3d864466,2026-07-20T17:05:30.651+00:00,cancelado,10,pendente,,
7945335a-ff26-45e2-9584-d93b1d801680,2026-07-20T17:09:58.408+00:00,concluido,149,autorizado,4157,23260744192642000105650020000041571935507682
6c5f6e5a-9834-43b1-b089-914e96ac2ed3,2026-07-20T17:11:12.199+00:00,cancelado,10,pendente,,
5de397cf-4628-406a-b9df-8337015f6421,2026-07-20T17:16:18.997+00:00,cancelado,10,pendente,,
4a6be008-3593-4155-856c-ad324f095c23,2026-07-20T17:16:39.687+00:00,concluido,7.7,autorizado,4161,23260744192642000105650020000041611978478555
ca2ed8c2-87ef-4b39-b549-35e18b56dae3,2026-07-26T21:32:10.941+00:00,concluido,139.59,autorizado,4546,23260744192642000105650020000045461372375201
92341003-33b7-4b01-b2ef-2fdacfe8abb6,2026-07-20T17:11:33.955+00:00,concluido,83.6,autorizado,4159,23260744192642000105650020000041591821341321
9afef2cc-d6ab-49b3-8c3c-8e90d89e965c,2026-07-20T17:12:15.818+00:00,cancelado,10,pendente,,
ee9e69ff-81a0-46a6-b464-3cfdb384d70e,2026-07-20T17:19:38.229+00:00,concluido,200,pendente,,
4135af4a-9d63-4c31-ada9-eaa8b1ef793a,2026-07-26T21:39:00.119+00:00,concluido,300.3,pendente,,
0488ec0d-a88c-4570-a9a1-e0fe004dcb46,2026-07-20T17:28:21.309+00:00,concluido,154,autorizado,4168,23260744192642000105650020000041681242920159
269fde6f-9280-413e-9244-cda2e7d3670a,2026-07-20T17:15:17.774+00:00,concluido,94.39,autorizado,4160,23260744192642000105650020000041601689516736
d324d0a0-19dd-4a56-b9c8-0cb685a29c31,2026-07-20T17:17:20.134+00:00,concluido,313.5,autorizado,4162,23260744192642000105650020000041621986040242
3715bad4-d9bf-4b80-b47b-4f8eaf8cf57c,2026-07-20T17:24:14.646+00:00,cancelado,10,pendente,,
869e8108-500f-4c22-8844-632b37f05695,2026-07-20T17:26:03.279+00:00,concluido,151.8,autorizado,4166,23260744192642000105650020000041661853050165
0a1b1dfb-9eb7-4087-b903-7041dc8bac61,2026-07-20T17:26:54.233+00:00,concluido,224.29000000000002,autorizado,4167,23260744192642000105650020000041671647766387
bff91a19-5327-4065-bc7f-66a70148132d,2026-07-20T17:23:20.526+00:00,concluido,382.4,autorizado,4163,23260744192642000105650020000041631872537986
b581d96c-cd82-4485-bb96-8a682cf6c068,2026-07-20T17:24:11.123+00:00,concluido,520.3,autorizado,4164,23260744192642000105650020000041641171503950
4ceafeb2-ec6e-4c04-a67e-b38db6a69e64,2026-07-20T17:27:23.258+00:00,cancelado,10,pendente,,
8a4ba5f8-301a-47d8-b290-280cafd512ca,2026-07-26T21:33:17.285+00:00,concluido,65,autorizado,4547,23260744192642000105650020000045471993594768
ddfd42a0-aec6-42d2-a666-89981c6c5fc6,2026-07-26T21:40:12.426+00:00,concluido,757.9,autorizado,4552,23260744192642000105650020000045521152186598
2c1b93c2-99db-4bec-a9bf-bf71d1fb7aac,2026-07-20T17:24:55.656+00:00,concluido,105.8,autorizado,4165,23260744192642000105650020000041651598744996
fa5f6cbc-93d9-4511-a750-9f207e8b782e,2026-07-20T17:38:36.399+00:00,concluido,678.7,autorizado,4169,23260744192642000105650020000041691182075439
e4119f76-ebe1-4504-beba-5ee78c1c14a2,2026-07-20T18:09:28.585+00:00,concluido,193.6,autorizado,4174,23260744192642000105650020000041741171853923
96edf122-8f7d-4bf4-abb4-638a0d4a2d51,2026-07-20T18:09:10.103+00:00,cancelado,10,pendente,,
99d9faf1-8c8c-495d-aeef-3d5f7589e583,2026-07-20T18:17:20.784+00:00,concluido,214.5,autorizado,4178,23260744192642000105650020000041781304577947
e924e6bc-57a2-4833-9acf-64f1cdadc709,2026-07-20T18:22:34.948+00:00,concluido,148.5,autorizado,4183,23260744192642000105650020000041831711504477
eddb6929-aaf1-4e19-a3fb-b4e60610f86d,2026-07-20T17:53:15.043+00:00,concluido,282.92,autorizado,4171,23260744192642000105650020000041711124635654
ea2fc289-8fb0-4985-8add-9fb118f27b03,2026-07-20T17:54:22.038+00:00,cancelado,15,pendente,,
6ddd223f-8cae-41f1-a906-a8ba3ee80dfb,2026-07-20T17:58:41.465+00:00,cancelado,10,pendente,,
a1f7b76e-c51c-42f2-a1d8-c02ac98fac66,2026-07-20T18:03:32.047+00:00,concluido,128.7,pendente,,
525a2ac0-377c-4257-b99c-b39779745d4b,2026-07-20T18:03:43.197+00:00,cancelado,10,pendente,,
35443656-b9ef-4574-aa9d-0b9e2b92c242,2026-07-20T18:10:55.186+00:00,concluido,166.1,autorizado,4175,23260744192642000105650020000041751366308557
69ed2562-4ee6-4b03-8312-e560304cbd9e,2026-07-20T18:19:25.318+00:00,cancelado,10,pendente,,
0e00e233-c808-48f6-b4b4-b5a1815b94f7,2026-07-20T18:05:55.105+00:00,concluido,198,autorizado,4172,23260744192642000105650020000041721788191658
48e85780-e369-4b9e-8e57-a7f57dff287d,2026-07-27T21:06:46.887+00:00,concluido,148.39,autorizado,4715,23260744192642000105650020000047151199971531
1d1ea06a-ff51-4edc-bee0-d38375f2f565,2026-07-20T18:08:03.399+00:00,concluido,248.6,autorizado,4173,23260744192642000105650020000041731958324472
ef20bcfa-1602-48e5-9e0b-d9262b028dad,2026-07-20T18:31:26.655+00:00,concluido,15,autorizado,4190,23260744192642000105650020000041901323175500
049ab086-9739-49cd-9dcd-f010f8d0998d,2026-07-20T18:48:26.398+00:00,concluido,218.9,autorizado,4201,23260744192642000105650020000042011537652860
0b7217c9-b047-4a6f-9183-2c67d38ee5dc,2026-07-20T18:12:50.31+00:00,concluido,253.77,autorizado,4176,23260744192642000105650020000041761163129043
1000702d-468f-465f-b007-5fe64fadbfd8,2026-07-20T18:13:51.654+00:00,concluido,356,autorizado,4177,23260744192642000105650020000041771561280601
e7e5aeb9-fefa-4cc7-935f-adb9c0903e3b,2026-07-20T18:14:17.212+00:00,cancelado,10,pendente,,
085b9a18-3c68-46fe-9267-202650df8e37,2026-07-20T18:31:38.819+00:00,cancelado,10,pendente,,
7ac594cd-5c51-4f63-9e7a-e08df601fb13,2026-07-20T18:32:52.836+00:00,concluido,193.6,autorizado,4191,23260744192642000105650020000041911242370378
5ae0bb90-4ca8-4b31-8bf5-0f41e4c8d31e,2026-07-20T18:51:34.466+00:00,concluido,16.39,autorizado,4202,23260744192642000105650020000042021947117784
4d628dd5-dca2-4488-a7c0-069c8f8897ce,2026-07-20T18:55:09.018+00:00,concluido,50.6,autorizado,4207,23260744192642000105650020000042071799947578
ab672b6e-7c3e-409a-adc7-43ebce042f9e,2026-07-20T18:20:05.381+00:00,concluido,198,autorizado,4179,23260744192642000105650020000041791801476038
abc4a776-3b1e-4698-82b7-75ffde7d2857,2026-07-20T18:20:57.945+00:00,concluido,258.5,autorizado,4180,23260744192642000105650020000041801609460324
b79194ea-519f-4fb2-85cd-3abfd8e4e486,2026-07-20T19:11:31.437+00:00,cancelado,10,pendente,,
798dd598-29f7-4be1-a751-966861615efa,2026-07-20T19:19:05.36+00:00,concluido,229.9,autorizado,4211,23260744192642000105650020000042111337892317
c33fe0c0-e52b-47bb-9d25-0548ff892c91,2026-07-20T19:26:12.575+00:00,cancelado,0,pendente,,
9c169269-16d1-4ec8-a894-0e48c7b0b16a,2026-07-26T21:37:52.77+00:00,concluido,130,pendente,,
0338d20b-0026-4a3b-82b7-9b1dc3f9e663,2026-07-27T21:14:56.414+00:00,cancelado,1680,pendente,,
871cc6a2-a028-4bde-884b-383fb7334ece,2026-07-27T21:15:25.472+00:00,cancelado,18,pendente,,
12259f3f-6f8b-42e8-89c8-dd8f1647acee,2026-07-27T21:32:14.835+00:00,cancelado,200,pendente,,
8af649b4-89f1-4a05-81fa-5705bd3ea71f,2026-07-20T18:21:13.424+00:00,concluido,345.7,autorizado,4181,23260744192642000105650020000041811859125937
62ab147e-feae-4e2a-b143-9e85e5594478,2026-07-26T21:38:33.645+00:00,concluido,370.49,autorizado,4550,23260744192642000105650020000045501507956056
83a4cb78-9ce3-488c-85b6-ed507f6a93e9,2026-07-27T21:15:10.343+00:00,cancelado,13,pendente,,
0354c2c5-00dc-4da0-adbb-943bf8ca8fb9,2026-07-20T18:24:22.942+00:00,concluido,400.4,autorizado,4184,23260744192642000105650020000041841189020695
9f33e62e-51a9-4172-a806-502a832a2aeb,2026-07-20T18:26:25.77+00:00,cancelado,10,pendente,,
efc63d87-5179-4e84-9e37-c791fd89b4f8,2026-07-27T21:15:38.254+00:00,cancelado,40,pendente,,
37556708-52a5-41a9-bf2a-aef383e6695b,2026-07-20T18:28:19.086+00:00,concluido,481.8,autorizado,4185,23260744192642000105650020000041851766418860
71aa3a69-c184-4fee-983a-67e6c5ffaa98,2026-07-26T21:39:50.306+00:00,concluido,166,autorizado,4551,23260744192642000105650020000045511291301119
bebf3060-7c39-4d73-ad8f-287210576864,2026-07-26T21:41:47.657+00:00,concluido,205,autorizado,4553,23260744192642000105650020000045531340072135
10a94f57-2f2f-4f0e-bef9-50e21bd8bdea,2026-07-27T21:15:45.512+00:00,cancelado,48,pendente,,
b51eb3c0-623a-4db4-9ee5-c654644fd452,2026-07-27T21:34:04.027+00:00,cancelado,0,pendente,,
27e3d057-9486-43ee-919d-5a780c58b520,2026-07-20T18:29:45.265+00:00,concluido,105.49,autorizado,4187,23260744192642000105650020000041871564837557
8d94a878-7975-4478-8e20-f397c795e304,2026-07-20T18:31:17.383+00:00,concluido,183.7,autorizado,4189,23260744192642000105650020000041891186393012
589368d8-b9d3-41c8-b324-daf4756b4301,2026-07-26T21:44:27.524+00:00,concluido,46.2,autorizado,4556,23260744192642000105650020000045561281569581
39c4be20-8128-4f83-9ad6-da60b3136973,2026-07-26T21:46:19.299+00:00,concluido,130,autorizado,4557,23260744192642000105650020000045571878585561
6f1c34c3-c833-4e8d-b78d-aa32dcb5b557,2026-07-26T21:49:01.292+00:00,concluido,328,autorizado,4558,23260744192642000105650020000045581987293356
b251d786-aaf9-48a2-99b8-625a58982d30,2026-07-20T18:30:10.472+00:00,concluido,218,autorizado,4188,23260744192642000105650020000041881682887586
0ef7537f-48c4-430c-b2b7-256d001c5ed4,2026-07-26T21:42:40.238+00:00,concluido,91.9,autorizado,4554,23260744192642000105650020000045541551239908
5c010925-1caf-485f-b993-6d5c1b6fa29f,2026-07-27T21:19:15.368+00:00,concluido,276.1,rejeitado,4716,23260744192642000105650020000047161763847596
9c687be2-874e-43a1-9299-490bb69f63b5,2026-07-20T18:33:17.125+00:00,concluido,255.2,autorizado,4192,23260744192642000105650020000041921200475985
a18e6774-7f49-49e0-8f9b-4a3b5e38613a,2026-07-20T18:38:30.435+00:00,concluido,211.2,autorizado,4196,23260744192642000105650020000041961213853745
aa99e4a1-8af8-4ef7-a84b-924b61fa98a9,2026-07-20T18:40:02.262+00:00,concluido,298.1,autorizado,4197,23260744192642000105650020000041971252401288
314bc8af-9ae7-464d-aa40-7702642631c6,2026-07-20T18:55:03.648+00:00,concluido,499.40000000000003,autorizado,4206,23260744192642000105650020000042061674042858
2c5091ef-871e-4063-b01f-c83c8b31b484,2026-07-20T18:33:51.39+00:00,concluido,291.39,rejeitado,4193,23260744192642000105650020000041931386869803
354da3b9-6951-4c11-8608-d6972ba12b4c,2026-07-26T21:43:51.224+00:00,concluido,215,autorizado,4555,23260744192642000105650020000045551658429515
ecc13596-a1fe-43e6-bb0e-587a85637996,2026-07-20T18:34:49.428+00:00,concluido,217.47,autorizado,4194,23260744192642000105650020000041941207619162
9d373e39-f2d4-4aba-a726-32fa64b9be15,2026-07-20T18:42:31.785+00:00,cancelado,10,pendente,,
d226078c-4d44-4a40-8779-e47d1d24d090,2026-07-27T21:20:11.762+00:00,concluido,0,pendente,,
d9f280db-2aba-46ef-91ea-bae7d18d1a52,2026-07-26T21:54:51.461+00:00,cancelado,266.6,autorizado,4559,23260744192642000105650020000045591395687070
f565a837-60ac-4dbd-8fc7-7228dffbe285,2026-07-27T21:21:48.097+00:00,concluido,0,pendente,,
295af89e-a48a-43b2-a285-da4734d56a59,2026-07-20T18:38:21.474+00:00,concluido,225.94,autorizado,4195,23260744192642000105650020000041951921156964
02e4e4fa-4016-4580-b5bd-65a91f22b069,2026-07-20T18:43:29.31+00:00,concluido,422.4,autorizado,4198,23260744192642000105650020000041981227287784
5214a864-ab20-4b6f-bccc-8d94f8af7acf,2026-07-20T18:43:22.229+00:00,cancelado,10,pendente,,
399101c8-129b-4b09-b899-8fdf09d864fa,2026-07-20T19:25:16.412+00:00,concluido,160.6,autorizado,4212,23260744192642000105650020000042121914507695
ed270f0f-62bf-4de3-b123-eb673fed17e1,2026-07-20T19:25:56.26+00:00,cancelado,0,pendente,,
7007baf1-8aaf-41a2-9193-5d0e870e20ea,2026-07-20T19:45:34.05+00:00,concluido,292.6,autorizado,4217,23260744192642000105650020000042171759697763
e7c2467c-1772-4da3-8586-27ec887428c2,2026-07-20T18:44:56.402+00:00,concluido,39.6,autorizado,4199,23260744192642000105650020000041991774431981
54ed9de3-3d83-456b-9353-584bacd10661,2026-07-20T18:48:11.238+00:00,cancelado,10,pendente,,
aa4dad58-a7f9-42cb-8fa5-524835ac2847,2026-07-20T18:49:16.469+00:00,cancelado,10,pendente,,
410d98b6-391f-48d6-9aea-6205b145f543,2026-07-20T18:51:16.42+00:00,cancelado,10,pendente,,
7641e838-f592-48f1-ab66-9506ecb85c73,2026-07-20T19:40:26.022+00:00,cancelado,0,pendente,,
ea25722f-d7ed-4ca3-a8da-4baf15ff21a8,2026-07-20T19:46:09.524+00:00,concluido,185.9,autorizado,4218,23260744192642000105650020000042181673003370
54fc21d8-0759-4361-a30a-4ca057e4e2ad,2026-07-20T19:50:02.436+00:00,concluido,328.9,autorizado,4221,23260744192642000105650020000042211298829083
35cf0da4-aae0-4811-85fc-48e34a73c464,2026-07-20T19:54:01.36+00:00,concluido,222.2,rejeitado,4223,23260744192642000105650020000042231342511556
8548e9ab-8ef1-4039-9524-60fc0400a0d0,2026-07-20T18:47:31.466+00:00,concluido,182.60000000000002,autorizado,4200,23260744192642000105650020000042001658230781
ce7b714b-dabf-4fe9-95ce-13bf4f19de8a,2026-07-20T18:51:41.859+00:00,cancelado,10,pendente,,
0c0603e3-82e5-43a0-a0a2-8b978276b213,2026-07-20T18:53:39.102+00:00,concluido,121,autorizado,4204,23260744192642000105650020000042041679948940
e9013a5c-5b2a-43d6-9543-cb6d7483927e,2026-07-20T18:54:12.132+00:00,concluido,169.4,autorizado,4205,23260744192642000105650020000042051241224332
8e8c0afe-e430-46f6-8fe7-c368603e6f08,2026-07-26T21:57:22.625+00:00,concluido,1450,autorizado,4560,23260744192642000105650020000045601708743765
4312ff8f-e708-4209-9692-9ee6d03735b2,2026-07-26T21:58:42.704+00:00,concluido,162.8,autorizado,4562,23260744192642000105650020000045621655972913
c753d7ed-dd12-44b2-839f-e5fd1d9a777d,2026-07-20T18:37:32.241+00:00,concluido,496.87,autorizado,4203,23260744192642000105650020000042031774219928
9f2dbf91-389e-4e1e-8e16-d7a824d4d835,2026-07-26T21:57:59.753+00:00,concluido,506.44,autorizado,4561,23260744192642000105650020000045611101130926
b78664dd-09f2-46d1-9133-b09d9174484a,2026-07-27T21:30:51.793+00:00,cancelado,410,pendente,,
524583eb-2f8e-456e-b413-e9d5189d2cd1,2026-07-27T21:31:57.645+00:00,cancelado,210,pendente,,
162872c4-8d89-499a-be1f-38bca1404f0d,2026-07-27T21:31:25.036+00:00,concluido,178,autorizado,4717,23260744192642000105650020000047171455170096
84934052-8c5d-4c0c-bcb9-f1e4cd02d6d7,2026-07-20T18:55:57.755+00:00,concluido,189.2,autorizado,4208,23260744192642000105650020000042081639717318
2982a68c-a618-4654-a174-ec4a5f1fca91,2026-07-20T19:00:16.89+00:00,concluido,235.18,autorizado,4209,23260744192642000105650020000042091174257202
ee9d7ee5-5578-49a6-a8e8-436e083d60ed,2026-07-20T19:07:48.792+00:00,concluido,553.3,autorizado,4210,23260744192642000105650020000042101282702620
7c438fc6-995f-4b81-b7fc-ec60a8e8745a,2026-07-20T19:10:17.467+00:00,cancelado,10,pendente,,
428ef740-0b22-4423-b229-80a38dfc780f,2026-07-20T19:10:51.492+00:00,cancelado,10,pendente,,
c092d1b0-f9e3-436a-add5-036aa3495544,2026-07-20T19:14:27.765+00:00,cancelado,10,pendente,,
da02dbac-7a21-44f5-9812-468cec05443e,2026-07-20T19:17:19.947+00:00,cancelado,10,pendente,,
a8b5f656-5b1d-439a-b6c6-72979daca318,2026-07-20T19:25:47.179+00:00,cancelado,0,pendente,,
6d1f954a-9d19-4c40-a5a9-758e8c9dfce7,2026-07-20T19:26:24.274+00:00,cancelado,0,pendente,,
774258d4-b07f-4fac-8577-1fb2f43f975d,2026-07-20T19:57:46.046+00:00,concluido,320.76,autorizado,4227,23260744192642000105650020000042271230716864
a825d67e-5ce1-4ad6-8003-abaf2ad744d4,2026-07-20T19:39:54.804+00:00,concluido,292.15999999999997,autorizado,4213,23260744192642000105650020000042131445149527
5b1fd637-ebb5-4fd0-a27a-b7e4b1bb3fc2,2026-07-20T19:41:33.665+00:00,concluido,388.3,autorizado,4214,23260744192642000105650020000042141290142300
f67b90d2-de08-43cc-b4cf-5cc2303967bf,2026-07-20T20:29:29.822+00:00,concluido,321.20000000000005,autorizado,4231,23260744192642000105650020000042311293414027
1b78c361-87c8-4521-8cec-d3e58d96bfe3,2026-07-26T21:59:51.566+00:00,concluido,224.1,autorizado,4564,23260744192642000105650020000045641474240923
1b5b79eb-be62-48f7-9a8f-7864e6a8c874,2026-07-26T22:01:50.029+00:00,concluido,115.5,pendente,,
4e01d4fc-f3c8-4510-ad01-be466387b5a2,2026-07-20T19:42:25.804+00:00,concluido,393.8,autorizado,4215,23260744192642000105650020000042151996856950
ad883174-3417-4c53-b4f2-36b3426e3a5f,2026-07-20T19:44:00.737+00:00,concluido,239.8,autorizado,4216,23260744192642000105650020000042161600992905
2d8619af-4eb4-432c-b67e-075ab43519f3,2026-07-20T19:55:27.838+00:00,concluido,222.6,rejeitado,4224,23260744192642000105650020000042241335536570
1368f174-b790-4792-b479-d7510040ae95,2026-07-20T21:00:37.131+00:00,cancelado,15,pendente,,
8e41775e-cb07-4d56-8f28-e36b5767fb3e,2026-07-20T19:46:39.992+00:00,concluido,244.2,autorizado,4219,23260744192642000105650020000042191752630986
5c5f26c0-7d4d-4779-bcbc-c7f679e57f8a,2026-07-20T19:47:11.925+00:00,concluido,202.4,autorizado,4220,23260744192642000105650020000042201865264781
df8ffef3-17f9-4311-9497-b5f1331e1a41,2026-07-26T21:59:11.169+00:00,concluido,374,autorizado,4563,23260744192642000105650020000045631804612376
cd380b28-1799-45e4-aceb-d7ccc7489bb4,2026-07-26T22:07:01.74+00:00,concluido,49.5,autorizado,4571,23260744192642000105650020000045711872010434
28dfb116-b3c4-4144-af2a-be45c5c1e23a,2026-07-26T22:06:40.552+00:00,concluido,213.4,pendente,,
2a0d8f2d-a1f8-463b-bebf-7e827aaf06d1,2026-07-20T19:51:34.203+00:00,concluido,596.2,rejeitado,4222,23260744192642000105650020000042221992492931
b2774cb5-c31f-4705-9bdf-3f7b186aa3d5,2026-07-20T19:56:32.972+00:00,concluido,234.29999999999998,autorizado,4225,23260744192642000105650020000042251470603970
68a706c9-438d-4409-a24d-b2d80b55e2f8,2026-07-20T20:00:00.737+00:00,cancelado,0,pendente,,
6081e1bc-6cc4-430a-8025-0af347905b8b,2026-07-20T20:19:07.289+00:00,concluido,166.1,autorizado,4229,23260744192642000105650020000042291667146486
7e1a0daf-f6ec-4296-be60-b0bc09a8ea1c,2026-07-20T19:57:09.428+00:00,concluido,420,autorizado,4226,23260744192642000105650020000042261316835791
9a6e5407-42a0-4442-8c97-e15913fa1e8a,2026-07-20T19:58:39.178+00:00,concluido,569.25,autorizado,4228,23260744192642000105650020000042281820668660
f3563c90-6f57-4df1-8372-73ab8b6c869a,2026-07-20T20:01:21.225+00:00,concluido,229.9,pendente,,
b6b2ca0c-3012-4f97-857f-107f76d1d700,2026-07-20T20:23:58.238+00:00,concluido,297,pendente,,
6f2f7a2a-8622-4416-9fa6-5b1960d0f848,2026-07-20T21:00:43.807+00:00,cancelado,7,pendente,,
ecdb314f-f18f-4bf5-a2b1-c6cf9199dfa7,2026-07-26T22:05:26.175+00:00,concluido,42,autorizado,4569,23260744192642000105650020000045691379199403
92357112-9cd5-4dab-a6ea-d9d34c212cb8,2026-07-20T20:20:48.102+00:00,concluido,201.09,autorizado,4230,23260744192642000105650020000042301925607546
d7acfdac-8801-4742-86b9-7ef73e3a45c8,2026-07-26T22:01:34.098+00:00,concluido,250.8,autorizado,4565,23260744192642000105650020000045651920362776
32063f96-874a-469f-a07b-2d74f7ed0144,2026-07-20T20:36:29.425+00:00,concluido,168,autorizado,4232,23260744192642000105650020000042321334475421
8d7eaf9e-178e-4e1a-a40a-53114f449478,2026-07-26T22:03:23.778+00:00,cancelado,10,pendente,,
3e61124e-6daf-4991-9506-3e829b4fdd67,2026-07-20T20:44:11.823+00:00,concluido,0,pendente,,
0261297b-e551-4258-9bf5-b5bf8a12f861,2026-07-20T20:45:03.367+00:00,cancelado,10,pendente,,
75229d4e-06f4-41f7-91e1-4d08f84a2435,2026-07-20T20:45:43.447+00:00,cancelado,110,pendente,,
178313ea-b567-4638-a2d0-09c9f84878a5,2026-07-20T20:48:03.548+00:00,concluido,0,pendente,,
fa93d98e-cc29-45b8-9369-f0e5f0672925,2026-07-20T22:29:20.484+00:00,cancelado,0,pendente,,
96869625-01b6-48ca-ad7c-93d535c8ddf9,2026-07-20T20:50:52.017+00:00,concluido,338.8,autorizado,4233,23260744192642000105650020000042331275800780
05fc59c5-b68f-48c4-a27a-72cbfaa50808,2026-07-20T20:42:54.306+00:00,cancelado,545.8,pendente,,
cd924ff8-c1ef-4897-b884-6aac25294d91,2026-07-20T21:00:52.312+00:00,cancelado,11,pendente,,
e0c7bec0-d08c-431c-8adf-b496f71e0664,2026-07-21T13:50:05.164+00:00,cancelado,0,pendente,,
f5e155a4-6dcb-45f1-bdbb-35513b4b1911,2026-07-26T22:02:35.38+00:00,concluido,217.8,autorizado,4566,23260744192642000105650020000045661645390848
9b21cb38-310a-4a6d-bdc8-69843d762648,2026-07-26T22:04:01.46+00:00,concluido,185,autorizado,4567,23260744192642000105650020000045671522358331
543ace17-74b9-4c6e-8344-ce200094fb7b,2026-07-26T22:04:54.695+00:00,concluido,143,pendente,,
8526a91f-a9da-4371-a729-7d685a7f0406,2026-07-20T21:01:02.139+00:00,concluido,512.8,pendente,,
f827c4d7-c6b4-447d-a90a-3232a9b1feda,2026-07-26T22:05:28.562+00:00,concluido,203.5,autorizado,4568,23260744192642000105650020000045681270250512
6d28d248-e159-4ed0-9399-48198a193044,2026-07-26T22:08:25.653+00:00,concluido,320,autorizado,4573,23260744192642000105650020000045731315588584
92a8c72e-650d-4db5-af94-1f21ae551439,2026-07-26T22:07:58.431+00:00,concluido,331.1,autorizado,4574,23260744192642000105650020000045741761712483
ee1d304b-f455-44e8-891e-ab0dbee4cdd0,2026-07-26T22:11:29.41+00:00,concluido,199.4,autorizado,4580,23260744192642000105650020000045801217310187
be730880-f2c4-4a0d-9dc3-cf8517f9d8bc,2026-07-26T22:08:45.632+00:00,concluido,210.1,autorizado,4576,23260744192642000105650020000045761665837283
5a0c1a60-07ef-4d66-9ca6-330f23da4611,2026-07-26T22:06:09.368+00:00,concluido,178.8,autorizado,4570,23260744192642000105650020000045701388653139
7e8ff6ba-5c1b-48b8-a836-fdffd5f5c653,2026-07-26T22:07:36.479+00:00,concluido,144,autorizado,4572,23260744192642000105650020000045721885524641
3bbda10d-9fca-4e7e-85f9-75504d2f36b2,2026-07-26T22:08:00.421+00:00,cancelado,782.49,pendente,,
0959a349-e2ad-4318-ad22-9d19d7128f69,2026-07-26T22:08:38.006+00:00,concluido,391.49,pendente,,
35dbcc57-4f1b-4d89-9fb3-be3a059efadc,2026-07-26T22:10:03.823+00:00,concluido,55,pendente,,
77e8f7f8-3f68-41b6-bcd6-f78a51558cad,2026-07-27T21:33:51.019+00:00,cancelado,0,pendente,,
ae1e70b0-868f-4600-b3cd-737350997900,2026-07-26T22:09:21.789+00:00,concluido,381,autorizado,4575,23260744192642000105650020000045751859149300
d98b0184-d9b1-4e82-9a5a-ccb275b4f564,2026-07-27T21:33:42.368+00:00,cancelado,200,pendente,,
efebda00-4ca1-4874-b140-642d15ec98e9,2026-07-26T22:10:00.5+00:00,concluido,212.3,autorizado,4577,23260744192642000105650020000045771962155052
0dbdaea2-3712-4ceb-958a-e46250839043,2026-07-26T22:11:27.002+00:00,concluido,310.2,autorizado,4579,23260744192642000105650020000045791944959131
0b123d9f-1897-45fd-9c21-bd85a06652c8,2026-07-26T22:10:07.743+00:00,concluido,138,autorizado,4578,23260744192642000105650020000045781975375037
b530fa31-9d3d-4dc2-902f-7d9b049e8364,2026-07-27T21:35:40.913+00:00,concluido,307.9,pendente,,
0e58ec7b-ca34-4f7b-8bef-3686da223dd1,2026-07-26T22:12:29.401+00:00,concluido,902.33,autorizado,4581,23260744192642000105650020000045811571620256
3d52a590-c22c-4c8b-83bc-1bf8c0ca1dbd,2026-07-26T22:12:33.583+00:00,concluido,139.7,autorizado,4582,23260744192642000105650020000045821966621554
8b3f3c7a-7645-44e7-83f6-ce9d60420880,2026-07-22T18:17:40.145+00:00,concluido,165,autorizado,4254,23260744192642000105650020000042541339401130
1c5133e5-af69-426c-9026-c5b46bd47e92,2026-07-26T22:13:18.2+00:00,concluido,319,autorizado,4583,23260744192642000105650020000045831436595790
be010843-d64c-4bba-b38e-048ba48ebe6c,2026-07-26T22:13:50.475+00:00,concluido,226.6,autorizado,4586,23260744192642000105650020000045861558114012
4ce73e3c-5de2-4e08-aea7-78b34a89d386,2026-07-26T22:13:17.946+00:00,concluido,72.6,autorizado,4584,23260744192642000105650020000045841424722811
17989776-56e8-459f-ad6a-79fe3321bb66,2026-07-26T22:14:03.938+00:00,concluido,182.6,autorizado,4585,23260744192642000105650020000045851784931762
41352589-8f43-48b7-bd3a-fd914da98638,2026-07-26T22:14:42.787+00:00,concluido,225,autorizado,4587,23260744192642000105650020000045871887827725
3d83323c-6f49-486b-add2-f8f6413ee031,2026-07-26T22:15:27.247+00:00,concluido,313,autorizado,4589,23260744192642000105650020000045891194411620
cd11bb20-b1a1-4b94-ab75-eb469df6d510,2026-07-26T22:14:37.947+00:00,concluido,269.5,autorizado,4588,23260744192642000105650020000045881859593941
c351ec9a-fdaf-427a-97db-690f9d0c691f,2026-07-26T22:20:03.773+00:00,concluido,406,autorizado,4593,23260744192642000105650020000045931596586761
a155f2f3-126d-4201-9393-e4a0b29cd85d,2026-07-26T22:16:00.369+00:00,concluido,57,autorizado,4590,23260744192642000105650020000045901458716129
0811142d-d845-4719-aff0-038338548551,2026-07-26T22:18:22.631+00:00,cancelado,0,pendente,,
dda9e0d6-9d64-485a-9f6f-1bb053a5bac7,2026-07-26T22:18:46.392+00:00,concluido,44.99,autorizado,4592,23260744192642000105650020000045921961759201
95fb9c6c-8d05-4c28-aefa-480c46a60824,2026-07-26T22:18:06.72+00:00,concluido,320.48,autorizado,4591,23260744192642000105650020000045911487237389
2971000e-9818-468d-a357-1ec0392b08a8,2026-07-26T22:18:54.523+00:00,cancelado,0,pendente,,
c075b942-fdd4-4c48-a34b-dcab2da03e58,2026-07-26T22:19:00.384+00:00,concluido,85,pendente,,
9bf1f290-a654-4a69-b8ed-9c0f465c4f63,2026-07-26T22:19:37.99+00:00,concluido,40.7,autorizado,4594,23260744192642000105650020000045941310065591
40f4eb55-343f-41be-93c8-582b48d8617c,2026-07-26T22:21:06.46+00:00,concluido,64.9,autorizado,4596,23260744192642000105650020000045961209866210
249bde34-cd00-4853-bc07-e9e2ebd9fb9d,2026-07-26T22:20:24.819+00:00,concluido,271.37,autorizado,4595,23260744192642000105650020000045951339081371
d9051de4-90a2-44cb-9835-1133298ecee8,2026-07-26T22:21:02.754+00:00,concluido,193.6,autorizado,4597,23260744192642000105650020000045971275683877
d4eaa4c2-b4c2-4a71-a726-86a721edb956,2026-07-31T18:13:13.183+00:00,concluido,300.3,autorizado,4733,23260744192642000105650020000047331672107450
46e19741-ec6f-4064-bd0a-c30e656a086d,2026-07-31T18:14:53.564+00:00,cancelado,0,pendente,,
8f1b841d-6dda-4ab3-aa97-a0adb7bd7353,2026-07-22T18:35:57.737+00:00,concluido,96.8,autorizado,4262,23260744192642000105650020000042621438758100
37a103f4-e778-4605-8f95-4684c52c75a1,2026-07-22T18:40:09.633+00:00,cancelado,10,pendente,,
27fb8aad-b19f-4f5b-b94c-42353010ea3f,2026-07-22T18:44:13.752+00:00,cancelado,10,pendente,,
b0f79c60-3b2d-4d33-be88-beeee671cb49,2026-07-26T22:23:45.169+00:00,concluido,150,autorizado,4602,23260744192642000105650020000046021851278606
aa873da0-966c-4610-a527-2aca5d47ac81,2026-07-22T18:39:32.469+00:00,cancelado,10,pendente,,
8d373eb9-4f12-44b8-aa77-ced5853bb6a1,2026-07-23T16:28:26.335+00:00,cancelado,10,pendente,,
b78fa6c2-93e0-48f3-a112-05894fd63955,2026-07-22T15:43:48.146+00:00,concluido,248.6,autorizado,4234,23260744192642000105650020000042341537410213
f2078583-52fe-40f2-bfb5-d213069214a4,2026-07-22T16:08:03.181+00:00,concluido,236,autorizado,4235,23260744192642000105650020000042351636638120
1c87f8ff-4dca-4955-bd4c-3137fa79136a,2026-07-22T17:06:03.446+00:00,concluido,152.79,autorizado,4237,23260744192642000105650020000042371745879816
162f5f44-82cc-40d9-85c8-2783210cd1a2,2026-07-22T17:31:16.65+00:00,concluido,239.8,autorizado,4240,23260744192642000105650020000042401838793925
5cf4e08c-ae82-4c25-b599-f0e85e87679c,2026-07-31T12:05:08.54+00:00,cancelado,0,pendente,,
082313c9-84a4-4e1d-8983-1049c3286305,2026-07-22T17:09:27.094+00:00,concluido,198,autorizado,4238,23260744192642000105650020000042381461215490
728bf3e6-6969-4299-b073-d150f5bf665c,2026-07-22T17:11:23.122+00:00,concluido,105.6,autorizado,4239,23260744192642000105650020000042391617398445
4228f49d-79c7-4533-89b0-7783423c7e56,2026-07-22T17:35:31.524+00:00,concluido,381.37,autorizado,4242,23260744192642000105650020000042421245906997
511c7fcb-79e9-4a5f-8512-aa249c90b29d,2026-07-22T17:43:10.809+00:00,concluido,308,autorizado,4243,23260744192642000105650020000042431498713892
6a4cd0fe-0283-454f-be0d-4fb1d36d350a,2026-07-23T16:37:22.352+00:00,cancelado,10,pendente,,
33bf478b-e684-4dfe-a8ea-45cfd67d95bd,2026-07-22T17:34:28.286+00:00,concluido,47.3,autorizado,4241,23260744192642000105650020000042411329629296
3bbfac76-8780-46b1-8f10-beee3328bf66,2026-07-26T22:22:04.666+00:00,concluido,226.6,autorizado,4598,23260744192642000105650020000045981602521367
9a38ab25-50c7-4dd0-9f68-5d08009ea3e8,2026-07-26T22:23:00.354+00:00,concluido,270.6,autorizado,4601,23260744192642000105650020000046011304112776
dbbad754-f1c7-4df0-972b-67242b9f58aa,2026-07-26T22:28:54.296+00:00,cancelado,10,pendente,,
ae60ee7a-c337-430d-99d6-1146e1bd23ce,2026-07-26T22:29:04.292+00:00,concluido,82.28,pendente,,
e63c95e0-ef82-4d89-8a01-c79a73e6d618,2026-07-22T17:47:27.52+00:00,concluido,247.39000000000001,autorizado,4245,23260744192642000105650020000042451506885752
2c435bd3-549b-4747-930c-3b6770d6a942,2026-07-22T17:50:29.324+00:00,concluido,195.8,autorizado,4246,23260744192642000105650020000042461799103386
c406524f-0173-40e5-bf91-69cff4f62186,2026-07-22T17:59:51.611+00:00,concluido,177.1,autorizado,4247,23260744192642000105650020000042471392153035
7adf5a25-9476-4b6a-a779-0d3df2cdc3ef,2026-07-22T18:12:21.703+00:00,concluido,305.8,autorizado,4250,23260744192642000105650020000042501535049207
a3ccd552-7d9b-49d7-ac3b-eb71d4cef079,2026-07-22T18:05:07.33+00:00,concluido,258.5,autorizado,4248,23260744192642000105650020000042481515193860
49149d40-68dc-4848-93c0-bf5239d7995e,2026-07-22T18:12:25.753+00:00,concluido,316.8,autorizado,4251,23260744192642000105650020000042511200229740
c8c0b308-5287-4ed2-9b9a-fae51e392e3b,2026-07-22T18:31:33.241+00:00,concluido,540.1,autorizado,4261,23260744192642000105650020000042611365655342
8310398e-ff2b-4c7e-aa4c-5e809a47686d,2026-07-22T18:33:07.46+00:00,cancelado,20,pendente,,
69febd7b-ff30-4312-9920-fa0f9a1fb2df,2026-07-22T18:15:45.922+00:00,concluido,82.5,autorizado,4252,23260744192642000105650020000042521627856685
e65a2c1d-3295-4051-88a1-617168fc57bf,2026-07-26T22:21:42.382+00:00,concluido,174.9,autorizado,4599,23260744192642000105650020000045991198541427
ddb0de9d-25bf-4e69-8aec-70c56421fd9d,2026-07-22T18:16:31.983+00:00,concluido,302.17,autorizado,4253,23260744192642000105650020000042531643737528
eefd1c9a-c7d2-4989-93a7-27740eab0482,2026-07-22T18:22:16.906+00:00,cancelado,10,pendente,,
7fbf18ae-0235-44ef-928e-0490d19bc33f,2026-07-23T17:28:19.94+00:00,concluido,18.7,pendente,,
6847e823-6959-4385-bb7c-62c30ab19e9a,2026-07-23T17:43:52.215+00:00,concluido,306.9,pendente,,
73584037-b541-4a0f-82fa-4e1e299f5fd4,2026-07-22T18:25:46.519+00:00,concluido,204.6,autorizado,4255,23260744192642000105650020000042551295352551
5a6ede5e-6f7d-41d9-9bae-07886a6e5940,2026-07-22T18:29:32+00:00,concluido,53.9,autorizado,4258,23260744192642000105650020000042581739410429
c37094bd-d76a-4412-819e-87b3662321b3,2026-07-26T22:23:06.466+00:00,concluido,248.6,autorizado,4600,23260744192642000105650020000046001804108975
0af9fefa-980d-4832-b82f-6e82208f7f76,2026-07-22T18:27:19.513+00:00,concluido,154,autorizado,4256,23260744192642000105650020000042561920965343
a6a722c0-4dec-4f55-b23b-8f2e2c735591,2026-07-22T18:28:12.551+00:00,concluido,210.1,autorizado,4257,23260744192642000105650020000042571347360430
6d04a651-3828-45d1-866f-ec921f1d5d21,2026-07-26T22:23:41.269+00:00,concluido,256.74,autorizado,4603,23260744192642000105650020000046031886029529
32e85692-0567-40e7-95ab-12ff4816a8f9,2026-07-22T18:31:51.165+00:00,cancelado,0,pendente,,
f0e15870-11ef-4534-9c6e-17f0220a6a36,2026-07-26T22:24:21.925+00:00,concluido,240.9,autorizado,4605,23260744192642000105650020000046051945271674
8439607c-74fe-4abc-8c9e-ff8ac3f2db14,2026-07-26T22:29:28.186+00:00,cancelado,10,pendente,,
3102964a-70a3-4ed9-8930-425717ca61bc,2026-07-22T18:29:38.249+00:00,concluido,279.28999999999996,autorizado,4259,23260744192642000105650020000042591521674746
4967ae48-7e0f-48af-bb6b-8ec4fd44592e,2026-07-22T18:36:49.462+00:00,concluido,173.58,autorizado,4263,23260744192642000105650020000042631661724595
37d79eb4-79dd-4a49-96fc-72abfd188eea,2026-07-22T18:38:06.563+00:00,concluido,165,autorizado,4264,23260744192642000105650020000042641714438866
11ff89bb-6cbd-4c84-8841-e8a1ce92fba1,2026-07-22T18:38:50.655+00:00,concluido,214.5,autorizado,4265,23260744192642000105650020000042651577806530
658fd771-a29f-40a5-b745-f36db0e75653,2026-07-22T18:29:40.495+00:00,concluido,221.1,autorizado,4260,23260744192642000105650020000042601495569902
ab4cf857-c87a-43e0-812b-7ac0c6ae187e,2026-07-22T18:34:28.544+00:00,concluido,165,pendente,,
59021acb-4c56-48fc-b166-c0cfe34d5a58,2026-07-26T22:24:36.72+00:00,concluido,74.8,autorizado,4604,23260744192642000105650020000046041220774206
c369654c-c1a7-4d79-9d7e-0576caecf2b0,2026-07-31T13:17:07.192+00:00,concluido,0.55,autorizado,4718,23260744192642000105650020000047181500397438
186d17c0-f732-450f-a117-5de06f3d19d2,2026-07-22T18:43:49.068+00:00,concluido,191.4,autorizado,4266,23260744192642000105650020000042661159535309
cae66e6c-2802-47c6-aca0-ff64bf57dfbc,2026-07-22T18:45:42.162+00:00,cancelado,10,pendente,,
552d4dcc-0dfe-4fa0-afb3-ff5b1cf3e027,2026-07-31T14:41:16.142+00:00,cancelado,37,pendente,,
affb492a-6c23-4130-adce-555424c74ec2,2026-07-22T18:55:48.446+00:00,concluido,298.1,autorizado,4268,23260744192642000105650020000042681625716908
eaa5c458-7183-4f8d-8aa1-94421f450907,2026-07-23T17:40:28.346+00:00,cancelado,10,pendente,,
54855104-cbda-48ac-8002-2c9d40e2a602,2026-07-23T17:41:28.407+00:00,cancelado,10,pendente,,
4a0e7096-9286-43f0-8c59-d47dfe0790e8,2026-07-23T17:43:09.414+00:00,concluido,103,autorizado,4329,23260744192642000105650020000043291648716235
0be7e75a-86c2-43e2-a49f-e0b5b8c429c9,2026-07-23T17:43:35.446+00:00,concluido,237.6,autorizado,4330,23260744192642000105650020000043301983096996
1e04ff5f-b9da-4fe5-b93d-965b9f8bc8a5,2026-07-22T18:46:37.165+00:00,cancelado,213.4,rejeitado,4267,23260744192642000105650020000042671807959027
68c19e93-157c-4580-9d0a-a04e7567883f,2026-07-22T18:49:10.851+00:00,cancelado,10,pendente,,
dab530a2-8378-4878-acd1-bad459e69a44,2026-07-22T19:00:52.527+00:00,concluido,213.4,rejeitado,4273,23260744192642000105650020000042731703373856
c148e7b1-1f39-4842-a196-3ed73ccd98ee,2026-07-22T19:03:03.231+00:00,concluido,309.1,autorizado,4276,23260744192642000105650020000042761102848118
9af0850f-6279-4e9f-8675-8a2be31017cd,2026-07-31T15:10:19.591+00:00,cancelado,185,pendente,,
bc13c8cf-86d8-407b-98e4-35dcc2a74fed,2026-07-22T19:35:46.769+00:00,concluido,130.9,autorizado,4289,23260744192642000105650020000042891892669669
11bfa5c2-115b-4a96-96f6-b9fff6d770cb,2026-07-22T19:40:29.826+00:00,cancelado,10,pendente,,
916d76df-5380-42fe-ad2e-173460c6ade9,2026-07-23T17:53:22.675+00:00,cancelado,10,pendente,,
14c5a637-ff17-4cb4-8b1e-c7c65956a4d7,2026-07-31T15:15:36.943+00:00,cancelado,0,pendente,,
640381f9-c95a-4d85-bc6e-69e58ed21ba7,2026-07-22T18:56:40.174+00:00,concluido,133,autorizado,4269,23260744192642000105650020000042691122559915
b0d8aedc-c32f-44a0-b31e-b3e2e2f4ae1c,2026-07-22T19:17:26.841+00:00,concluido,124.3,autorizado,4283,23260744192642000105650020000042831731916962
c18ac99b-30a8-4e84-8016-842e331b6b65,2026-07-22T19:32:13.659+00:00,concluido,305.8,autorizado,4286,23260744192642000105650020000042861684909405
e197963f-6586-4136-90d0-4a7c74bd80b8,2026-07-22T19:44:49.984+00:00,concluido,259.49,autorizado,4294,23260744192642000105650020000042941516622236
8f4123b4-bccf-4d0f-9e1f-789f34c65c51,2026-07-22T21:17:38.919+00:00,concluido,127,autorizado,4315,23260744192642000105650020000043151709674353
6ff64d24-e3f3-4afd-9014-fc6d2e3a5f2b,2026-07-22T18:57:32.134+00:00,concluido,374.7,rejeitado,4270,23260744192642000105650020000042701300031173
9c3840d7-cd42-4561-a5e1-f9ba0bcbedfa,2026-07-22T19:18:14.752+00:00,cancelado,10,pendente,,
4e5fee3a-1f03-4cda-a8dc-8891c7f77252,2026-07-22T18:58:58.829+00:00,concluido,178.2,autorizado,4272,23260744192642000105650020000042721758226793
dfaa9eb6-b5ab-4a23-b382-bcddfccce07c,2026-07-22T18:58:29.314+00:00,cancelado,213.4,rejeitado,4271,23260744192642000105650020000042711907382239
6f39304b-085d-4e39-9bea-45599b43609d,2026-07-22T19:33:56.652+00:00,concluido,240.9,rejeitado,4287,23260744192642000105650020000042871519069800
1fa19ad9-cd27-473d-9996-505c518cd263,2026-07-22T19:59:04.717+00:00,cancelado,7,pendente,,
fe0f93cd-25b7-4957-bb36-351ea7f32d56,2026-07-22T22:22:04.938+00:00,cancelado,0,pendente,,
2b8dc447-9bfd-4482-9a03-23975b2ea185,2026-07-23T17:56:03.077+00:00,cancelado,13,pendente,,
3a5696f8-20de-4df8-8ec1-e1cd427d496b,2026-07-22T19:00:37.561+00:00,concluido,180.4,autorizado,4274,23260744192642000105650020000042741362409985
4c2b5859-5126-450e-bf45-9a39cd0a5e3d,2026-07-26T22:26:33.874+00:00,concluido,598,autorizado,4606,23260744192642000105650020000046061987810457
a18ecabc-4d27-4599-8eb0-d23dd8c8bf1f,2026-07-26T22:34:53.669+00:00,concluido,194.59,pendente,,
7eb90f79-2824-4765-a0d9-355bf73a3f20,2026-07-26T22:35:02.857+00:00,cancelado,0,pendente,,
0b3ea320-fe30-435d-b1e4-1787866e8e3b,2026-07-26T22:35:21.501+00:00,concluido,391.05,pendente,,
9a1b0751-3ea0-4f11-8701-a43b0afb2ae7,2026-07-22T19:02:14.974+00:00,concluido,190.3,autorizado,4275,23260744192642000105650020000042751205392780
32799a4f-6161-482b-a4a6-33ccaa33aee1,2026-07-26T22:28:02.099+00:00,concluido,202.4,autorizado,4607,23260744192642000105650020000046071660930860
9e3c5d54-929c-4a5c-885f-3bec25fcd4ea,2026-07-26T22:28:52.098+00:00,concluido,210.1,autorizado,4608,23260744192642000105650020000046081125625540
00f09b6d-31e4-4f42-816d-25ec83d70b72,2026-07-26T22:31:24.655+00:00,cancelado,0,pendente,,
7aa52bac-263c-4bd3-a1fb-32d5057fb62f,2026-07-26T22:36:58.069+00:00,concluido,154,pendente,,
062ec760-5b7e-4fdd-83a1-ee3ea791499a,2026-07-26T22:38:02.084+00:00,concluido,444.4,pendente,,
8922fe6e-8ceb-48ce-a6d5-5f0d6e192d66,2026-07-31T16:12:46.914+00:00,cancelado,10,pendente,,
fd8c1908-b00c-4f17-8bb1-2bc250a20e1b,2026-07-22T19:04:04.576+00:00,concluido,187,rejeitado,4277,23260744192642000105650020000042771111675236
35e4f28b-28a9-4c8d-bbee-4c00b5c4f0f9,2026-07-22T19:05:01.879+00:00,concluido,143,autorizado,4278,23260744192642000105650020000042781438685251
d74c4e21-fec6-4a65-83e7-df005cd79eaa,2026-07-22T19:05:48.893+00:00,concluido,348.7,autorizado,4279,23260744192642000105650020000042791235203217
c06dd37d-f1c6-4272-a40d-e72aff4a2a0f,2026-07-22T19:07:27.521+00:00,concluido,195.8,autorizado,4280,23260744192642000105650020000042801395934458
665b8060-971a-4e54-9a08-98fd45dee3e9,2026-07-22T22:22:13.768+00:00,cancelado,0,pendente,,
fe84064f-a302-41e4-aed6-999d6b250c70,2026-07-22T19:07:17.703+00:00,concluido,130.9,rejeitado,4281,23260744192642000105650020000042811705394739
96adbc17-175d-48ee-a1ca-b7f0da4ceda3,2026-07-22T19:08:11.533+00:00,concluido,360.69,autorizado,4282,23260744192642000105650020000042821932384413
8112fac2-2b98-4ad0-915b-59d66c9daa0c,2026-07-22T19:09:22.386+00:00,concluido,260.7,pendente,,
7caccc35-3310-48d6-84be-58dafdcfad32,2026-07-22T19:10:35.702+00:00,concluido,195,pendente,,
65f9ebe6-e069-4ae1-9594-19a80f2923e7,2026-07-22T19:23:07.21+00:00,cancelado,10,pendente,,
59449281-cc6f-4d8d-904a-3930bef643ca,2026-07-22T19:25:33.926+00:00,cancelado,10,pendente,,
2dd7ae68-e6a5-417b-a624-f1d9cb4ce454,2026-07-22T22:22:38.049+00:00,cancelado,170,pendente,,
c075c218-a5a3-4d91-8846-4c60916d7f9e,2026-07-22T19:26:29.145+00:00,concluido,304.7,autorizado,4284,23260744192642000105650020000042841104660800
3025642d-6b8f-400d-a5f7-8f7497da5e4f,2026-07-22T19:26:50.299+00:00,cancelado,10,pendente,,
c758e995-09ef-40d8-9e06-121091f5e0f3,2026-07-22T19:30:48.682+00:00,concluido,303.49,autorizado,4285,23260744192642000105650020000042851448461938
55026c7c-cc26-4af5-be8e-33477ce622e4,2026-07-22T19:34:11.392+00:00,concluido,216,autorizado,4288,23260744192642000105650020000042881245238616
3dea374a-e46a-4996-b21c-697ef3da2405,2026-07-22T20:04:56.795+00:00,concluido,246.4,autorizado,4301,23260744192642000105650020000043011614904534
8c73fd93-6951-46af-89b5-f999ca406224,2026-07-22T21:05:26.627+00:00,concluido,177.1,autorizado,4313,23260744192642000105650020000043131322061538
12ce6e06-9cbf-45b7-ae30-abd63894bf42,2026-07-22T19:35:17.238+00:00,concluido,149.6,autorizado,4290,23260744192642000105650020000042901556028344
cddaf406-4994-4a9e-8d51-3936463eef01,2026-07-22T19:37:07.407+00:00,concluido,138.6,autorizado,4291,23260744192642000105650020000042911140783563
5fcf660e-4b29-4ed0-9bac-80fa3bc694f9,2026-07-22T19:38:13.347+00:00,concluido,129.8,autorizado,4292,23260744192642000105650020000042921833996085
48a0015c-0735-4812-8090-a785485fec62,2026-07-26T22:32:23.821+00:00,concluido,389,autorizado,4609,23260744192642000105650020000046091650797208
67362492-9060-429d-8534-6d208eff2ba4,2026-07-26T22:35:53.051+00:00,cancelado,10,pendente,,
362aab75-cd31-46a9-882e-cf480f3ec9db,2026-07-22T19:43:19.847+00:00,concluido,351.01,autorizado,4293,23260744192642000105650020000042931145132220
73767722-e057-4e7c-ae56-88662ea3e7c8,2026-07-22T19:51:12.74+00:00,concluido,498.3,autorizado,4296,23260744192642000105650020000042961885010449
789dca08-403f-4cf7-a284-48395842369a,2026-07-22T22:25:00.237+00:00,cancelado,212,pendente,,
7cde46e9-c97a-4eea-9033-78ad5332b1c5,2026-07-23T18:12:03.43+00:00,cancelado,0,pendente,,
86dfff6b-f628-429f-8af6-11d3e8e7a9be,2026-07-23T18:12:18.481+00:00,cancelado,0,pendente,,
0094485e-bade-4df7-bbfa-8d20bcf29d25,2026-07-23T18:13:42.428+00:00,cancelado,0,pendente,,
9950a3d4-87fb-4912-b9f0-142f2e153b25,2026-07-23T18:14:02.427+00:00,cancelado,0,pendente,,
9671f47a-8ffb-4719-92c8-8140019a5e96,2026-07-23T18:20:15.936+00:00,concluido,138.6,autorizado,4344,23260744192642000105650020000043441656652034
646b2d88-0414-4347-9588-9da5d4ca02fb,2026-07-22T19:46:56.61+00:00,concluido,398.2,autorizado,4295,23260744192642000105650020000042951154809160
ae8f5622-349c-4db1-b499-7197ebb14934,2026-07-26T22:36:18.523+00:00,concluido,53.9,pendente,,
d42f4e9f-e1f0-4a7c-b300-bf91fb734cf0,2026-07-22T19:53:14.811+00:00,concluido,196,autorizado,4297,23260744192642000105650020000042971284206052
5b937e79-1703-4c39-b1e1-3099e0a76e9e,2026-07-26T22:36:39.143+00:00,concluido,169.4,pendente,,
e67602ad-222b-42e9-8229-6eed58385210,2026-07-26T22:36:48.874+00:00,cancelado,10,pendente,,
48a25d22-1bfb-4f21-92d8-941f9a2ea6f8,2026-07-22T19:57:47.252+00:00,concluido,394.9,autorizado,4299,23260744192642000105650020000042991653324330
38d7cf7f-b8f4-4353-89e8-94cf5ce46857,2026-07-22T22:25:34.89+00:00,concluido,0,pendente,,
544a09b4-487e-4dba-a730-e81cfde2a16c,2026-07-22T19:54:28.589+00:00,concluido,147,autorizado,4298,23260744192642000105650020000042981322867941
0b0187d3-3b7d-4489-9e6d-3e67cb91cea9,2026-07-22T20:03:31.838+00:00,concluido,121,pendente,,
951ef272-db2c-4011-87b8-0f973163c046,2026-07-22T20:04:29.76+00:00,concluido,209,autorizado,4300,23260744192642000105650020000043001538988674
28b1549a-0bec-463b-b3c5-388019c0d8c5,2026-07-22T20:08:58.019+00:00,concluido,270.6,autorizado,4304,23260744192642000105650020000043041413987353
a55cc734-9e97-4da5-acdd-28dd928ff53a,2026-07-22T20:11:42.671+00:00,concluido,170.5,autorizado,4307,23260744192642000105650020000043071439401366
465bd758-39e4-4f38-aae9-0559823cbd48,2026-07-26T22:37:11.682+00:00,concluido,169.73,pendente,,
4a3b2834-441d-41bb-afd1-87045478a3fc,2026-07-22T20:06:27.727+00:00,concluido,376.2,autorizado,4302,23260744192642000105650020000043021655448417
21c11074-d8fa-49ea-be9c-bb7789357917,2026-07-26T22:37:25.185+00:00,concluido,188.32,pendente,,
2785792c-9d48-4811-9a29-4e2a97081a78,2026-07-22T20:16:28.389+00:00,cancelado,0,pendente,,
281d2cb9-1870-41fb-b57b-5f7a48d0a5a5,2026-07-22T20:16:40.755+00:00,cancelado,10,pendente,,
b5374c67-f955-45b3-9317-a5d7623756ab,2026-07-22T20:20:16.67+00:00,cancelado,160,pendente,,
e72e0a0b-a422-448d-957f-aa5548458782,2026-07-22T20:20:24.507+00:00,cancelado,10,pendente,,
ee5518b9-8841-4e2e-b50e-0a4300f55b9b,2026-07-22T20:21:26.849+00:00,cancelado,0,pendente,,
f183fbbc-e237-4264-a8fb-028bbf5b4d47,2026-07-26T22:37:35.899+00:00,cancelado,10,pendente,,
d2a46f59-009b-4f22-8ad6-3b1b25e1d010,2026-07-22T20:07:54.107+00:00,concluido,309,autorizado,4303,23260744192642000105650020000043031588381937
94e182e9-76ab-4d0c-b0de-0a4735f48ce6,2026-07-22T20:09:57.717+00:00,concluido,278.3,autorizado,4305,23260744192642000105650020000043051162908617
20151536-a474-4024-becf-60298786019b,2026-07-22T20:11:57.668+00:00,concluido,234.3,autorizado,4308,23260744192642000105650020000043081279956575
80693ed2-91d4-48b3-a04c-a9156682361b,2026-07-22T20:18:59.652+00:00,cancelado,176,pendente,,
edcabf78-b14b-4eb3-8c30-0a9df5846e29,2026-07-22T20:21:19.168+00:00,cancelado,0,pendente,,
81941d1f-bef2-442e-9ae4-3b0e222b5ed7,2026-07-22T20:21:59.362+00:00,cancelado,0,pendente,,
69e5cf29-dfe6-4618-9de0-dd8c9f646459,2026-07-22T20:22:24.095+00:00,cancelado,0,pendente,,
73b6718c-ac7f-4bb5-bac2-b44fb4b48027,2026-07-22T20:22:40.551+00:00,cancelado,0,pendente,,
e0719fbf-408b-453e-b968-024ca3c69730,2026-07-22T20:23:16.934+00:00,cancelado,0,pendente,,
775e5a7a-e870-475e-97d6-4c4b501c7f11,2026-07-22T20:24:01.4+00:00,cancelado,0,pendente,,
e9758f52-da88-4f35-b6a6-b3e7233db68a,2026-07-23T15:10:56.554+00:00,cancelado,37,pendente,,
a306d86b-48d8-4245-a1e6-cf769fa23865,2026-07-22T20:11:05.271+00:00,concluido,383.9,autorizado,4306,23260744192642000105650020000043061581161232
c3017263-b909-4611-9dae-68a298d020e1,2026-07-26T22:37:46.385+00:00,concluido,119.9,pendente,,
5d088521-1654-4654-a824-20f36a806959,2026-07-26T22:39:06.626+00:00,concluido,145.09,pendente,,
fa432b94-8c7d-4efb-9b96-654a5da34ddd,2026-07-31T16:16:54.117+00:00,cancelado,10,pendente,,
9f4c1a5f-0802-48ff-904f-05eab21f1ebe,2026-07-22T20:14:26.389+00:00,concluido,472.89,autorizado,4309,23260744192642000105650020000043091848764346
bb515ec5-03a6-4ea3-848e-5bf92d81837a,2026-07-26T22:38:16.483+00:00,concluido,761.2,pendente,,
2e5ff780-787d-4141-97f6-1e3668635197,2026-07-26T22:39:22.589+00:00,concluido,0,pendente,,
04fda3ac-dae2-4115-95cb-c98b096abc83,2026-07-26T22:40:36.339+00:00,cancelado,10,pendente,,
5805b9fa-5f6d-4260-8756-e2ef9b761fb3,2026-07-22T21:03:08.058+00:00,concluido,579.59,pendente,,
f00a5336-a36e-44ad-bc03-bac72ec43c22,2026-07-22T21:04:33.228+00:00,concluido,137.5,autorizado,4312,23260744192642000105650020000043121990125302
9db0363a-9323-4308-b6fd-cd412b1b4db5,2026-07-26T22:38:30.526+00:00,concluido,300.3,pendente,,
1d2e0a3a-76b0-4ecf-872e-f4466d47088d,2026-07-22T21:06:43.413+00:00,concluido,214.5,autorizado,4314,23260744192642000105650020000043141777371827
07732478-808e-4c25-aa08-af896188b9d9,2026-07-23T15:46:06.787+00:00,cancelado,21,pendente,,
b8af6b94-c1fc-4c03-8c14-eddaa70b3882,2026-07-26T22:38:44.827+00:00,concluido,255.2,pendente,,
273de212-8fbc-4695-b6aa-c98576267bef,2026-07-26T22:38:54.766+00:00,cancelado,10,pendente,,
aecc1fb3-6819-43a2-8db1-154d522bf8be,2026-07-22T21:20:19.59+00:00,cancelado,179,rejeitado,4316,23260744192642000105650020000043161197642404
d3651597-1e9f-46f5-98cb-702f437394c8,2026-07-23T16:13:45.731+00:00,cancelado,10,pendente,,
d8170017-3248-4e55-9b7d-ddd2f664ad4b,2026-07-26T22:40:07.158+00:00,concluido,0,pendente,,
313e4716-5f47-495e-94e8-b507ec7da9d4,2026-07-26T22:35:40.196+00:00,cancelado,161.7,pendente,,
e163411d-084d-48c3-af6b-08216968caab,2026-07-22T21:20:42.951+00:00,concluido,28,autorizado,4316,23260744192642000105650020000043161998439801
9a3ae747-1dc0-483e-a093-309ecd50a15d,2026-07-22T21:31:23.592+00:00,cancelado,130,pendente,,
862c2f3f-dcc0-4973-a32c-32415fa3ea66,2026-07-26T22:41:35.534+00:00,concluido,150.7,autorizado,4610,23260744192642000105650020000046101327926442
4d48cb92-5552-44ed-9bd4-ff4cf760fc59,2026-07-27T13:33:07.738+00:00,concluido,714.8,pendente,,
6c878658-69aa-44a3-8399-6b89109ededc,2026-07-22T21:22:40.553+00:00,concluido,179,autorizado,4317,23260744192642000105650020000043171241218282
ec1899d5-3dc4-4dc3-914b-af4d64b6fe5d,2026-07-22T21:25:29.87+00:00,concluido,42,autorizado,4318,23260744192642000105650020000043181578301240
dda8cc73-3875-4e3c-b05d-8abcd66b0f64,2026-07-22T21:30:42.245+00:00,concluido,260.7,autorizado,4319,23260744192642000105650020000043191741699349
3e748e6e-db09-4bf8-9905-8166a79b9889,2026-07-22T21:47:12.65+00:00,concluido,8,autorizado,4320,23260744192642000105650020000043201428669739
e795506e-24c0-4bb4-892c-49040546a700,2026-07-22T21:32:14.664+00:00,concluido,52.69,pendente,,
d410227e-b5e5-4237-8a26-ab8a11f17dd7,2026-07-22T22:07:20.492+00:00,concluido,213.4,autorizado,4321,23260744192642000105650020000043211969061103
5cdf889f-6d42-4ccb-8ad5-0d39e30c5567,2026-07-22T22:23:05.405+00:00,concluido,0,pendente,,
3cb709f2-3742-4200-96f8-b4e7ad9ddefc,2026-07-22T22:34:13.327+00:00,concluido,266,pendente,,
aaa1550d-38ab-4869-a9d5-6a67b0d35903,2026-07-23T15:45:14.032+00:00,concluido,68.2,pendente,,
f5732269-cb2b-4107-a490-5ffb34b7751d,2026-07-23T16:15:05.826+00:00,concluido,181.5,autorizado,4322,23260744192642000105650020000043221280177427
2bd82c6c-280a-40b3-be44-15db79531ece,2026-07-23T16:16:22.692+00:00,concluido,320.1,autorizado,4323,23260744192642000105650020000043231123298224
6d4987a0-21e3-42b0-917a-31d68f9002b8,2026-07-23T16:29:27.188+00:00,concluido,286,autorizado,4324,23260744192642000105650020000043241475148056
d9db213e-941d-4846-9af7-5c4d567c9bfc,2026-07-23T16:34:49.719+00:00,cancelado,10,pendente,,
9ec45bf8-01d9-4701-99fc-72015c24baba,2026-07-27T14:58:02.374+00:00,concluido,15,autorizado,4611,23260744192642000105650020000046111934603147
862e8dc7-2d83-4153-a266-775511cbda94,2026-07-27T15:48:56.594+00:00,cancelado,26,pendente,,
16392b32-b415-4570-8279-193862c5c993,2026-07-23T16:36:51.55+00:00,concluido,213.4,autorizado,4325,23260744192642000105650020000043251427266513
165cd5ba-d723-4c38-adef-26cb3e67de1b,2026-07-23T16:38:31.761+00:00,concluido,192.5,pendente,,
dc4d8114-e9b4-47ba-ac2f-9aaa5c61f01a,2026-07-23T16:52:52.002+00:00,cancelado,14.9,pendente,,
d204b9e9-c346-4064-b537-d573f98648d8,2026-07-23T17:12:41.764+00:00,concluido,744.59,autorizado,4326,23260744192642000105650020000043261758927484
ddaf278d-e99a-4d34-816c-7b91454367ab,2026-07-23T17:27:34.095+00:00,concluido,335.5,rejeitado,4327,23260744192642000105650020000043271259523105
bdb2c6af-4794-48d5-a07b-b5047802d482,2026-07-23T17:30:19.546+00:00,concluido,267.3,pendente,,
ddec3693-536b-4b3e-89f1-f50bebb8de65,2026-07-27T15:49:09.005+00:00,cancelado,0,pendente,,
98166125-1887-49d0-a7c4-640d0ab782cd,2026-07-23T17:38:24.259+00:00,concluido,208.89,autorizado,4328,23260744192642000105650020000043281663813753
d519e127-e02c-4006-8493-ede173880dd3,2026-07-27T15:50:27.941+00:00,concluido,128.15,autorizado,4612,23260744192642000105650020000046121938458394
af2d2ec5-17ba-43be-9f01-1de7becf0906,2026-07-31T18:53:09.646+00:00,cancelado,11.9,pendente,,
1329a72c-0663-4f46-ad3d-698ad3ad2919,2026-07-31T18:55:34.883+00:00,cancelado,0,pendente,,
86e0e21b-67e2-41db-8b4f-39da8e4683d1,2026-07-31T18:55:45.484+00:00,cancelado,0,pendente,,
72958cbb-944f-41bc-8b95-20db3ed90e0c,2026-07-23T17:42:42.493+00:00,concluido,54,pendente,,
f831d158-707a-4618-8165-641f6aabeb7b,2026-07-23T17:42:58.138+00:00,concluido,8,pendente,,
3a5e433c-b1c3-4ce7-b286-db26b9861027,2026-07-23T17:45:06.911+00:00,concluido,155,autorizado,4331,23260744192642000105650020000043311804360283
5d827ab1-683b-48f9-8dff-37db96ce91d3,2026-07-23T17:46:24.52+00:00,concluido,140,autorizado,4332,23260744192642000105650020000043321297666791
402eae41-4260-49d3-84fb-a2d29c9ba0ae,2026-07-23T17:49:07.732+00:00,concluido,169.4,pendente,,
e81df2c3-44fa-4245-9840-3c1b7784aec1,2026-07-27T16:29:09.853+00:00,concluido,137,autorizado,4613,23260744192642000105650020000046131827536742
9b2f8601-218b-43f1-ac94-75b4166bffb1,2026-07-23T17:47:03.095+00:00,concluido,176,autorizado,4333,23260744192642000105650020000043331928262822
ee8ffe6e-d9a0-40c0-8a3e-9974f37a8910,2026-07-23T17:49:36.087+00:00,cancelado,10,pendente,,
d1c06914-be9c-4f4c-9d9e-ed47cbf4c9f8,2026-07-23T17:49:27.016+00:00,concluido,267.3,pendente,,
155ca6ee-1e19-460d-b35c-aaa42ef06544,2026-07-23T17:50:37.051+00:00,cancelado,10,pendente,,
1094aa94-fd66-4448-b669-656429b8b511,2026-07-23T17:52:29.604+00:00,cancelado,10,pendente,,
58d2edeb-2318-456a-9058-8849fc79f628,2026-07-23T17:57:29.229+00:00,cancelado,10,pendente,,
4a3d8e3c-e780-4449-8b26-87294f37297b,2026-07-23T17:59:25.111+00:00,cancelado,10,pendente,,
6368bc87-2d18-4e68-9947-1a07908d5c73,2026-07-23T18:04:06.967+00:00,cancelado,10,pendente,,
7b9e8993-b8b3-418b-90a6-54499d810fa4,2026-07-23T18:18:01.074+00:00,concluido,242,autorizado,4342,23260744192642000105650020000043421597980366
9460e437-1445-4efd-8768-6c4cd27cabe9,2026-07-23T17:55:35.349+00:00,concluido,278.3,autorizado,4334,23260744192642000105650020000043341746717627
92df6760-4cf3-4e88-8967-36b45a8c9bc3,2026-07-23T18:00:47.989+00:00,concluido,209.88,autorizado,4335,23260744192642000105650020000043351197387736
3056f71c-5d4d-4762-bfd7-370ef92d5c23,2026-07-23T18:01:36.355+00:00,cancelado,10,pendente,,
49c9bbdd-ce3f-44ac-9f0a-181f092f9833,2026-07-23T18:03:22.044+00:00,concluido,268,rejeitado,4336,23260744192642000105650020000043361286567222
9ee36fca-cafa-45db-8a19-d5c7f9dc9db4,2026-07-23T18:10:21.797+00:00,concluido,118.8,pendente,,
d1323429-62a7-4905-a503-1e8e946ab5da,2026-07-23T18:10:34.007+00:00,cancelado,0,pendente,,
6b4f9297-eb9d-4141-aba6-c7d824b705b9,2026-07-23T18:10:51.751+00:00,cancelado,0,pendente,,
6066f589-858f-4643-8b3d-3a402afac261,2026-07-23T18:11:23.258+00:00,cancelado,0,pendente,,
a304cf9c-6510-4eb7-a955-e4cbcaad0f20,2026-07-23T18:13:48.83+00:00,cancelado,0,pendente,,
f1aeb61a-330b-4995-a66f-b08b196a79fd,2026-07-23T18:04:00.261+00:00,concluido,44,autorizado,4337,23260744192642000105650020000043371334736030
cf899726-1fb8-482f-aa14-18b14bd98d4f,2026-07-23T18:08:11.207+00:00,concluido,276.1,autorizado,4339,23260744192642000105650020000043391199495420
3b79a55b-f2c4-485e-8d5a-238d849954b1,2026-07-23T18:08:37.973+00:00,concluido,186.9,autorizado,4340,23260744192642000105650020000043401840149561
95db0274-92ff-4043-8924-896db62dd0c3,2026-07-23T18:09:42.283+00:00,concluido,117.7,pendente,,
381dfab0-4491-406c-a5c4-31a4fe4515d7,2026-07-23T18:13:55.487+00:00,cancelado,0,pendente,,
e29e4aea-eb98-48ee-85f4-daebcaea5d19,2026-07-23T18:07:07.342+00:00,concluido,250.8,autorizado,4338,23260744192642000105650020000043381825884053
aeea92a3-cbe8-4e3e-883f-312c77d6ffe2,2026-07-23T18:11:13.635+00:00,cancelado,0,pendente,,
3e980117-3999-43d7-8211-15c1bd7a3ed7,2026-07-23T18:13:28.591+00:00,cancelado,0,pendente,,
d5ec3d86-5d1d-4b14-9330-7ad9e1f54e71,2026-07-27T16:31:35.08+00:00,cancelado,185.9,autorizado,4614,23260744192642000105650020000046141950915826
20146d85-3d01-4106-85c7-dfde84abdc44,2026-07-23T18:15:52.552+00:00,concluido,279.4,autorizado,4341,23260744192642000105650020000043411372678517
1717fb2d-32a7-48ef-b8d2-dbc9a06c9754,2026-07-23T18:18:53.681+00:00,concluido,16.5,pendente,,
743a7a89-5e8f-4088-8cff-f44c9ac99228,2026-07-27T17:01:40.644+00:00,concluido,347.16,autorizado,4615,23260744192642000105650020000046151989123812
459dbe00-458d-4190-ad3c-14853a2e9176,2026-07-23T18:19:27.281+00:00,concluido,24.2,autorizado,4343,23260744192642000105650020000043431204992220
a72c8e2b-1d66-4880-85ee-1271ce9d766c,2026-07-23T18:23:25.539+00:00,concluido,200.2,autorizado,4346,23260744192642000105650020000043461341500305
95bb7972-ea54-4d7d-bc2a-73abcce2b961,2026-07-27T17:03:22.313+00:00,concluido,185.9,autorizado,4616,23260744192642000105650020000046161592487757
53464920-26e0-4043-a7d9-6dadaea70263,2026-07-31T18:38:36.67+00:00,concluido,16.5,autorizado,4742,23260744192642000105650020000047421466812143
2ff86b3b-17f0-48bb-85cf-bcfbe49a1e50,2026-07-23T18:23:05.882+00:00,concluido,177.1,autorizado,4345,23260744192642000105650020000043451862003175
02d43681-d5c4-41c9-a0c0-ca277dcb4871,2026-07-23T18:24:46.393+00:00,cancelado,10,pendente,,
457b9733-80f8-4eae-8576-ad32aada0c3c,2026-07-23T18:24:48.741+00:00,concluido,199.1,autorizado,4347,23260744192642000105650020000043471273142450
68cae78b-3cef-45d8-847c-5154b4d4d044,2026-07-23T18:30:20.981+00:00,concluido,477.51,autorizado,4352,23260744192642000105650020000043521265270194
e2d1e591-62bd-4917-a73c-5299a78590ab,2026-07-23T18:49:02.391+00:00,cancelado,218.9,rejeitado,4363,23260744192642000105650020000043631130926699
1cd3ed84-e733-41d8-be84-a830de45c535,2026-07-23T18:50:54.06+00:00,cancelado,0,pendente,,
daebef01-245c-49db-ae2e-896ba52f953d,2026-07-23T18:26:17.698+00:00,concluido,151.8,autorizado,4348,23260744192642000105650020000043481628901130
0718caf9-a212-403b-9432-92375f37345a,2026-07-23T18:27:12.869+00:00,concluido,253,autorizado,4349,23260744192642000105650020000043491479769330
b6d5340e-269e-4c02-869d-cceec52b0ba7,2026-07-23T18:27:45.882+00:00,concluido,370.7,autorizado,4350,23260744192642000105650020000043501511614210
e0b6ee4c-52fe-47f8-a25c-be793e9a8fc2,2026-07-31T16:13:56.658+00:00,concluido,271.59,autorizado,4719,23260744192642000105650020000047191891862670
a3a55059-5c59-45ba-985b-f49033ca7886,2026-07-23T18:29:42.079+00:00,concluido,401.06,autorizado,4351,23260744192642000105650020000043511567785149
021deb73-748b-4093-ae3d-0dc1e8ad57a2,2026-07-31T16:17:24.392+00:00,cancelado,6,pendente,,
6cba6553-e15a-41d3-b469-8f77d5a3ec2e,2026-07-23T18:31:06.694+00:00,concluido,331.1,autorizado,4353,23260744192642000105650020000043531973659771
1aa16e4a-cc05-42aa-8d53-7dd560bfbe24,2026-07-23T18:34:56.182+00:00,cancelado,10,pendente,,
3314900c-6903-479c-9034-e3fe422901ed,2026-07-23T18:37:18.554+00:00,cancelado,15,pendente,,
e55939e1-4165-483b-8b44-9797407cb692,2026-07-23T18:39:41.412+00:00,cancelado,10,pendente,,
9a26f4e2-42f6-4ddd-9b43-536beff0e63a,2026-07-23T18:40:24.989+00:00,concluido,170.5,autorizado,4356,23260744192642000105650020000043561391998362
ea7e51b2-aadf-4904-9a77-970234412433,2026-07-23T18:40:38.945+00:00,cancelado,10,pendente,,
25eef23f-86d4-48ce-bd47-fc368fb0fd61,2026-07-23T18:41:07.866+00:00,concluido,317.9,autorizado,4357,23260744192642000105650020000043571586708662
360cbfc4-abf1-4ca6-b1d2-14c888b32cb2,2026-07-23T18:33:02.485+00:00,concluido,290.4,autorizado,4354,23260744192642000105650020000043541168569258
9322c106-90e6-4ef0-86ea-9e1b0bd36d98,2026-07-23T18:34:03.102+00:00,concluido,92.4,pendente,,
41de0cdd-7cd2-411e-9e45-50420bd41358,2026-07-27T17:06:18.586+00:00,concluido,238.7,autorizado,4617,23260744192642000105650020000046171875066253
0ea7649c-e489-49c6-8251-019595b331e3,2026-07-23T18:37:46.885+00:00,cancelado,20,pendente,,
c2f9e841-7d1d-4dca-a06d-521523acb06d,2026-07-23T18:42:24.111+00:00,concluido,325.49,autorizado,4359,23260744192642000105650020000043591654092786
0ab6e788-72e0-4820-add2-95be691f8443,2026-07-23T18:37:06.033+00:00,concluido,374,autorizado,4355,23260744192642000105650020000043551385825063
e04348b1-126e-4f60-8edf-773f7a050977,2026-07-23T18:42:23.79+00:00,concluido,253,autorizado,4358,23260744192642000105650020000043581112619135
fcbff044-c319-4b6c-968d-bf0fcec25768,2026-07-23T18:50:18.277+00:00,concluido,218.9,rejeitado,4364,23260744192642000105650020000043641727480020
ab5ca7cb-5014-4840-a014-5cb4137fa1be,2026-07-23T18:53:32.339+00:00,concluido,265.1,autorizado,4366,23260744192642000105650020000043661543500660
7e74dd65-f39c-46b1-a242-26720ee5863c,2026-07-23T19:15:45.641+00:00,concluido,324.5,pendente,,
b31775c6-69b6-4513-8bcd-16f29c2ce495,2026-07-23T19:19:53.414+00:00,cancelado,0,pendente,,
8e6db8ef-8e1a-47d1-a1bb-359b42372492,2026-07-23T18:44:13.586+00:00,concluido,291.5,autorizado,4360,23260744192642000105650020000043601604941519
ea4b71c8-aeb1-45c0-8c55-9066704352df,2026-07-23T18:44:59.233+00:00,cancelado,10,pendente,,
3b1a97a0-f4f3-410e-a60e-bcbbf2ae9824,2026-07-23T18:46:11.704+00:00,concluido,320,pendente,,
c2c36b91-7e46-4c96-b32f-1b685204b439,2026-07-23T19:35:42.614+00:00,concluido,488.43,autorizado,4385,23260744192642000105650020000043851309554835
9eeefaf2-31c0-43ca-ae3b-b5576402aa94,2026-07-23T19:40:05.375+00:00,cancelado,10,pendente,,
75ecc8c2-450d-4fba-aa60-32179b63b422,2026-07-27T17:17:25.629+00:00,concluido,312.84,autorizado,4618,23260744192642000105650020000046181685893814
33051c11-0178-4e96-8e7c-f3890629ea0a,2026-07-23T18:47:35.503+00:00,concluido,279.4,rejeitado,4361,23260744192642000105650020000043611790839071
dc551d11-5b4f-4874-9a8f-eb1c13b5418f,2026-07-23T18:48:01.763+00:00,concluido,295.46,autorizado,4362,23260744192642000105650020000043621523253358
ab7fbda7-8bda-49f1-822d-b4f46e0c6a88,2026-07-27T17:29:51.725+00:00,concluido,193.49,autorizado,4619,23260744192642000105650020000046191738996032
2de8d49d-1e96-4e75-80eb-097ee8f1791c,2026-07-23T18:52:24.362+00:00,concluido,289.3,autorizado,4365,23260744192642000105650020000043651174596591
aa31f75b-0def-4c5a-864c-4efcdf1ab978,2026-07-23T18:56:28.278+00:00,concluido,144.87,autorizado,4368,23260744192642000105650020000043681759744987
c35fbd6a-fb29-43f8-9e7c-68131852c52e,2026-07-23T18:57:37.807+00:00,concluido,347.6,autorizado,4369,23260744192642000105650020000043691792072396
38608675-8abb-4d98-b8ff-af0186e628b3,2026-07-23T19:02:05.254+00:00,cancelado,10,pendente,,
de714638-de17-4452-910d-45913dfd2aab,2026-07-23T19:03:25.561+00:00,cancelado,10,pendente,,
5d8fbf11-e681-4f03-8f16-f7161985812f,2026-07-23T18:54:54.776+00:00,concluido,567.6,autorizado,4367,23260744192642000105650020000043671290599318
330ec064-d2fb-4e6c-bca4-3894fd866f79,2026-07-23T18:58:42.791+00:00,concluido,190.3,pendente,,
1ca6871a-ce44-4be2-9cfc-f46f7b502640,2026-07-23T19:00:13.191+00:00,concluido,302.17,autorizado,4371,23260744192642000105650020000043711675131483
f9ba9695-f463-4a32-bfab-5ba64c987795,2026-07-23T19:08:31.204+00:00,cancelado,10,pendente,,
7e426691-9ca5-4406-a834-28e182d8cb95,2026-07-23T19:11:02.527+00:00,concluido,84.48,autorizado,4376,23260744192642000105650020000043761781935724
c9a36b3c-8a94-4559-b830-4d547b4aaf5a,2026-07-23T19:13:10.336+00:00,cancelado,10,pendente,,
8fc33d73-eaca-4465-8b99-7790bb4b8386,2026-07-23T19:20:00.565+00:00,cancelado,0,pendente,,
72a6e59b-8e44-4e7d-880d-f3f3920eb517,2026-07-23T19:20:42.308+00:00,cancelado,0,pendente,,
94d6cb8c-403f-457b-afea-c52d52185db8,2026-07-23T19:07:10.566+00:00,concluido,232.1,autorizado,4373,23260744192642000105650020000043731360619158
bc01b20c-4371-41a1-8748-29e2e5775ac3,2026-07-23T19:08:56.215+00:00,concluido,166.1,autorizado,4374,23260744192642000105650020000043741520013683
f81c4b87-94b3-4ed1-b7e6-301f8f70461b,2026-07-23T19:10:18.653+00:00,concluido,203.5,autorizado,4375,23260744192642000105650020000043751208783336
861b6325-8cec-4113-9420-125e9bc96d2f,2026-07-23T19:41:08.29+00:00,concluido,64,autorizado,4386,23260744192642000105650020000043861724407800
9ad20371-a6c8-4e92-9d27-0e39897899af,2026-07-27T17:33:11.539+00:00,concluido,223.3,autorizado,4620,23260744192642000105650020000046201676975208
96297ed8-0ead-4bfb-ad34-f0ab8030c043,2026-07-23T19:13:51.416+00:00,concluido,35.2,autorizado,4377,23260744192642000105650020000043771334910290
3b626d8e-9955-4d84-a940-de55f54c1a26,2026-07-23T19:18:33.039+00:00,concluido,215,autorizado,4379,23260744192642000105650020000043791753213738
4d914a2d-3bc8-490a-9f60-bd016629a204,2026-07-23T19:19:07.387+00:00,cancelado,0,pendente,,
f62e5b05-cbe8-49b3-a2eb-4f3178bef30e,2026-07-23T19:23:15.824+00:00,concluido,363.88,autorizado,4381,23260744192642000105650020000043811474110949
f6c48d51-ad1f-40c1-869f-57f4fc6c72f3,2026-07-27T17:39:30.833+00:00,concluido,168.3,autorizado,4621,23260744192642000105650020000046211415450907
4e1a989b-35c7-44ee-b288-10472e1ff01c,2026-07-23T19:17:04.612+00:00,concluido,182,autorizado,4378,23260744192642000105650020000043781739790980
0ee5ad58-bc36-4532-8fd8-89b64ddfd754,2026-07-27T17:42:06.352+00:00,cancelado,150,pendente,,
0537c5f7-76f1-4964-b01a-d7e0f7728083,2026-07-27T17:44:50.155+00:00,concluido,155.1,autorizado,4622,23260744192642000105650020000046221397569313
caf41ed3-aab0-4443-a43b-d5eee20346f4,2026-07-23T19:22:42.682+00:00,concluido,281,autorizado,4380,23260744192642000105650020000043801462825037
6bc3efa7-d1a0-4be5-8a71-8d3bc00b4191,2026-07-27T17:51:05.146+00:00,concluido,194.7,autorizado,4623,23260744192642000105650020000046231825445380
e1fa6f31-598b-4a02-810c-b11b99e00d65,2026-07-23T19:26:16.26+00:00,concluido,1073,autorizado,4383,23260744192642000105650020000043831641635943
6463f48d-fcbb-4e9e-aacd-b34a6f1d5b73,2026-07-23T19:24:36.764+00:00,concluido,270.49,autorizado,4382,23260744192642000105650020000043821200894192
3caebb80-4ea8-48b3-b473-30383597452e,2026-07-23T19:27:58.341+00:00,concluido,366.3,autorizado,4384,23260744192642000105650020000043841596437081
1a9b133f-af15-4efc-b53f-a81107111cab,2026-07-27T18:07:54.087+00:00,cancelado,10,pendente,,
7f31b974-be62-4e43-b93d-a845b69036dc,2026-07-23T19:48:37.712+00:00,concluido,201.3,autorizado,4388,23260744192642000105650020000043881530162199
1570bf47-2827-4106-b109-475895fd9c68,2026-07-23T19:49:10.949+00:00,concluido,285.89,pendente,,
9639e025-b88f-46cb-ae4d-270b1c192013,2026-07-31T16:18:10.028+00:00,concluido,123.2,autorizado,4720,23260744192642000105650020000047201474574984
9246cd1d-e807-4ed4-90e6-4df8b9e50ea4,2026-07-31T17:20:15.56+00:00,cancelado,10,pendente,,
7395d740-54d4-4199-abd2-a44dd07c88b6,2026-07-23T19:50:32.292+00:00,concluido,353.98,autorizado,4389,23260744192642000105650020000043891570992440
b3b518ea-a643-481f-ad64-9e5a07e5768b,2026-07-23T19:51:14.228+00:00,concluido,203.5,autorizado,4390,23260744192642000105650020000043901934058650
05565c20-26f6-41f8-bc49-4432e92dfcdb,2026-07-23T20:03:52.364+00:00,concluido,84,autorizado,4391,23260744192642000105650020000043911724797888
69695dba-1c98-46bb-a96e-e71f01f9d07e,2026-07-23T20:16:20.279+00:00,concluido,180,pendente,,
cee2af07-7b77-41bc-a8d0-0949c345812a,2026-07-27T18:09:09.386+00:00,concluido,220,autorizado,4624,23260744192642000105650020000046241370987119
8c137676-0507-4811-9d19-1652119cb91f,2026-07-27T18:16:29.003+00:00,concluido,268.4,autorizado,4626,23260744192642000105650020000046261660383717
5b5993a5-f3a9-4654-984a-5f762bf926b8,2026-07-27T18:23:58.105+00:00,concluido,148.39,pendente,,
67ec0034-9187-462b-9fa8-82ee45e9e650,2026-07-27T18:10:57.341+00:00,concluido,103.4,autorizado,4625,23260744192642000105650020000046251538225471
bcf8e944-48ff-4cf9-b296-82350e52f5f8,2026-07-27T18:22:06.299+00:00,concluido,311.3,autorizado,4627,23260744192642000105650020000046271309294089
3784b17f-ddda-4a9f-ae4f-7ccf1297f9e3,2026-07-27T18:29:25.08+00:00,cancelado,10,pendente,,
a2a0368f-6ae3-4a84-9d0e-c5a4d59e8a12,2026-07-27T18:33:49.482+00:00,concluido,14.3,pendente,,
2f278304-5a39-4ee4-887d-aa193ff553ba,2026-07-27T18:37:12.999+00:00,cancelado,10,pendente,,
299e944b-bab0-433c-b7d1-942aaf3dc5e0,2026-07-27T18:38:01.224+00:00,concluido,62.7,autorizado,4636,23260744192642000105650020000046361905287789
40139d6c-6aee-4789-9710-4832d99f6052,2026-07-27T18:26:20.471+00:00,concluido,412.5,autorizado,4628,23260744192642000105650020000046281775909856
2c4aecb7-3735-425c-8f8b-2563b3a010b9,2026-07-27T18:28:00.101+00:00,concluido,211.2,autorizado,4629,23260744192642000105650020000046291691546229
543ed790-7cb6-484d-bd91-05ba682ac60f,2026-07-27T18:29:05.298+00:00,concluido,159.5,autorizado,4630,23260744192642000105650020000046301134909310
76b9b5ba-2229-47cb-9023-13c90eb33a70,2026-07-27T18:29:58.804+00:00,concluido,23.1,autorizado,4631,23260744192642000105650020000046311302255684
34516d06-db5d-4e44-ac86-ddb82151b539,2026-07-27T18:31:09.277+00:00,concluido,358.6,autorizado,4632,23260744192642000105650020000046321607780534
7ce41daa-fac9-4d16-82f6-4fc57a3cc4f2,2026-07-27T18:32:04.103+00:00,concluido,247.5,autorizado,4633,23260744192642000105650020000046331495384303
f6d53b6c-13f5-4ce9-a300-c7b3b510458f,2026-07-27T18:44:28.174+00:00,concluido,100,pendente,,
b92880d4-38ab-460a-b57a-286b43f4c95d,2026-07-27T18:46:26.158+00:00,concluido,51.7,autorizado,4640,23260744192642000105650020000046401450203967
18c8a480-a6cb-4cb5-bdec-d57f760f3fdd,2026-07-27T18:48:11.064+00:00,concluido,220,autorizado,4641,23260744192642000105650020000046411255121695
2126c435-372c-4d9b-9dbd-88408cc2e433,2026-07-27T18:35:52.448+00:00,cancelado,10,pendente,,
b62da758-2a00-4c29-a2ef-43aa417a2aed,2026-07-27T18:37:38.35+00:00,concluido,243.1,autorizado,4635,23260744192642000105650020000046351943296350
c3638edb-d832-495d-985f-867fdb18ef4b,2026-07-27T18:35:07.689+00:00,concluido,92.09,autorizado,4634,23260744192642000105650020000046341221231744
f3684b88-a0b4-43cc-8ccf-9a4469ee4c33,2026-07-27T18:39:59.537+00:00,concluido,111.1,autorizado,4637,23260744192642000105650020000046371203718353
de9b7bd7-406b-4b14-adca-11fa0d6f9a66,2026-07-27T18:41:41.104+00:00,concluido,293.7,pendente,,
15dc04b8-bf5a-4e98-aff7-c96bcb110bff,2026-07-27T18:41:46.22+00:00,concluido,349.58,autorizado,4638,23260744192642000105650020000046381681819990
3b75b048-bd04-4042-a9b0-df1473ea346b,2026-07-27T18:43:01.021+00:00,concluido,397.1,pendente,,
7a6f64e1-bda1-4bc9-be9c-d0a5ad57a9de,2026-07-27T18:49:43.358+00:00,cancelado,10,pendente,,
23368431-fc0a-4517-ace8-4ae6e5a44549,2026-07-27T18:50:44.373+00:00,cancelado,10,pendente,,
409c0ad5-7718-4db3-a67f-347f0f38f111,2026-07-27T18:44:21.585+00:00,concluido,1321.1,rejeitado,4639,23260744192642000105650020000046391752377711
35bd28a8-8d94-4bd8-b343-b998209f2611,2026-07-27T18:45:16.6+00:00,cancelado,10,pendente,,
d0e2d0c2-614f-4725-a829-b4c6318c3f7e,2026-07-31T17:21:13.627+00:00,concluido,172.7,pendente,,
5b7e620f-63dc-42d0-955d-52ab3a980fea,2026-07-31T17:28:37.747+00:00,cancelado,10,pendente,,
522018cc-a4f8-4d94-8738-beda2939f534,2026-07-31T17:21:22.1+00:00,concluido,202.4,autorizado,4723,23260744192642000105650020000047231621410990
5dfdb261-d6cd-42a2-89d2-3d222f0be0d6,2026-07-31T17:36:27.677+00:00,cancelado,21,pendente,,
7a1b7ea0-cc69-4acf-8c78-33adcb199287,2026-07-31T17:37:00.439+00:00,cancelado,140,pendente,,
a8cd8e01-ac30-479c-b9c1-df50cc4d07b8,2026-07-31T17:40:33.857+00:00,concluido,248.49,autorizado,4727,23260744192642000105650020000047271720092279
90c22b88-8c1d-47ec-a1ca-c1409d7e83fc,2026-07-31T17:30:44.821+00:00,concluido,132,autorizado,4724,23260744192642000105650020000047241769390441
78693617-0b2a-44ca-91fa-7b0fc5418b74,2026-07-31T17:32:27.309+00:00,cancelado,10,pendente,,
aea74794-ddde-4a49-9c23-89731e60681d,2026-07-31T17:33:03.444+00:00,concluido,116.49,autorizado,4725,23260744192642000105650020000047251375200187
5249c3c0-3997-48d8-a12f-2260ea9725a8,2026-07-31T17:33:47.416+00:00,cancelado,10,pendente,,
ddf37777-5442-4403-a50d-b0232dab04e5,2026-07-31T18:40:00.311+00:00,concluido,338.8,autorizado,4743,23260744192642000105650020000047431149943717
71b4c213-13a7-4419-9663-a6874faf6a89,2026-07-31T17:02:13.115+00:00,concluido,236.5,autorizado,4721,23260744192642000105650020000047211651081052
7a558e83-c94f-4b04-923f-eb98b824f72f,2026-07-31T17:12:35.942+00:00,concluido,207.9,autorizado,4722,23260744192642000105650020000047221143916408
94ea524c-4255-485b-8a21-4bc9693abbaa,2026-07-31T17:34:35.275+00:00,concluido,132,autorizado,4726,23260744192642000105650020000047261949370478
665998b3-4a43-42c8-8aa7-9a17b90260f1,2026-07-31T17:37:21.425+00:00,cancelado,10,pendente,,
d3b6cfe9-9311-4819-9cd9-3581c93c0d35,2026-07-31T17:43:46.887+00:00,cancelado,10,pendente,,
c8b6583e-b07f-4fa8-b895-7f5101619643,2026-07-31T17:50:40.404+00:00,concluido,110,autorizado,4730,23260744192642000105650020000047301401255117
d8360164-8911-4c80-8428-1e00486b2534,2026-07-31T17:58:23.592+00:00,cancelado,10,pendente,,
d0eb13d2-96db-4983-842b-7b4a3b91fcb4,2026-07-31T17:39:33.557+00:00,concluido,248.6,pendente,,
20d3bb63-73c9-4d03-b971-becfaa119373,2026-07-31T17:43:52.935+00:00,cancelado,5,pendente,,
8f29234b-ee5f-4c8e-90cf-0715df9f64f3,2026-07-31T17:46:27.178+00:00,concluido,247.5,autorizado,4728,23260744192642000105650020000047281810616614
971ccf09-b2ba-4f24-a734-3326d7a49f01,2026-07-31T17:49:38.601+00:00,cancelado,10,pendente,,
e46478d0-3354-49f1-8141-1995c9c6bf95,2026-07-31T18:08:52.374+00:00,concluido,186.9,autorizado,4731,23260744192642000105650020000047311535300130
162295ae-5212-446a-a671-66e96a8b94dc,2026-07-31T18:10:37.252+00:00,cancelado,10,pendente,,
74acbcf3-c12c-40e0-83f9-343e29fc7606,2026-07-31T18:11:29.999+00:00,concluido,193.6,autorizado,4732,23260744192642000105650020000047321210135693
c499f9d1-8047-4c37-bf60-e5507624bd9a,2026-07-31T18:26:47.325+00:00,concluido,191.29,autorizado,4734,23260744192642000105650020000047341645834840
23e5dc48-6584-4944-9c22-c24a901e769c,2026-07-31T18:36:51.356+00:00,concluido,22,autorizado,4741,23260744192642000105650020000047411333374814
889e0165-48fe-42f3-9cfb-a9ae84de34f7,2026-07-31T18:27:46.168+00:00,concluido,340.23,autorizado,4735,23260744192642000105650020000047351970898663
38485bae-37f5-4fe3-8cad-0a339e99ae57,2026-07-31T18:29:39.092+00:00,concluido,288.2,autorizado,4737,23260744192642000105650020000047371160035425
8b6192bf-4010-4ab7-9145-03a72bc25186,2026-07-31T18:30:37.834+00:00,concluido,133.1,autorizado,4738,23260744192642000105650020000047381612484815
d7c8e89f-ab31-4d42-869c-c4f877b2ab71,2026-07-31T18:34:55.747+00:00,concluido,20,autorizado,4740,23260744192642000105650020000047401884233306
4e11f5f3-ae6b-44e8-a5c5-00987e19d66f,2026-07-31T18:35:46.364+00:00,cancelado,10,pendente,,
d475760c-f4bf-48fb-8201-32b91f44028f,2026-07-31T18:37:18.209+00:00,concluido,379.5,pendente,,
208ae68d-9b6a-4a6d-9dd9-f9c2defda960,2026-07-31T18:28:17.789+00:00,concluido,161.7,autorizado,4736,23260744192642000105650020000047361233069670
dbd60214-977f-48dd-a696-4a8fa48c0344,2026-07-31T18:31:53.813+00:00,concluido,361.9,autorizado,4739,23260744192642000105650020000047391515943344
a416ca06-0f43-44be-9789-2cc0cb4e7e29,2026-07-31T18:32:31.491+00:00,cancelado,10,pendente,,
54b3a29b-5c1b-495b-b462-99736722b3b9,2026-07-31T18:37:48.153+00:00,cancelado,10,pendente,,
c40b5d3c-9c1f-40e7-8a81-719ea844d189,2026-07-31T18:47:48.278+00:00,concluido,414.7,autorizado,4744,23260744192642000105650020000047441240212999
631cb663-2fd8-47ca-b212-25fc193e8555,2026-07-31T18:51:32.725+00:00,cancelado,10,pendente,,
b156bd5e-a29b-4792-9fe7-940d4d437392,2026-07-31T18:52:18.697+00:00,concluido,138.6,autorizado,4746,23260744192642000105650020000047461492322653
1231dcc7-d237-4bbe-8cf6-c48a8c27c7ab,2026-07-31T18:53:48.058+00:00,concluido,304.59,rejeitado,4747,23260744192642000105650020000047471716599260
8a5a95e0-0abb-4473-8751-e77973194b1e,2026-07-31T18:55:28.153+00:00,cancelado,0,pendente,,
774e261c-804a-4504-b1bf-aa0b44d23c0c,2026-07-31T18:44:13.297+00:00,concluido,114.4,autorizado,4749,23260744192642000105650020000047491869472732
63e30782-1d45-455e-8bb5-9fa629fc9ebe,2026-07-31T18:50:06.178+00:00,concluido,128.59,autorizado,4745,23260744192642000105650020000047451530048935
81b9b428-432f-4600-8c69-09f713c91f1f,2026-07-31T18:55:51.479+00:00,cancelado,0,pendente,,
f30c0b30-6c1f-43c6-9d70-18f06b58b5f3,2026-07-31T18:58:51.425+00:00,concluido,212.3,autorizado,4748,23260744192642000105650020000047481796970404
6d94425c-f02a-48f1-8a0a-abda63f00b92,2026-07-31T19:08:13.009+00:00,concluido,268.18,autorizado,4750,23260744192642000105650020000047501637923060
920ea0cb-d5fe-41ee-91d5-9946c0889230,2026-07-31T19:10:11.83+00:00,concluido,638,autorizado,4751,23260744192642000105650020000047511668731658
55bac76c-e70a-47d9-af41-e69860465c04,2026-07-31T19:17:13.415+00:00,concluido,215.6,autorizado,4752,23260744192642000105650020000047521724120172
6b033cfa-555f-46f8-9142-d204ddc41b92,2026-07-31T19:18:24.073+00:00,concluido,460,pendente,,
1c0c9491-ea24-4e33-92ed-560440a17dc2,2026-07-31T19:20:14.096+00:00,concluido,336.6,autorizado,4755,23260744192642000105650020000047551792851197
5c7dd70e-5553-4751-aca5-79878d8c04d4,2026-07-31T19:19:04.861+00:00,concluido,194.7,autorizado,4753,23260744192642000105650020000047531130382244
ca798978-5c05-4076-93be-eb716c96242c,2026-07-31T19:19:39.981+00:00,concluido,174.9,autorizado,4754,23260744192642000105650020000047541909058567
d6b152ac-c8c0-4c8c-86b3-7e2317ba7ab4,2026-07-31T19:20:56.104+00:00,concluido,220,autorizado,4756,23260744192642000105650020000047561436340370
3c400063-9a87-434f-8c40-4fd862a17842,2026-07-31T19:32:45.99+00:00,cancelado,10,pendente,,
545e4d47-c69a-4e15-aa62-c6aa25946300,2026-07-31T19:27:27.248+00:00,cancelado,19.8,autorizado,4758,23260744192642000105650020000047581738865683
c0448da9-afc9-42e3-b2a5-b5ca7a5656e9,2026-07-31T19:21:43.972+00:00,concluido,325.6,autorizado,4757,23260744192642000105650020000047571266722640
911987bd-4f33-46a5-933c-3d9f784fa558,2026-07-31T19:34:03.796+00:00,concluido,245.3,pendente,,
52db594e-8744-4b1e-b8a2-5230a844b780,2026-07-31T19:39:27.864+00:00,concluido,0,pendente,,
d3a37255-808a-4a86-a7b2-70762a4e71b8,2026-07-31T20:39:01.633+00:00,concluido,274.45,autorizado,4759,23260744192642000105650020000047591587772921
e0632334-0173-4488-8189-329e36db26b7,2026-07-31T20:40:40.013+00:00,cancelado,0,pendente,,
6b0370f4-1bb2-4ac0-9815-ca7ff0385fc6,2026-07-31T20:46:01.947+00:00,concluido,91.3,autorizado,4761,23260744192642000105650020000047611444314707
1b978088-259c-45f6-9b5d-52465fcc21bb,2026-07-31T20:51:19.31+00:00,cancelado,10,pendente,,
fbedbfa6-b94b-496a-bccd-7609a11ac417,2026-07-31T20:53:47.011+00:00,concluido,102,pendente,,
4d5cfce4-3196-43d2-989b-a93599782c7f,2026-07-31T20:40:30.437+00:00,concluido,273.68,autorizado,4760,23260744192642000105650020000047601531067476
fbd2f2e0-0033-4aa4-b0ab-1071b3218ade,2026-07-31T20:52:52.55+00:00,cancelado,10,pendente,,
76459725-f375-4b2f-9a0c-300d8b5b408c,2026-07-31T20:54:45.227+00:00,concluido,71.17,autorizado,4763,23260744192642000105650020000047631128712476
0a0ee842-0cb3-4869-b7f4-9c43fb532491,2026-07-31T20:59:25.035+00:00,cancelado,10,pendente,,
1456aae9-fd1b-471f-9ae0-23958bb31949,2026-07-31T21:00:13.432+00:00,concluido,143,autorizado,4766,23260744192642000105650020000047661480020498
7072841e-e0c6-4073-9fd0-023c3d45ef7a,2026-07-31T21:02:51.407+00:00,concluido,269.17,autorizado,4767,23260744192642000105650020000047671593678860
28536cae-9a8a-4350-8f33-e9473984ee90,2026-07-31T21:11:42.477+00:00,cancelado,10,pendente,,
a19e3671-72f8-448c-b429-bf23aa9d9a99,2026-07-31T20:51:39.008+00:00,concluido,161.7,autorizado,4762,23260744192642000105650020000047621655145937
f6f95148-de97-496f-a7b4-9ce9e97411fd,2026-07-31T20:52:20.693+00:00,concluido,290,pendente,,
b2ba84be-bc42-4349-acb9-5d417bb0af22,2026-07-31T20:56:20.673+00:00,concluido,207.9,rejeitado,4764,23260744192642000105650020000047641741155796
c5c7972e-f680-4efd-b407-22607dea3d79,2026-07-31T21:09:47.266+00:00,cancelado,10,pendente,,
05b0cb66-a8fa-4441-a2ec-47ab040ea2b8,2026-07-31T20:58:00.355+00:00,concluido,199.1,autorizado,4765,23260744192642000105650020000047651485396081
a9b8907b-85da-42c0-9f84-2a6bd23f0e04,2026-07-31T21:08:20.29+00:00,cancelado,10,pendente,,
3cd043b6-b853-4980-a897-9d8c4838c9e6,2026-07-31T21:09:55.551+00:00,concluido,73.7,autorizado,4768,23260744192642000105650020000047681121093513
34cf7eef-1346-4e1a-8e34-9c6a0dead740,2026-07-31T21:12:35.584+00:00,concluido,137.5,autorizado,4770,23260744192642000105650020000047701674242480
12d19f4d-3996-4e3c-833f-80298515c810,2026-07-31T21:13:00.46+00:00,cancelado,10,pendente,,
340e47a7-4059-43f6-8011-e62168f68691,2026-07-31T21:15:32.926+00:00,concluido,243.1,autorizado,4771,23260744192642000105650020000047711793339140
ede755ad-565f-4ff1-895b-c379de718323,2026-07-31T21:19:07.908+00:00,cancelado,10,pendente,,
a8c84394-c88b-46e0-82a3-372562cca420,2026-07-31T21:19:51.845+00:00,concluido,270.6,autorizado,4773,23260744192642000105650020000047731957412842
d86c48bd-0892-4548-a66b-3bbd71abf658,2026-07-31T21:26:23.065+00:00,concluido,16.5,pendente,,
97963901-6c02-4dd2-9606-9d58e314de3f,2026-07-31T21:38:52.287+00:00,concluido,38,autorizado,4777,23260744192642000105650020000047771107181434
1b8f4d92-f461-431f-8457-b6da0da24d9d,2026-07-31T21:38:31.797+00:00,cancelado,0,pendente,,
d74e488c-f4b5-4d1c-9566-76a3ca19450b,2026-07-31T21:28:07.741+00:00,concluido,267.3,autorizado,4774,23260744192642000105650020000047741840273505
b01bf8fb-58fd-4f5b-89bc-bdbd27ad7845,2026-07-31T21:29:25.072+00:00,concluido,34,autorizado,4775,23260744192642000105650020000047751489378319
f5d1ee9b-5685-4405-913b-466f90cddb55,2026-07-31T21:33:38.637+00:00,concluido,191.2,autorizado,4776,23260744192642000105650020000047761749968762
816faf06-122e-44d8-8e0b-93639fdf55d6,2026-07-31T21:34:22.441+00:00,concluido,131.8,pendente,,
7e456507-10c1-4ae9-91eb-850857732bf1,2026-07-31T21:35:24.287+00:00,concluido,0,pendente,,
0b3fba02-b0fe-4a4d-823c-9b5d72d4eb54,2026-07-31T21:40:36.615+00:00,cancelado,26,pendente,,
894a6429-03e1-4ea3-9a07-c33d2d2b0ad9,2026-07-31T21:40:45.415+00:00,cancelado,36,pendente,,
