id,created_at,status,total_pago,status_sefaz,numero_nfce,chave_acesso
bcf96d1a-d2c8-4a07-a2ae-58be56eb79b8,2026-07-12T16:37:03.069+00:00,cancelado,0,pendente,,
e0558a16-9d2d-4499-8a10-d61c69160e41,2026-07-12T16:37:10.195+00:00,cancelado,0,pendente,,
9c2ef648-b694-4c34-ad6e-5b880815f0b0,2026-07-12T16:40:20.497+00:00,cancelado,0,pendente,,
04f2a0ad-f563-48f5-946c-fd687aa75899,2026-07-12T23:24:00.152+00:00,cancelado,0,pendente,,
a66a8377-65f3-46ff-beeb-021c17c4d9c5,2026-07-12T23:24:12.245+00:00,cancelado,0,pendente,,
4130b187-de16-49bf-9780-74ea93de82e4,2026-07-12T16:54:10.353+00:00,cancelado,10,pendente,,
02d403ca-74d1-4eb0-939d-72228a719824,2026-07-12T23:24:33.946+00:00,cancelado,0,pendente,,
a59af05a-e9e7-4faf-a457-a557a632e44f,2026-07-12T16:57:35.073+00:00,cancelado,10,pendente,,
f1e5357d-4bbc-4fad-9a8c-9f19c6a0ecd0,2026-07-12T16:58:11.756+00:00,cancelado,120,pendente,,
7c4e9adb-2f0e-44cf-b51f-49494a5a9f2b,2026-07-12T17:03:22.213+00:00,cancelado,0,pendente,,
ecdb7b1c-b06a-4349-ab83-6c538787b78a,2026-07-12T17:11:49.272+00:00,cancelado,25,pendente,,
f85c77b4-c605-4594-9f83-8858156c3fe3,2026-07-12T17:12:34.05+00:00,cancelado,10,pendente,,
f0be1821-b723-47ae-a3a4-844446cda131,2026-07-12T17:05:14.402+00:00,cancelado,0,pendente,,
48f34464-5165-4773-a9f2-0f84acaabd18,2026-07-12T17:11:39.201+00:00,cancelado,25,pendente,,
87f1ea75-b12c-4516-a537-64a24296ff12,2026-07-12T17:14:49.867+00:00,cancelado,10,pendente,,
0e4ee3df-4253-46d3-aa80-124f756be761,2026-07-12T17:13:03.001+00:00,cancelado,10,pendente,,
166e2283-920b-45e2-81e0-4ccf3f978ebb,2026-07-12T17:19:00.744+00:00,cancelado,10,pendente,,
f33ee93f-3555-4ac8-99c1-cae045a5c263,2026-07-14T20:05:11.336+00:00,cancelado,23,pendente,,
84e21ee0-20fa-47c2-91df-7b0cc89ab6d7,2026-07-12T17:28:03.458+00:00,cancelado,10,pendente,,
01126a59-7484-4528-b8c1-327245d4d67a,2026-07-12T17:39:53.319+00:00,cancelado,10,pendente,,
3b694077-b0a5-4323-9d12-edcf06380f4e,2026-07-12T17:35:59.278+00:00,cancelado,10,pendente,,
178232db-b397-4fdb-a521-8224c5e8289d,2026-07-12T17:40:39.552+00:00,cancelado,10,pendente,,
78789b8a-96f7-4acb-935e-16528526a713,2026-07-12T17:44:35.318+00:00,cancelado,10,pendente,,
6d30f690-a5f8-4125-b7e0-ef2493e77a60,2026-07-14T15:21:01.076+00:00,cancelado,240,pendente,,
201a1531-230d-4f9e-a7e0-275084031ef3,2026-07-12T17:46:16.878+00:00,cancelado,10,pendente,,
55fedd0e-ebb4-48e8-9b07-1686474ee13f,2026-07-12T17:48:53.84+00:00,cancelado,0,pendente,,
d2a94a2a-f8f7-4d45-bc2f-3bd5cabed938,2026-07-12T17:49:29.817+00:00,cancelado,10,pendente,,
f35e6d69-60b0-4e0b-9e73-542dea7b799d,2026-07-12T17:49:47.185+00:00,cancelado,10,pendente,,
9f117f09-5f0a-4f0d-89b9-dd96160a9284,2026-07-12T17:58:01.918+00:00,cancelado,10,pendente,,
cf46333d-f8e3-4484-98fb-03d033d0e369,2026-07-12T17:59:02.197+00:00,cancelado,10,pendente,,
16bd336f-9b65-480b-80f1-3c5ed879cc5c,2026-07-12T18:01:58.593+00:00,cancelado,10,pendente,,
77258be1-3d2a-474a-8cf8-8a45e395b195,2026-07-12T18:04:51.975+00:00,cancelado,5,pendente,,
1533db70-0e2b-49e2-be35-29f6f9cc3a41,2026-07-12T18:05:12.508+00:00,cancelado,10,pendente,,
fbc00d2d-e584-464d-b03e-eb741fb116b3,2026-07-12T18:05:04.512+00:00,cancelado,7,pendente,,
1547bea9-a5d4-40ad-8486-f735881503ce,2026-07-12T18:06:40.245+00:00,cancelado,10,pendente,,
a657e04f-4b23-400b-8321-5fe311416510,2026-07-12T18:09:24.478+00:00,cancelado,10,pendente,,
6acad775-e866-4d64-b91c-ea1e4b7ade21,2026-07-12T18:11:04.308+00:00,cancelado,10,pendente,,
59dcadd8-64a4-4da8-a98a-58dd67909da9,2026-07-12T18:09:57.693+00:00,cancelado,125,pendente,,
524a2071-e0d2-4e79-9bd3-52eea058cdd7,2026-07-12T18:15:02.818+00:00,cancelado,15,pendente,,
590c86a7-8ce9-4dc7-91b6-aeb4d52ad914,2026-07-12T18:16:59.905+00:00,cancelado,10,pendente,,
9bd4d3b7-409b-40d4-973b-9e721c77cd91,2026-07-12T18:16:51.869+00:00,cancelado,60,pendente,,
83c44862-26c0-4f11-bc9d-0c79b4e8dd07,2026-07-12T18:18:08.971+00:00,cancelado,27,pendente,,
6e7241a0-0a27-4ce9-9b79-632b063ea658,2026-07-12T18:20:04.983+00:00,cancelado,10,pendente,,
0abee8f4-ba63-4f92-b0c4-25656c286794,2026-07-12T18:18:19.382+00:00,cancelado,10,pendente,,
7066af64-1765-41aa-885e-0db4b8210912,2026-07-12T18:19:57.679+00:00,cancelado,15,pendente,,
5e34d74d-d797-43f8-98a8-363c8e1a31a1,2026-07-12T18:20:48.284+00:00,cancelado,10,pendente,,
60e42876-7abe-4d1c-b7fd-cfac786db380,2026-07-12T18:21:53.934+00:00,cancelado,10,pendente,,
2028978d-e5dc-48b7-9744-71206a10280c,2026-07-12T18:23:21.875+00:00,cancelado,10,pendente,,
2bb9f498-5dfe-479c-9e6a-3967f92ae94d,2026-07-14T15:21:08.068+00:00,cancelado,240,pendente,,
654233f2-6c02-44b5-af06-e66a8184c17b,2026-07-17T16:41:54.481+00:00,cancelado,11,pendente,,
014fb2ca-8bd4-428f-9b8f-91dd8e374048,2026-07-17T16:43:21.717+00:00,cancelado,14,pendente,,
653490e1-0567-430f-8ad3-b3341558861d,2026-07-18T14:21:39.661+00:00,cancelado,20,pendente,,
bed6eb6c-44c7-43a2-a01a-0769aa23f6b6,2026-07-18T20:28:28.479+00:00,cancelado,0,pendente,,
ec1d9c63-917d-4dd1-999e-33e10038dc23,2026-07-17T16:52:02.459+00:00,cancelado,155,pendente,,
a89f689b-ca4d-4974-82bd-b68da39637a3,2026-07-18T14:34:23.442+00:00,cancelado,11.9,pendente,,
7c9dca35-5326-4dd4-aeb1-2a01e0d6b0df,2026-07-18T20:39:01.97+00:00,concluido,0,pendente,,
a39f577b-6c78-418e-b545-a855e63e111d,2026-07-17T17:13:32.259+00:00,cancelado,30,pendente,,
774a0c70-882d-4c6e-9516-437e7089995d,2026-07-18T14:39:15.867+00:00,cancelado,20,pendente,,
8b2903e0-8384-46d7-a13f-4b2a5e728abb,2026-07-18T14:39:28.488+00:00,cancelado,130,pendente,,
7327d9a2-8892-440e-8dc3-49f569f7fc39,2026-07-18T14:39:36.042+00:00,cancelado,11.9,pendente,,
4acb4b63-3bbd-4cc3-8e89-4f754bac24f4,2026-07-18T21:15:33.651+00:00,cancelado,0,pendente,,
33fc2479-0fee-4f5d-abf0-66afbfe803ac,2026-07-07T18:43:04.215+00:00,concluido,64.68,autorizado,3349,23260747735810000150650020000033491279695287
d8fff102-8bed-4efc-a4b5-1cab0e61b9b8,2026-07-18T14:39:41.957+00:00,cancelado,20,pendente,,
99d50075-2e75-4cb7-8e6e-d60bcdd20af0,2026-07-18T14:41:00.683+00:00,cancelado,27,pendente,,
4511b196-3f7d-416a-a782-24da52626838,2026-07-21T20:05:44.153+00:00,cancelado,0,pendente,,
49344f8f-867b-44eb-8b84-db22ce920322,2026-07-18T14:51:10.592+00:00,cancelado,120,pendente,,
719c23c3-5b40-4d91-bc8d-1d20bfb45823,2026-07-18T15:08:56.469+00:00,cancelado,120,pendente,,
5fdf0cd3-320e-466c-866e-f44ed1288dbf,2026-07-18T15:22:50.122+00:00,cancelado,27,pendente,,
5af9e58f-7e4f-45d5-b95a-241000fb7366,2026-07-21T23:31:37.272+00:00,cancelado,80,pendente,,
1e15fb21-73ac-4ab4-9be4-989cb41fa556,2026-07-18T16:20:03.406+00:00,cancelado,10,pendente,,
d4baa74f-e702-48a8-b014-b2ea2ba4393f,2026-07-21T23:31:53.142+00:00,cancelado,18,pendente,,
c8e016a2-dd2e-4934-8f93-7c1198015212,2026-07-24T18:43:02.832+00:00,cancelado,10,pendente,,
b4c3012d-d88a-4878-a940-c8d42a44b10a,2026-07-11T19:10:18.286+00:00,cancelado,10,pendente,,
924399bc-4024-4aa9-a67e-cbe66cfd33cf,2026-07-18T21:16:06.59+00:00,concluido,452,autorizado,3982,23260747735810000150650020000039821707471788
e384ae49-098b-4033-a67c-ef87df62eb89,2026-07-24T18:44:08.208+00:00,concluido,40.7,autorizado,4123,23260747735810000150650020000041231308689780
8bf3b68e-ca99-470e-bd1d-a455b9fe0557,2026-07-24T18:43:11.473+00:00,concluido,192.5,autorizado,4122,23260747735810000150650020000041221397492335
831b084d-10ec-41eb-9844-da5c2d29305e,2026-07-24T18:43:29.749+00:00,cancelado,0,pendente,,
4947d879-f8e2-4698-b5d3-b18d880945df,2026-07-11T19:09:33.553+00:00,concluido,92.95,autorizado,3533,23260747735810000150650020000035331375400498
1e297a3b-10f3-4a77-8e5c-db99fe96bada,2026-07-08T18:07:56.403+00:00,concluido,234.3,pendente,,
d48f3ef8-b544-4c80-b0b6-3275158bf02a,2026-07-08T18:08:58.494+00:00,concluido,6.6,autorizado,3405,23260747735810000150650020000034051376242080
1573fb61-6543-4498-8d0b-72ba0d9e3ed6,2026-07-21T14:14:40.762+00:00,concluido,13.2,autorizado,3983,23260747735810000150650020000039831807918013
3ca40c35-3edf-4cfc-b8d9-04ac0304613e,2026-07-08T18:22:14.185+00:00,concluido,131,pendente,,
50290086-098d-4eb0-8262-59d7f6bc87ee,2026-07-24T18:46:32.204+00:00,concluido,281.6,autorizado,4129,23260747735810000150650020000041291743868815
c440925a-a114-4234-9c13-983d9d85d89b,2026-07-24T18:44:32.18+00:00,concluido,20.9,autorizado,4124,23260747735810000150650020000041241654890673
19459862-8789-46d4-b2f9-b3beb3367b7e,2026-07-24T18:44:38.277+00:00,concluido,432.3,autorizado,4125,23260747735810000150650020000041251559270156
22f389e2-6528-40ea-b432-9a24611a5abb,2026-07-11T17:25:56.532+00:00,concluido,208,pendente,,
0dbf7005-77ba-4380-96a6-945a75ea0dd0,2026-07-07T19:04:41.109+00:00,concluido,168.3,autorizado,3367,23260747735810000150650020000033671861251483
bb56657b-02ae-4a45-9afe-0bb26dc4e0ec,2026-07-24T18:44:52.772+00:00,concluido,422.29,autorizado,4126,23260747735810000150650020000041261613279273
57f2468e-1d62-44ad-be58-4d06d5fb0585,2026-07-24T18:45:52.665+00:00,cancelado,10,pendente,,
cf54f14e-5e48-4c8b-8ca4-1400bb9b5711,2026-07-11T19:31:41.865+00:00,concluido,79.2,autorizado,3552,23260747735810000150650020000035521940680997
8bf9562b-14af-4ded-9e4f-a8ce55ffa72e,2026-07-14T15:36:57.928+00:00,concluido,104.5,autorizado,3779,23260747735810000150650020000037791360549911
80916649-f766-475f-b3af-5ea877d93832,2026-07-30T18:47:15.191+00:00,cancelado,195.8,autorizado,4475,23260747735810000150650020000044751791015338
85d834bb-a9ce-4cf7-8a36-fc290df283b5,2026-07-24T18:46:22.031+00:00,cancelado,10,pendente,,
9f2c02cf-9c66-4d0a-86c5-bad8e373aa67,2026-07-24T18:49:00.338+00:00,concluido,369.16,autorizado,4132,23260747735810000150650020000041321130097674
34ab989a-772c-4a36-b48b-b11fbe044d51,2026-07-24T18:45:47.495+00:00,concluido,159.5,autorizado,4127,23260747735810000150650020000041271466195078
c945dfdf-a01b-4864-9404-2167397ad28e,2026-07-24T18:46:09.462+00:00,concluido,391.49,autorizado,4128,23260747735810000150650020000041281572119484
b959b659-3ab9-4df4-8385-6ad68c4ab984,2026-07-12T14:58:06.409+00:00,concluido,32.78,autorizado,3564,23260747735810000150650020000035641366192361
c5dd90c4-4e98-490c-a740-2ff5babd311c,2026-07-30T19:08:48.377+00:00,concluido,265.1,autorizado,4487,23260747735810000150650020000044871317407078
588e9327-3e9f-4573-b18e-3ba2899cf318,2026-07-12T15:09:55.819+00:00,concluido,104.5,pendente,,
3be30333-8916-4733-b3df-7cadb75a05f4,2026-07-30T19:12:58.467+00:00,concluido,207.79,autorizado,4490,23260747735810000150650020000044901643281796
c68d184b-af70-4989-a153-480ebf404378,2026-07-24T18:48:56.466+00:00,concluido,79.09,autorizado,4131,23260747735810000150650020000041311702304850
9805ca57-b8d7-4f2b-a921-8b7e0a83c260,2026-07-24T18:48:27.507+00:00,concluido,440,autorizado,4130,23260747735810000150650020000041301108262833
f6665119-af7e-4bd7-887e-7d70e84767e0,2026-07-24T18:50:35.336+00:00,concluido,232.1,autorizado,4134,23260747735810000150650020000041341872909305
b1989364-a39c-4c78-8476-c49e157908ad,2026-07-07T19:05:10.444+00:00,concluido,292.6,autorizado,3368,23260747735810000150650020000033681973827422
84b57f51-c01d-4a38-b2b7-7093c586a271,2026-07-24T18:54:38.772+00:00,concluido,638.33,autorizado,4135,23260747735810000150650020000041351966438605
16c26dab-9f4e-4654-8110-613cbbddb846,2026-07-24T18:49:02.373+00:00,concluido,190.3,autorizado,4133,23260747735810000150650020000041331295406824
e17f1a68-5104-4c28-8935-3e897c9426e2,2026-07-24T18:52:02.497+00:00,cancelado,10,pendente,,
e284d500-4a15-448a-893e-57ee7011ace9,2026-07-07T18:49:18+00:00,cancelado,0,pendente,,
401d8d41-5bfe-4a0d-9495-0dfc51071e89,2026-07-07T18:51:29.548+00:00,cancelado,10,pendente,,
c72490d3-b318-4e43-940b-987dba9ae9c0,2026-07-07T18:53:39.481+00:00,concluido,456.5,autorizado,3358,23260747735810000150650020000033581920634992
841c8aaf-b57b-43b7-8de9-116c72213500,2026-07-08T18:30:54.886+00:00,concluido,162.8,autorizado,3408,23260747735810000150650020000034081993742160
5f9a8ee7-0a2c-47f2-a030-e04398d8e107,2026-07-08T18:38:12.292+00:00,concluido,252.56,autorizado,3412,23260747735810000150650020000034121594955279
061e0a2d-9e2c-442e-9da0-2ce8da263968,2026-07-12T15:13:48.407+00:00,concluido,224.4,autorizado,3566,23260747735810000150650020000035661796549332
a29715c0-e534-49d2-82d4-458e7d498509,2026-07-12T15:17:24.026+00:00,concluido,121,autorizado,3568,23260747735810000150650020000035681543237744
e723a76d-0c07-4095-b4e4-2e6cac5e83c4,2026-07-24T18:54:52.698+00:00,concluido,455.4,autorizado,4136,23260747735810000150650020000041361214691371
09dc43cd-697d-46b3-9fc7-7a3f2b1725ba,2026-07-24T19:07:59.186+00:00,cancelado,0,pendente,,
f637a441-3fe9-4e16-972e-a19c1f46d752,2026-07-24T19:11:57.597+00:00,cancelado,20,pendente,,
c649e2fe-7f96-498d-a40f-0d95825ae3c7,2026-07-24T18:56:53.4+00:00,concluido,336.6,autorizado,4137,23260747735810000150650020000041371781263501
b07f9d06-4403-4169-8299-02356d2bca18,2026-07-07T18:46:04.789+00:00,concluido,288.2,autorizado,3352,23260747735810000150650020000033521436165463
868f2709-171e-4dde-a61e-cb70081556c5,2026-07-24T19:07:35.979+00:00,cancelado,0,pendente,,
96ccebf4-60f2-4e02-826d-4fe476ae9f04,2026-07-24T18:57:08.112+00:00,concluido,165,autorizado,4138,23260747735810000150650020000041381976502898
0d370ee1-dbae-46d9-8545-88255e9ec632,2026-07-24T18:58:26.377+00:00,cancelado,10,pendente,,
764e57b9-fe7d-439b-9100-a20f021da152,2026-07-24T19:02:40.663+00:00,cancelado,0,pendente,,
fe84e257-62ca-493d-bd89-2ca5b4ac2c9a,2026-07-24T19:03:46.278+00:00,cancelado,16,pendente,,
7204bbe1-d1db-458d-99b1-3cf4fa12836f,2026-07-24T19:05:46.698+00:00,cancelado,10,pendente,,
9dcb925d-f926-41e8-87f7-60faa992ecb6,2026-07-24T19:07:50.613+00:00,cancelado,0,pendente,,
2f8da5dd-dbc7-405a-b56c-3a5f8c3d3d90,2026-07-29T18:46:59.19+00:00,concluido,103.4,autorizado,4438,23260747735810000150650020000044381370061402
506052d6-f0ac-41a5-83a0-babc3cd77c82,2026-07-24T19:09:46.378+00:00,concluido,5.5,autorizado,4139,23260747735810000150650020000041391282262431
b27eb3ed-d79d-48e4-a74c-9f4f2e185b3a,2026-07-24T19:19:25.839+00:00,concluido,657.25,autorizado,4142,23260747735810000150650020000041421169268646
44481dc3-0c35-45b9-893b-73e09bd90d9a,2026-07-07T20:11:57.133+00:00,concluido,205.70000000000002,rejeitado,3396,23260747735810000150650020000033961823566725
cb4563e0-c506-4b7f-b50a-0a865a2c9735,2026-07-07T20:13:27.719+00:00,concluido,90,pendente,,
338e2c69-27c2-4fd1-b0a4-91cddd147c24,2026-07-07T20:12:37.673+00:00,concluido,383.9,pendente,,
86ed9c51-d0ea-42d3-a84e-fe9e1a9aecfe,2026-07-24T19:12:51.538+00:00,concluido,397.54,autorizado,4140,23260747735810000150650020000041401229532650
4bfaa157-b5b5-4032-9695-5560b94d0bf2,2026-07-24T19:22:55.455+00:00,concluido,33.88,pendente,,
fcbc5c46-f685-439b-b189-f42912761849,2026-07-24T19:17:26.792+00:00,concluido,61,autorizado,4141,23260747735810000150650020000041411701733827
5ab0ea49-3a58-43e8-9a84-7fa1612d0e91,2026-07-24T19:19:57.781+00:00,concluido,103.4,pendente,,
d624cd3f-4fd7-4706-8dec-6ad214ffdd5c,2026-07-24T19:23:58.27+00:00,concluido,167.2,autorizado,4144,23260747735810000150650020000041441656447265
4c25ff9a-221f-4353-a722-b3370df4e9ab,2026-07-24T19:21:49.787+00:00,concluido,703,autorizado,4143,23260747735810000150650020000041431934568947
cc1f34d6-dc02-48f2-8e76-a9b9f21b3061,2026-07-29T17:19:03.012+00:00,concluido,256.3,autorizado,4416,23260747735810000150650020000044161990521186
86c92a94-dce5-4f39-86a7-bde0485acad9,2026-07-12T18:21:04.098+00:00,concluido,127.6,autorizado,3573,23260747735810000150650020000035731596697820
9585659b-5bc6-490e-867f-9a05c4c722cd,2026-07-12T18:23:48.683+00:00,cancelado,10,pendente,,
f0e9253e-5a5c-4935-9286-0ab48aa830c9,2026-07-12T18:25:59.151+00:00,cancelado,10,pendente,,
d759c1fe-5d04-4fff-b727-c6858a494ded,2026-07-12T18:26:37.837+00:00,cancelado,40,pendente,,
0acbb0c3-d319-42be-941e-c29b7b88a0e5,2026-07-12T18:30:27.006+00:00,cancelado,10,pendente,,
08230f8b-01a0-483f-940c-680d9da599f2,2026-07-12T18:30:32.823+00:00,cancelado,15,pendente,,
86326822-46ca-4361-a00e-0ccbeda595d5,2026-07-12T18:30:57.771+00:00,cancelado,0,pendente,,
ea7a2979-d58b-4280-844a-d1ece976b48b,2026-07-12T18:32:20.943+00:00,cancelado,0,pendente,,
1540bf66-bce5-4618-80aa-3f5566f8fe8f,2026-07-12T18:32:50.113+00:00,cancelado,10,pendente,,
4b5b83fd-0700-4706-b7d9-007b05194689,2026-07-12T18:33:47.492+00:00,cancelado,10,pendente,,
e15bccd6-2605-44e9-ad3c-1bdb2f5fed6e,2026-07-12T18:34:37.197+00:00,cancelado,10,pendente,,
0acac358-d0f4-483e-b766-e7f651916814,2026-07-12T18:36:33.912+00:00,cancelado,10,pendente,,
5abefec5-d2fe-4185-ab1e-bc30afff2ee2,2026-07-12T18:39:29.721+00:00,cancelado,10,pendente,,
a434769b-4900-48d7-a885-01ec87d94b46,2026-07-12T18:40:16.794+00:00,cancelado,20,pendente,,
7e02afe0-3249-4928-bbdb-06759fe04f02,2026-07-07T18:46:33.135+00:00,concluido,179.3,autorizado,3353,23260747735810000150650020000033531954933619
19471f6b-3c25-4590-aeec-15c41f0bad9a,2026-07-12T18:40:47.86+00:00,cancelado,10,pendente,,
a09c41e5-9339-4fae-8483-b45325bda35c,2026-07-12T18:40:52.722+00:00,cancelado,10,pendente,,
142e475b-207c-4228-bcc0-ff5d261358ea,2026-07-12T18:42:24.265+00:00,cancelado,15,pendente,,
c15b7cb6-c131-4d0b-9cdf-67b901ce87c9,2026-07-12T18:42:58.107+00:00,cancelado,0,pendente,,
d2382ca1-acfa-4015-afdc-df7eceb63ebe,2026-07-12T18:43:49.891+00:00,cancelado,15,pendente,,
5fad0d97-26b3-4084-b91c-feff0ebcf487,2026-07-12T18:44:14.994+00:00,cancelado,10,pendente,,
01b5751b-1385-479f-bcbe-227a88800652,2026-07-12T18:46:28.335+00:00,cancelado,30,pendente,,
e0de6452-0183-4a7d-aff6-278390bf69fb,2026-07-12T18:46:25.892+00:00,cancelado,15,pendente,,
99fd8506-124e-4619-bef2-1add6479cd4d,2026-07-12T18:49:01.956+00:00,cancelado,15,pendente,,
5e4d8179-def8-422b-84ee-9c3885fe1068,2026-07-12T18:49:33.297+00:00,cancelado,10,pendente,,
b4987487-7c51-48fc-ac87-266e1da64a55,2026-07-12T18:50:09.176+00:00,cancelado,10,pendente,,
6f6c8e65-6ee8-4cfb-8a9f-19e4a0b7583e,2026-07-12T18:51:58.803+00:00,cancelado,0,pendente,,
fc9f2124-0c63-4cf5-8c8a-6a0bf40438c0,2026-07-12T18:53:52.397+00:00,cancelado,10,pendente,,
c8cf7c7d-369b-456c-a1a2-448d39097596,2026-07-12T18:56:24.678+00:00,cancelado,10,pendente,,
2daa00e8-f501-4751-857b-0658da8a1db8,2026-07-12T18:56:43.447+00:00,cancelado,10,pendente,,
9da53e48-9bb6-4dae-b71c-0cfce986a96d,2026-07-12T18:58:37.38+00:00,cancelado,27,pendente,,
b13ce5c8-410f-4cc5-b7e1-0fb9ab6618b1,2026-07-12T18:58:53.274+00:00,cancelado,10,pendente,,
e7ee3f21-3b02-4768-a223-46a4dfd95d57,2026-07-07T20:17:35.173+00:00,concluido,156.2,autorizado,3397,23260747735810000150650020000033971628309520
7b4e3d01-1c15-4a29-9e8e-d143d1957423,2026-07-07T20:18:22.372+00:00,concluido,73.7,autorizado,3398,23260747735810000150650020000033981195139531
dc5bb8f6-07d0-4fbf-9bb5-9b15ffefb391,2026-07-07T19:05:47.679+00:00,concluido,280.5,autorizado,3369,23260747735810000150650020000033691117058861
186f35d1-2ad4-42ac-a983-3375cdd422b6,2026-07-07T19:10:18.172+00:00,concluido,137.5,autorizado,3377,23260747735810000150650020000033771716612248
5a87b9eb-9880-47bb-a2c7-a5c0648a5407,2026-07-12T18:49:08.611+00:00,cancelado,10,pendente,,
31afacc0-2610-4877-b8b9-f604fa25cdf6,2026-07-12T18:49:33.615+00:00,cancelado,15,pendente,,
c5e2f0f8-2054-41e7-879c-6ec1245d41a0,2026-07-12T18:50:44.541+00:00,cancelado,10,pendente,,
b4ad2b0f-190f-4e4c-9f6c-a6c77c91f33c,2026-07-12T18:50:54.304+00:00,cancelado,10,pendente,,
f0fb1b13-cea1-4cd6-bdd2-2666d230d9e8,2026-07-12T18:52:01.962+00:00,cancelado,0,pendente,,
f441e16a-a29e-4a74-9357-f17c86ec7dad,2026-07-12T18:52:25.653+00:00,cancelado,10,pendente,,
65da4a76-92c5-4918-8381-a1526e80a0c9,2026-07-24T19:26:27.663+00:00,concluido,393.03,autorizado,4145,23260747735810000150650020000041451240883923
6a45ff7e-cd31-499e-aa89-389c208060dc,2026-07-07T18:49:02.194+00:00,concluido,292.6,autorizado,3355,23260747735810000150650020000033551791413195
aaee207b-c9f6-4f71-a899-8f11aae8964b,2026-07-12T18:53:23.656+00:00,cancelado,15,pendente,,
354979d1-80f7-450d-b5b2-61a95a4da11d,2026-07-07T20:18:42.252+00:00,concluido,166.1,pendente,,
73c18257-195c-4822-abaa-127c4a5fe7a7,2026-07-12T19:00:04.915+00:00,cancelado,15,pendente,,
766651ba-2f25-4753-8433-af50468a8efa,2026-07-12T19:00:10.318+00:00,cancelado,10,pendente,,
454c8edd-799f-4958-9f8f-9316f8af20e1,2026-07-12T19:05:43.918+00:00,cancelado,15,pendente,,
cf149ba7-e846-40b2-b63f-086e781fc003,2026-07-12T19:07:34.548+00:00,cancelado,15,pendente,,
ebeac198-6429-4b84-9c15-b9f08a349756,2026-07-12T19:07:40.07+00:00,cancelado,10,pendente,,
3b26531d-d6e3-48bf-b1b3-b7a3fa9de684,2026-07-12T19:12:07.675+00:00,cancelado,15,pendente,,
b956c03c-1629-4934-8f48-fd3a69b4e121,2026-07-12T19:18:07.501+00:00,cancelado,10,pendente,,
35096e58-27d9-44fe-8a48-481ae67eb2ec,2026-07-12T19:03:39.547+00:00,cancelado,10,pendente,,
0365d4d5-7204-4616-be0d-3aa6de5e477e,2026-07-12T19:03:33.291+00:00,cancelado,10,pendente,,
097a90b2-a893-413c-b09c-4fae4752ea33,2026-07-12T19:05:24.49+00:00,cancelado,10,pendente,,
e42a6c09-38e9-4a50-b86e-b31330bd05f7,2026-07-12T19:05:21.966+00:00,cancelado,10,pendente,,
4f30f6e2-16d0-4412-ac9e-3aa397e28363,2026-07-12T19:10:11.987+00:00,cancelado,10,pendente,,
1ebec1d4-8fc1-4b65-b1b2-817983363969,2026-07-12T19:12:24.413+00:00,cancelado,15,pendente,,
114d1f73-0e6d-4fb3-a8fa-8f1af99a6e58,2026-07-12T19:14:27.835+00:00,cancelado,10,pendente,,
0b71a0e3-66f0-4c49-b357-077a860fd007,2026-07-12T19:14:33.475+00:00,cancelado,15,pendente,,
39eca4d9-6df8-4484-8aaf-3fe0cba802e7,2026-07-12T19:15:31.537+00:00,cancelado,15,pendente,,
07e30d71-d8f1-4ffd-b1a6-caa0fa8de719,2026-07-12T19:16:13.677+00:00,cancelado,10,pendente,,
7a7331c0-2919-47b7-ae2f-0c94bc25dde8,2026-07-12T19:18:44.063+00:00,cancelado,15,pendente,,
65a2815c-ccd0-40db-8c55-2e49dcdc0243,2026-07-12T19:19:09.63+00:00,cancelado,10,pendente,,
5c9a497c-f224-4db5-88ad-0e02d5e8d062,2026-07-12T19:21:01.295+00:00,cancelado,15,pendente,,
0e850569-af95-4e00-90f3-8dd2b844f829,2026-07-12T19:21:01.547+00:00,cancelado,15,pendente,,
c880477e-6c5b-4fab-8523-7fb1d8b9b4b5,2026-07-12T19:21:07.35+00:00,cancelado,10,pendente,,
8ea5a8cb-765b-4312-9e41-a00ee387b50b,2026-07-12T19:21:52.262+00:00,cancelado,10,pendente,,
00575a8e-e548-421c-b2d4-55eff3c2d466,2026-07-24T19:28:42.239+00:00,concluido,137,pendente,,
e9ed599a-b1fc-4e6d-9b04-e9b171ea6d02,2026-07-07T20:19:52.35+00:00,concluido,260.7,autorizado,3399,23260747735810000150650020000033991865920596
cc5a34fa-b2d0-4021-8001-75fea6e4b3f6,2026-07-12T19:22:15.853+00:00,cancelado,10,pendente,,
0046c1c8-d27a-49ba-b611-9038c9e82bd4,2026-07-12T19:23:06.157+00:00,cancelado,10,pendente,,
af2e9568-09ba-40eb-a0fd-312adc51385b,2026-07-12T19:22:43.912+00:00,cancelado,10,pendente,,
717b8a24-ffc1-4b39-9b03-caf2c17749a3,2026-07-24T19:27:23.243+00:00,concluido,257.29,autorizado,4146,23260747735810000150650020000041461965120907
b046d001-0a39-437d-b92b-88dc566e4768,2026-07-08T18:41:28.779+00:00,concluido,112.2,autorizado,3415,23260747735810000150650020000034151699177430
099dd9f9-56b4-46cb-92af-4bf71f598df2,2026-07-24T19:29:22.643+00:00,concluido,255.2,autorizado,4147,23260747735810000150650020000041471921810190
a5dc5126-153a-4a3b-83d5-f81f42131144,2026-07-24T19:31:26.02+00:00,concluido,309.1,rejeitado,4150,23260747735810000150650020000041501822637704
12b1274b-435b-41e3-9a59-fc6b704fe31a,2026-07-30T19:22:59.045+00:00,concluido,394.9,autorizado,4502,23260747735810000150650020000045021625814829
0e763146-0acd-4bac-9f4d-f0acdaf34e90,2026-07-07T18:47:12.56+00:00,concluido,345.4,autorizado,3354,23260747735810000150650020000033541323444272
3d66825c-f901-4137-b348-a87156de762e,2026-07-24T19:30:19.043+00:00,concluido,70.18,autorizado,4148,23260747735810000150650020000041481399749445
65f1b4a0-9a90-4412-a793-86b1a0456558,2026-07-24T19:30:10.094+00:00,concluido,179.3,autorizado,4149,23260747735810000150650020000041491130635193
118e9f0e-a50b-4e13-99b0-e02fea362b8b,2026-07-07T18:51:52.291+00:00,concluido,134.2,autorizado,3356,23260747735810000150650020000033561935670332
bbe2db9d-0bcf-4694-864f-f5ba5240a2fb,2026-07-29T18:46:31.382+00:00,concluido,113,autorizado,4436,23260747735810000150650020000044361746275735
853babb0-6f92-4802-9ecf-2b27bf14602f,2026-07-24T19:38:51.437+00:00,concluido,226.6,autorizado,4154,23260747735810000150650020000041541108783924
36ec5a84-ce0f-4eed-b010-b0e0435ce278,2026-07-07T18:52:31.223+00:00,concluido,108.9,autorizado,3357,23260747735810000150650020000033571589312663
305e4cce-c3b4-434c-824f-dc5f9cc0195b,2026-07-24T19:33:11.572+00:00,concluido,188.1,autorizado,4151,23260747735810000150650020000041511486627629
2f3d9246-bc99-4a7d-bfb4-0f22358ce504,2026-07-24T19:35:27.007+00:00,concluido,220,rejeitado,4152,23260747735810000150650020000041521579476520
4b57d5b4-3596-44c1-98fa-7c0ca4efe942,2026-07-28T18:06:47.395+00:00,concluido,250.79999999999998,autorizado,4338,23260747735810000150650020000043381448908844
8f226b3c-69cd-4c02-beff-f3ff2571c1f2,2026-07-07T18:54:19.949+00:00,cancelado,10,pendente,,
3072e7a9-6e81-4b94-a586-6c9fe26ba640,2026-07-07T18:38:44.529+00:00,cancelado,350.9,rejeitado,3344,23260747735810000150650020000033441491225918
63d472ee-87a6-474e-bd38-949d713a283a,2026-07-07T18:56:29.342+00:00,cancelado,0,pendente,,
6c8d013f-a429-459f-a2c9-d5e2812e6d76,2026-07-24T19:36:56.561+00:00,concluido,671,autorizado,4153,23260747735810000150650020000041531712578918
e091e9a8-be73-4cfb-be2e-a6c00f8e637b,2026-07-24T19:40:18.396+00:00,concluido,187,autorizado,4155,23260747735810000150650020000041551358408940
21a71f3d-85a8-4e5c-a822-85e9c7f5c21f,2026-07-24T19:45:47.592+00:00,concluido,277.20000000000005,autorizado,4157,23260747735810000150650020000041571491459066
4f190be8-bbf6-4873-b41b-0cfb7a16b26b,2026-07-28T20:43:29.48+00:00,concluido,0,pendente,,
b3700e69-a93f-415a-9f88-10fbd77baa6c,2026-07-24T19:41:08.721+00:00,concluido,159.5,autorizado,4156,23260747735810000150650020000041561886211310
ab879c6b-3929-4c12-b5e0-98035a68ebf1,2026-07-28T20:52:23.298+00:00,cancelado,10,pendente,,
cd1fe48f-47b3-4cb1-8e90-a398c038b422,2026-07-28T20:52:44.048+00:00,cancelado,0,pendente,,
3fb5a7d5-088e-4f7e-8361-59c84fe5a5be,2026-07-29T11:59:42.329+00:00,cancelado,0,pendente,,
d8c597c7-93b7-4a17-bb3a-235f82571791,2026-07-07T18:55:28.961+00:00,concluido,200.2,autorizado,3359,23260747735810000150650020000033591688882292
72a2e1d6-95c9-4914-9247-5cd30373790f,2026-07-24T19:49:26.244+00:00,concluido,180.4,autorizado,4162,23260747735810000150650020000041621266691232
8dc62fc2-2d95-4d3e-843f-6a721d200760,2026-07-28T18:07:58.317+00:00,concluido,372.9,autorizado,4339,23260747735810000150650020000043391895916585
d421567d-a6d8-4a9b-91cd-28b12699bf1e,2026-07-07T18:56:17.431+00:00,concluido,255.2,autorizado,3360,23260747735810000150650020000033601737973390
b1affce9-1584-472b-9401-928e84a960b3,2026-07-24T19:47:00.497+00:00,concluido,253,autorizado,4158,23260747735810000150650020000041581154738811
a5ae9765-7283-41be-a52d-03bf36f44238,2026-07-24T19:47:36.282+00:00,concluido,178.09,autorizado,4159,23260747735810000150650020000041591825973638
27f996e9-e799-4af8-8699-2bcc205148ce,2026-07-24T19:49:50.593+00:00,concluido,419.87,autorizado,4163,23260747735810000150650020000041631963326150
286fd869-594a-4fac-8a33-77740ede5536,2026-07-24T19:47:52.645+00:00,concluido,161.59,autorizado,4160,23260747735810000150650020000041601989255097
90175e71-6302-4b09-9dd7-ae1251029bf9,2026-07-24T19:48:36.896+00:00,concluido,242.77,autorizado,4161,23260747735810000150650020000041611235540820
1479e605-c278-4f57-bd66-e1e5b4ccdfee,2026-07-07T18:57:20.02+00:00,concluido,356.4,autorizado,3361,23260747735810000150650020000033611505795300
09646ef8-9bad-4ded-b951-420f8f1a525e,2026-07-07T18:57:59.246+00:00,cancelado,10,pendente,,
2f09c856-e089-4898-85e1-dc054cf55cf9,2026-07-24T19:53:56.44+00:00,concluido,334.4,autorizado,4168,23260747735810000150650020000041681504884150
84762c1b-f927-4018-88b5-7394a1110088,2026-07-24T19:53:05.759+00:00,concluido,132,autorizado,4166,23260747735810000150650020000041661587649353
16b9dc1d-1b82-43f9-b328-b4ac54614002,2026-07-08T18:42:44.747+00:00,concluido,129.25,autorizado,3416,23260747735810000150650020000034161274440838
6950c7ed-b9f9-464b-82df-f19b5bdee40f,2026-07-24T19:50:28.846+00:00,concluido,326.15,autorizado,4164,23260747735810000150650020000041641824980827
9c9149b9-9d16-41db-9a4a-18d1ba13a6b1,2026-07-24T19:51:35.198+00:00,concluido,50.38,autorizado,4165,23260747735810000150650020000041651224978187
07551354-8ef7-4cc4-bec9-75f5c323f435,2026-07-08T18:43:21.454+00:00,concluido,199,pendente,,
9e9416a2-8432-4510-ae00-b49bffaca58b,2026-07-03T12:16:31.584+00:00,cancelado,0,pendente,,
0b9ca273-5b68-4702-9330-a93aa0880c1b,2026-07-28T20:13:42.52+00:00,concluido,80,autorizado,4398,23260747735810000150650020000043981700270916
ea176c93-31d4-47e2-8df6-7d16b3e5fd45,2026-07-03T16:04:25.184+00:00,concluido,37.4,autorizado,3230,23260747735810000150650020000032301450395362
2725cba3-d89c-43b1-a492-7505c3e4f6b7,2026-07-03T16:22:50.173+00:00,cancelado,0.01,pendente,,
f1ec6329-e715-4a95-aefc-7a9b6afe6c9c,2026-07-03T17:34:55.303+00:00,cancelado,14.9,pendente,,
aaba3d42-53c1-43ad-956f-f29402e917f6,2026-07-07T19:20:01.765+00:00,concluido,269.5,rejeitado,3382,23260747735810000150650020000033821367011317
d028c30b-5830-48be-8a47-eaaccee061ac,2026-07-03T17:35:02.21+00:00,cancelado,27,pendente,,
e71cea62-dde4-4551-9d77-29014c0377d7,2026-07-03T17:37:13.201+00:00,concluido,156.2,autorizado,3231,23260747735810000150650020000032311721104587
93cb5639-3674-4b6b-a1f1-4da79597f684,2026-07-24T19:53:23.214+00:00,concluido,161.7,autorizado,4167,23260747735810000150650020000041671265564020
1e8155d9-0a43-4a54-9c04-f3643805af5c,2026-07-03T17:39:54.031+00:00,concluido,193.6,autorizado,3232,23260747735810000150650020000032321358698618
f4d91d2e-7825-4c5b-ba03-d2de88a3c118,2026-07-03T17:40:41.015+00:00,concluido,270.27,autorizado,3233,23260747735810000150650020000032331473464303
97949f94-2825-48f9-b1cd-8288ab19c1f1,2026-07-07T11:59:48.918+00:00,cancelado,0,pendente,,
db02f80c-bcd7-48b4-a8df-b30b263249f6,2026-07-07T19:00:20.021+00:00,concluido,565.4,autorizado,3363,23260747735810000150650020000033631803105250
1f7ae93d-20f0-41d2-b695-ae2a30abf9a7,2026-07-03T17:46:35.53+00:00,concluido,24.2,pendente,,
c899e845-a761-4a79-a92b-0f1eb3cecc63,2026-07-07T13:59:39.038+00:00,cancelado,102,pendente,,
06da39f0-ee95-498e-a639-b8a1244b5fd5,2026-07-07T15:39:57.305+00:00,cancelado,77.5,pendente,,
b177df45-42dc-4d45-bb34-3a6e8371837f,2026-07-07T15:40:06.471+00:00,cancelado,0,pendente,,
93970e42-d279-46ca-b79e-620a342b0bd6,2026-07-24T19:54:33.651+00:00,concluido,6.6,autorizado,4169,23260747735810000150650020000041691401231061
8c39559f-7b46-4b4a-8fda-35ea9935bece,2026-07-03T17:46:57.222+00:00,concluido,324.5,autorizado,3234,23260747735810000150650020000032341592276770
64f89c0c-1a11-4d0f-84ac-30ee56eb31be,2026-07-07T15:51:27.912+00:00,concluido,161.7,pendente,,
a4daf237-c118-4d5e-b3a5-0a9dfd2f99aa,2026-07-07T16:17:56.469+00:00,cancelado,30,pendente,,
5ca9014a-15fb-4fc7-98a4-c0ecc1c271b1,2026-07-03T17:48:17.346+00:00,concluido,162.8,autorizado,3235,23260747735810000150650020000032351618923677
3233532d-1fcb-4d07-a1bc-e121d01dd40d,2026-07-03T17:59:11.324+00:00,concluido,210.1,autorizado,3236,23260747735810000150650020000032361480437601
deeb1e48-412c-489f-aa21-2ca81a473cbb,2026-07-07T16:44:26.121+00:00,concluido,338.8,autorizado,3308,23260747735810000150650020000033081989060543
a2886c62-cb5e-427d-a586-e843c63b5a10,2026-07-28T20:14:21.559+00:00,concluido,300,autorizado,4399,23260747735810000150650020000043991941857483
96713e2a-2008-416e-b0d6-1e74082d0f2e,2026-07-03T18:10:10.481+00:00,concluido,232.1,autorizado,3237,23260747735810000150650020000032371718850153
357f7e36-02e4-4b3f-a0bf-0419f6a72373,2026-07-03T18:12:19.647+00:00,concluido,147.4,autorizado,3238,23260747735810000150650020000032381675169953
90fbcb05-5618-46d4-b242-85b3c2a4ec66,2026-07-03T18:15:51.103+00:00,cancelado,12,pendente,,
5938eecf-26c2-4c50-94a8-cb76fcc9bf76,2026-07-07T16:56:34.276+00:00,concluido,217.8,autorizado,3309,23260747735810000150650020000033091181500415
b500bc39-b136-4b12-9fee-b0ab6d47684a,2026-07-03T18:21:33.599+00:00,concluido,243.1,autorizado,3239,23260747735810000150650020000032391331854156
0f51ffbe-c7c5-4e05-8e2b-cc5056ed5f32,2026-07-24T19:55:46.69+00:00,concluido,179.3,autorizado,4170,23260747735810000150650020000041701862238528
3852f700-e51d-4340-a6ac-4d2cd2650d93,2026-07-24T19:56:28.438+00:00,concluido,180.4,pendente,,
b26c5846-b5bd-4966-95a6-3950b1bd40cf,2026-07-03T18:26:08.128+00:00,concluido,187,autorizado,3240,23260747735810000150650020000032401145994726
3b9c0ade-831f-41f0-aeb4-a7878c78cedc,2026-07-03T18:28:42.417+00:00,concluido,443.19,autorizado,3241,23260747735810000150650020000032411102807018
f487504b-0d1b-43e5-8115-ce9dc0b1911d,2026-07-07T19:15:37.981+00:00,concluido,573.1,autorizado,3379,23260747735810000150650020000033791558530160
b6a3666c-c4f8-41fd-a27e-6556c1216979,2026-07-29T19:03:53.714+00:00,concluido,61.6,autorizado,4442,23260747735810000150650020000044421855393841
d5d5f340-3e00-44f5-b129-f7238ef1ee46,2026-07-03T18:31:33.857+00:00,concluido,104.5,autorizado,3242,23260747735810000150650020000032421702796618
63568298-e2b2-41d9-888a-260d92af39d4,2026-07-03T18:16:43.943+00:00,concluido,167.2,autorizado,3244,23260747735810000150650020000032441256587273
befa6719-2d61-4ec2-8eba-66081d36b891,2026-07-03T18:32:21.914+00:00,cancelado,0,autorizado,3243,23260747735810000150650020000032431706421713
e7ec11ea-3f68-402e-b511-790f3cb75759,2026-07-24T19:58:14.235+00:00,concluido,210,autorizado,4171,23260747735810000150650020000041711126813997
4fdacf37-e880-4342-a357-17d1bad4039e,2026-07-03T18:36:05.325+00:00,concluido,526.9,autorizado,3245,23260747735810000150650020000032451587713575
0d9b4397-99e7-4d3b-abff-083c0db9e0f2,2026-07-03T18:43:56.481+00:00,concluido,181.5,autorizado,3249,23260747735810000150650020000032491684327195
0d94c93b-d4bd-41b7-998b-d1edf3617a16,2026-07-03T18:37:07.349+00:00,concluido,8.8,autorizado,3246,23260747735810000150650020000032461989670312
464ac591-8869-44ba-ad7b-d0b334a56dfd,2026-07-03T18:38:10.451+00:00,concluido,444,autorizado,3247,23260747735810000150650020000032471829433140
c7b7a22d-d301-498f-a89f-331fc3455910,2026-07-24T19:58:44.732+00:00,concluido,294.7,autorizado,4173,23260747735810000150650020000041731934656845
38685b5a-aa0d-4115-bc34-245d7ffaafba,2026-07-03T18:40:41.12+00:00,cancelado,134.2,autorizado,3248,23260747735810000150650020000032481433091037
d4ba9ebe-2d21-4a47-88f1-0ea9772c6024,2026-07-24T19:58:53.225+00:00,concluido,106.7,autorizado,4172,23260747735810000150650020000041721636827466
a6e8eefc-4b18-4475-a73a-07a602cf71b4,2026-07-07T17:06:44.257+00:00,concluido,163.9,autorizado,3310,23260747735810000150650020000033101722630849
bf9de585-4bcb-447a-a255-59eb9c8d44ab,2026-07-12T20:38:52.249+00:00,concluido,141,autorizado,3626,23260747735810000150650020000036261113504866
3a499e76-20a4-41e7-b35d-c6579454d79e,2026-07-12T20:39:53.172+00:00,concluido,147.4,pendente,,
82bea20b-3ca1-43d8-972e-ce2c2d37d8f4,2026-07-03T18:50:14.467+00:00,concluido,181.5,autorizado,3250,23260747735810000150650020000032501948292960
9ff79d6e-e973-4c34-aacd-ad34b0a0716f,2026-07-03T18:51:01.932+00:00,concluido,203.5,rejeitado,3251,23260747735810000150650020000032511229710889
0f78dece-f7aa-4422-bc49-aecfe7d9cd5f,2026-07-03T18:53:18.044+00:00,concluido,396,autorizado,3253,23260747735810000150650020000032531180183702
eae11faf-e5cf-4c52-ab9b-fb337f8f0c9a,2026-07-11T16:40:31.377+00:00,concluido,376.2,pendente,,
0291a5ac-6fba-41b5-ba7f-53cd6d3e83e8,2026-07-11T17:54:19.646+00:00,concluido,174.9,autorizado,3475,23260747735810000150650020000034751767175083
a1e74744-d0fd-4ece-9d0c-07de35a0d380,2026-07-03T18:52:00.99+00:00,concluido,133.1,autorizado,3252,23260747735810000150650020000032521462343858
8fdc70e2-d873-43bd-9da9-6423ba502882,2026-07-03T18:54:02.794+00:00,concluido,152.9,pendente,,
157af4ff-8501-4c74-a5c7-9ec3faf22b13,2026-07-29T13:56:24.157+00:00,concluido,35.2,autorizado,4406,23260747735810000150650020000044061225996940
0f268e7d-8c97-40f4-8177-927f0a904856,2026-07-03T18:53:46.248+00:00,concluido,36.3,autorizado,3254,23260747735810000150650020000032541467538490
ca0e10b8-b869-4420-944d-9722f24bbc04,2026-07-03T18:56:41.627+00:00,concluido,324.5,autorizado,3258,23260747735810000150650020000032581791384825
644513e0-4ead-40e6-a4ca-403acadd4d38,2026-07-07T17:14:59.792+00:00,concluido,410.3,autorizado,3311,23260747735810000150650020000033111111385720
b170fa32-c4c8-48dc-9a1f-0610ebb217c0,2026-07-07T17:17:19.801+00:00,cancelado,3,pendente,,
fe5fd219-ade8-4884-9f6c-a7e628a8c393,2026-07-03T18:54:43.334+00:00,concluido,424.6,autorizado,3256,23260747735810000150650020000032561743791160
72fc9509-3046-4e17-8233-dd4b73c0c296,2026-07-03T18:37:45.726+00:00,concluido,123.09,autorizado,3255,23260747735810000150650020000032551335988606
1b17cb10-ffc7-46ad-90d8-4408abadbed6,2026-07-07T17:16:58.498+00:00,concluido,374,autorizado,3312,23260747735810000150650020000033121724902867
f173ea3e-a348-47cd-8eab-ef89def8d110,2026-07-24T19:59:48.54+00:00,concluido,200,autorizado,4174,23260747735810000150650020000041741116531354
217d6714-e687-41df-a4a0-2e3b2f9498ca,2026-07-03T18:56:24.019+00:00,cancelado,0,pendente,,
1b17c786-6081-47ce-90ee-c501625d60a7,2026-07-07T17:18:42.141+00:00,concluido,275,autorizado,3313,23260747735810000150650020000033131868830046
97eea46d-9122-45c3-8a16-fc661dbd2127,2026-07-03T18:55:20.741+00:00,concluido,432.3,autorizado,3257,23260747735810000150650020000032571854348980
25ff831e-fe58-4f34-a476-4e57eb48bc37,2026-07-07T17:28:00.875+00:00,concluido,192.5,autorizado,3314,23260747735810000150650020000033141473425154
5116302c-e0d2-495c-9dcb-7a0157c71cf3,2026-07-07T17:30:00.025+00:00,cancelado,15,pendente,,
af828193-77cb-46b4-aa92-68d89df51fc5,2026-07-07T17:31:14.322+00:00,concluido,374.77,autorizado,3315,23260747735810000150650020000033151811174390
eb1736b5-8b5a-40c5-a250-7470055ab9a8,2026-07-03T18:57:58.172+00:00,concluido,134.2,autorizado,3259,23260747735810000150650020000032591303398470
e738c618-ef1a-4b35-b955-5408fff5e826,2026-07-03T19:02:58.219+00:00,concluido,75.9,autorizado,3261,23260747735810000150650020000032611317129033
fcfbd80a-b970-429f-830a-d606704e0903,2026-07-29T14:43:01.687+00:00,concluido,70,pendente,,
7951860f-f801-4cc0-9871-dac54c4813fb,2026-07-03T19:02:47.406+00:00,concluido,59,autorizado,3260,23260747735810000150650020000032601367615333
1718a70e-a730-411f-854a-2168b8d25132,2026-07-03T19:12:00.43+00:00,concluido,30,autorizado,3262,23260747735810000150650020000032621203748513
c24efa64-8ad4-4930-b2e9-4c9660c0be1b,2026-07-07T17:32:12.777+00:00,concluido,305.8,autorizado,3316,23260747735810000150650020000033161131599927
b31f2956-42af-4e19-879a-12c1c34f8ea2,2026-07-07T17:43:28.264+00:00,concluido,148.5,autorizado,3319,23260747735810000150650020000033191463272637
9af54378-922d-443b-93ce-a596154604fa,2026-07-03T19:08:36.556+00:00,concluido,0,pendente,,
7d9f1b40-0eae-4227-bbff-a9faba14fb93,2026-07-03T19:09:38.148+00:00,concluido,0,pendente,,
ce148285-38ac-47a5-a6aa-774bd775d8b7,2026-07-07T17:32:42.657+00:00,concluido,266.2,autorizado,3317,23260747735810000150650020000033171772057663
bb6f4078-676e-4fee-9d93-f3ed868c19af,2026-07-03T19:10:42.865+00:00,concluido,90,pendente,,
98c10a92-27e6-438a-b45d-995538c4af42,2026-07-29T15:18:09.498+00:00,concluido,6.6,pendente,,
5b5a42e6-42cf-4278-adfd-905b0f5683ba,2026-07-03T20:08:08.704+00:00,concluido,65,autorizado,3263,23260747735810000150650020000032631237002708
d3c06914-46be-48c2-a88a-f864c6c3cdcc,2026-07-07T17:40:17.284+00:00,concluido,187,autorizado,3318,23260747735810000150650020000033181926931187
f1ad83c3-1fad-408b-bbce-efc24dc31e2d,2026-07-24T20:01:45.582+00:00,concluido,104.5,autorizado,4176,23260747735810000150650020000041761370394082
971dfa81-07b1-416e-bf79-d96e0cda3601,2026-07-07T17:44:30.433+00:00,cancelado,10,pendente,,
331d2d36-3b31-49da-b38a-0b4231d92631,2026-07-07T17:46:44.857+00:00,cancelado,14,pendente,,
d05c7746-d087-4a4c-9747-afe811b32f4b,2026-07-07T17:52:42.924+00:00,concluido,361.9,autorizado,3321,23260747735810000150650020000033211917245433
2c8349fc-086a-47c3-8026-999f95764eba,2026-07-03T20:09:07.083+00:00,cancelado,0,pendente,,
889998bf-4b22-48c4-9d02-a0a80666ae4d,2026-07-07T17:41:02.7+00:00,cancelado,10,pendente,,
91feb40e-a1d1-4b79-b6c8-8bfddbabbaa1,2026-07-07T18:59:19.68+00:00,concluido,93.9,autorizado,3362,23260747735810000150650020000033621332515065
57c5a8e0-f25a-412d-a59a-cb8ff6aa6435,2026-07-07T17:46:31.018+00:00,cancelado,56,pendente,,
f0411be9-387b-4b35-8b8d-e5ca8cf5d509,2026-07-24T20:00:52.968+00:00,concluido,132,autorizado,4175,23260747735810000150650020000041751548226373
0d9a589b-d840-45a2-b9b3-298224f75fd4,2026-07-07T17:54:05.752+00:00,concluido,150.7,autorizado,3322,23260747735810000150650020000033221636695580
ced7c1ea-81ab-410d-a156-5794e5234584,2026-07-04T15:06:20.554+00:00,concluido,84.7,autorizado,3264,23260747735810000150650020000032641316130897
9bdc6139-35e9-4d4b-8295-b04ffcc86eb3,2026-07-04T15:47:24.382+00:00,cancelado,27,pendente,,
a62d2a93-5e34-4c3f-81eb-a5beac4b9c39,2026-07-07T17:48:53.788+00:00,concluido,200.2,autorizado,3320,23260747735810000150650020000033201102051199
cfaec44e-053c-42cf-8512-cc0846854b7e,2026-07-07T17:58:47.414+00:00,cancelado,0,pendente,,
753718e0-71f7-466c-9540-4339eef447a4,2026-07-04T15:47:37.595+00:00,cancelado,7,pendente,,
96498885-f6fe-4f70-9f59-667521215bda,2026-07-04T15:50:48.045+00:00,cancelado,10,pendente,,
bc7d805d-5f10-457b-ad26-7114707b81d7,2026-07-24T20:05:34.479+00:00,concluido,121.5,autorizado,4180,23260747735810000150650020000041801918667964
2e5b4e10-c3a7-47ee-826d-1be4cf9ea0ae,2026-07-04T15:56:05.064+00:00,cancelado,10,pendente,,
34588353-0394-4740-9753-77bbc25f3b7f,2026-07-07T17:56:38.311+00:00,concluido,187,autorizado,3323,23260747735810000150650020000033231176434301
b861c218-6eec-45d5-8a43-377ae3646505,2026-07-07T17:58:13.001+00:00,concluido,213.4,autorizado,3324,23260747735810000150650020000033241929666724
026f2d7f-d6fe-4852-a721-89328a12e47f,2026-07-07T18:02:02.55+00:00,concluido,171.6,autorizado,3325,23260747735810000150650020000033251743949065
ac7a5fb0-fabd-417e-acbf-f96bc8454ce6,2026-07-04T16:04:30.214+00:00,concluido,181.5,autorizado,3265,23260747735810000150650020000032651492750247
ebcc816c-d93c-4514-8140-eed84bf987ce,2026-07-08T18:46:32.5+00:00,concluido,154,autorizado,3418,23260747735810000150650020000034181992663310
b46107c5-7ec4-49aa-a6c1-1f6e36e2a6d7,2026-07-24T20:02:21.03+00:00,concluido,67.1,autorizado,4177,23260747735810000150650020000041771109945574
0aa3c2a8-ba0a-48c9-b0be-c6ae39e5f742,2026-07-04T16:43:55.659+00:00,concluido,229.9,autorizado,3266,23260747735810000150650020000032661894314805
4b9a4caf-022e-4ada-8ea9-ad694724c2d5,2026-07-04T16:56:27.19+00:00,concluido,176,autorizado,3269,23260747735810000150650020000032691173960294
b88de2f4-d526-4a30-8fcf-ad6424fe8f9f,2026-07-29T15:34:02.88+00:00,concluido,191,pendente,,
88969742-4cd3-4a4c-8d2f-aca45546743c,2026-07-08T18:49:39.822+00:00,concluido,247.17,autorizado,3419,23260747735810000150650020000034191387014097
6cf8ca4b-0a07-4988-86cd-4df71ef8716a,2026-07-04T16:45:57.966+00:00,concluido,213.4,autorizado,3267,23260747735810000150650020000032671371841904
0fa9536d-09c6-4c69-9435-7f43feae77a4,2026-07-07T18:32:17.242+00:00,concluido,148.5,autorizado,3381,23260747735810000150650020000033811411217909
e3269402-7336-47bd-a8c9-a53fd3c62215,2026-07-24T20:06:37.274+00:00,concluido,164,pendente,,
2537f3aa-370e-4bbf-b65e-e58616e47178,2026-07-04T16:50:31.218+00:00,concluido,159.5,autorizado,3268,23260747735810000150650020000032681252463687
276c65db-e2ab-4eb1-8288-a5a9ee1ce327,2026-07-24T20:01:59.028+00:00,concluido,16.4,autorizado,4178,23260747735810000150650020000041781616878514
aa18441b-f971-4cba-aaa1-f66803b3bf83,2026-07-04T17:03:18.874+00:00,cancelado,10,pendente,,
f48ea924-b550-47d1-86a8-4b3b2c9132ec,2026-07-04T17:07:09.634+00:00,cancelado,10,pendente,,
c230ea78-73b6-4278-a36e-33b1468928b5,2026-07-24T20:04:35.229+00:00,concluido,158.4,pendente,,
9ab52217-cdc6-4835-afef-5b4ac52f1e25,2026-07-24T11:36:07.547+00:00,cancelado,0,pendente,,
41021203-31ad-4bca-a4b0-fbed42aafafe,2026-07-04T17:09:50.259+00:00,concluido,309.1,autorizado,3270,23260747735810000150650020000032701750143488
10498d5b-3a15-4ac4-8c16-74bf79f6ec28,2026-07-04T17:16:15.687+00:00,cancelado,10,pendente,,
d2526b02-edab-448a-9035-0e6f834d5f48,2026-07-24T12:31:39.143+00:00,cancelado,13,pendente,,
169c8c7c-a8bc-466c-8d8b-deabc6b25ff9,2026-07-24T12:35:07.763+00:00,cancelado,130,pendente,,
57a91d8b-4ecc-4eb6-a29e-c4dafb657fee,2026-07-04T17:33:39.948+00:00,cancelado,10,pendente,,
5644b06b-3d84-4662-acf1-0657499980b7,2026-07-04T17:34:24.122+00:00,concluido,160.6,autorizado,3271,23260747735810000150650020000032711783928619
c0dd39c8-831b-40a6-88cf-cf5592af5d85,2026-07-07T19:20:44.409+00:00,concluido,374,rejeitado,3383,23260747735810000150650020000033831523565482
c1d56a7d-059a-4d7f-b054-acf90ee77357,2026-07-04T17:54:03.321+00:00,concluido,66,pendente,,
1c5d9de8-883a-41cb-9361-985a43f47862,2026-07-04T17:50:33.264+00:00,concluido,207.9,rejeitado,3272,23260747735810000150650020000032721700067324
f568e59e-27e0-44dc-b212-da9ff47d0071,2026-07-24T20:03:33.384+00:00,concluido,334.29,autorizado,4179,23260747735810000150650020000041791839842576
6c95ff5b-3248-4a23-945b-64ff794e965f,2026-07-04T17:51:48.048+00:00,concluido,137.5,autorizado,3273,23260747735810000150650020000032731182644297
8f3d23f3-521c-4406-ba29-8673bc8b52d1,2026-07-24T20:05:08.31+00:00,concluido,269.7,pendente,,
fd70d842-045b-4768-852d-6be3484fe697,2026-07-04T17:52:02.453+00:00,concluido,152.9,autorizado,3274,23260747735810000150650020000032741417387407
fa5f82e0-5a9e-42e9-a970-48ef65c1d026,2026-07-07T18:03:01.019+00:00,concluido,227.7,autorizado,3327,23260747735810000150650020000033271457261272
443a066c-e520-4423-a0c7-2de474c0f97e,2026-07-04T17:54:29.468+00:00,concluido,162.8,pendente,,
091c673e-bc30-4a14-88e5-5443b068ecbf,2026-07-04T17:57:42.453+00:00,cancelado,10,pendente,,
65a49cd9-ddfb-4285-b6e8-06f4a864a96b,2026-07-24T15:46:30.391+00:00,concluido,143,pendente,,
02793439-ffc6-4242-ab08-7ce7c350b1f6,2026-07-04T18:25:35.784+00:00,cancelado,11,pendente,,
cf0c78df-c456-44de-aceb-7799e5fab8f9,2026-07-07T18:08:27.986+00:00,cancelado,20,pendente,,
4ecd453e-00e5-41c9-9ce0-e320054a52be,2026-07-04T18:11:08.702+00:00,concluido,201.3,autorizado,3275,23260747735810000150650020000032751653934014
bfd7bf95-daad-495e-a747-78010db79651,2026-07-04T18:12:38.076+00:00,concluido,536.8,pendente,,
3e6f9049-507d-46b8-af4e-902ef890cb84,2026-07-04T18:20:42.732+00:00,concluido,196.9,pendente,,
82e17e83-60eb-4a74-a14e-190055f5f417,2026-07-04T18:19:13.652+00:00,concluido,265.1,autorizado,3276,23260747735810000150650020000032761187122380
477910ae-accb-4fb2-8d71-4dd9ad42db33,2026-07-28T18:10:05.398+00:00,concluido,178.2,autorizado,4342,23260747735810000150650020000043421544215660
a837e82b-d594-43d5-b54b-a8bf95e1fabe,2026-07-04T18:21:56.464+00:00,concluido,192.17,autorizado,3277,23260747735810000150650020000032771486032444
07eb3969-2f4d-4ab6-b034-1f22878a0186,2026-07-04T18:25:29.304+00:00,concluido,300.3,autorizado,3279,23260747735810000150650020000032791967290437
64fc0df0-8afe-4f3b-8fc4-951f93451983,2026-07-04T18:26:28.077+00:00,concluido,189.09,autorizado,3280,23260747735810000150650020000032801142323605
98520c32-784d-46c1-ab6f-4f5dbbfe1f82,2026-07-04T18:30:50.037+00:00,cancelado,10,pendente,,
6aaac22c-3652-41dd-82af-c6da9cfd79d8,2026-07-29T19:08:43.481+00:00,concluido,800,autorizado,4444,23260747735810000150650020000044441668388230
ae3b3e25-f933-4f36-8ac7-bd61f8978ac1,2026-07-04T18:23:44.959+00:00,concluido,254.1,autorizado,3278,23260747735810000150650020000032781421140495
b51b284a-64fa-43c7-86a8-c4eb2b9281e8,2026-07-04T18:30:50.403+00:00,concluido,225.5,autorizado,3282,23260747735810000150650020000032821298828555
e57347ca-7446-475b-8893-1aedf898946b,2026-07-14T18:07:34.253+00:00,concluido,213.4,autorizado,3787,23260747735810000150650020000037871870711186
e9529023-7918-46c1-a576-5b6af9847966,2026-07-14T18:28:23.39+00:00,concluido,24.2,autorizado,3794,23260747735810000150650020000037941780210131
b3201e36-5f5c-4e0e-8162-99cf50f203ae,2026-07-24T20:07:14.771+00:00,concluido,314.6,pendente,,
bc1feaf2-4249-413e-9bda-8190b5eab4ba,2026-07-04T18:29:31.017+00:00,concluido,400.29,autorizado,3281,23260747735810000150650020000032811359294795
5761dcb9-7c5b-429a-9159-3975418311e4,2026-07-04T18:35:58.685+00:00,concluido,166.1,autorizado,3284,23260747735810000150650020000032841637589200
9fb98a6e-802a-4c17-bbf7-681d7fd5d233,2026-07-04T18:42:41.866+00:00,cancelado,0,pendente,,
7628da94-317a-4ee9-9ff3-7e0cf6c4fa45,2026-07-07T18:03:22.95+00:00,concluido,349.8,autorizado,3326,23260747735810000150650020000033261750528476
3fce032b-13a2-412e-ad5e-d481663e224c,2026-07-04T18:34:02.072+00:00,cancelado,10,pendente,,
f44063d5-b870-4e26-8f50-8e8f1bf2a7c6,2026-07-04T18:36:18.985+00:00,concluido,550,autorizado,3285,23260747735810000150650020000032851187130675
d9f43c68-e56f-4fc5-b9b8-34dee2f81014,2026-07-04T18:37:57.801+00:00,concluido,488.95,autorizado,3287,23260747735810000150650020000032871339053958
060047b1-c845-4bee-933e-d848b02db204,2026-07-04T18:34:00.81+00:00,concluido,290.4,autorizado,3283,23260747735810000150650020000032831288938150
f9985632-7222-48cf-92c3-c78c3a67faf1,2026-07-24T20:08:23.305+00:00,concluido,90.2,autorizado,4181,23260747735810000150650020000041811930265231
5f583885-e6f9-492a-9531-899a330b667c,2026-07-04T18:37:05.129+00:00,concluido,154,autorizado,3286,23260747735810000150650020000032861102394513
f79c3b8b-4492-4de9-b258-34f61ff830a6,2026-07-04T18:38:26.519+00:00,concluido,240.9,autorizado,3288,23260747735810000150650020000032881410093527
422bc29a-374f-4f0b-9b1b-283839dd5905,2026-07-24T20:09:17.674+00:00,concluido,11.9,autorizado,4182,23260747735810000150650020000041821935720732
b0420d7c-8dc9-4b54-a18a-5a8e628711f8,2026-07-04T18:38:48.424+00:00,concluido,189.2,autorizado,3289,23260747735810000150650020000032891689207045
ee9fbc3e-ee68-4644-bd8b-d5328a3eb25f,2026-07-24T20:12:17.428+00:00,concluido,668.8,autorizado,4183,23260747735810000150650020000041831972036030
2917fd99-e57f-4c1e-adb0-22655d6fe188,2026-07-24T20:27:39.996+00:00,concluido,245.3,autorizado,4185,23260747735810000150650020000041851694468641
35b198e9-2769-49ad-901b-6d1a3053a84b,2026-07-04T18:43:06.443+00:00,concluido,242,autorizado,3290,23260747735810000150650020000032901499743087
406b96b5-cbc2-4ecb-8a39-46b11c0ef852,2026-07-24T20:23:38.63+00:00,concluido,487.29999999999995,autorizado,4184,23260747735810000150650020000041841981214601
dbdcd380-0275-4bfb-99cb-57f4eef5631b,2026-07-28T18:08:48.533+00:00,concluido,138.6,autorizado,4340,23260747735810000150650020000043401597999106
5080d3e7-a6a6-46a7-a509-f2bbd1bdc6ec,2026-07-04T18:44:48.042+00:00,concluido,304.7,autorizado,3291,23260747735810000150650020000032911182309135
4251eee8-fa5d-4e58-bfa0-b4902fb86873,2026-07-04T18:45:44.133+00:00,concluido,405.9,autorizado,3292,23260747735810000150650020000032921622940528
0d3aa90e-5465-4aba-9c8b-cfb9700c4831,2026-07-07T18:05:09.835+00:00,concluido,112.2,autorizado,3328,23260747735810000150650020000033281756457079
5648c403-4dc8-410a-a731-4d2f2002d99c,2026-07-29T17:23:37.693+00:00,concluido,85,autorizado,4419,23260747735810000150650020000044191192739305
ba02a6d8-7250-4a89-b51a-7ea31874141e,2026-07-07T19:07:51.773+00:00,concluido,107.8,autorizado,3373,23260747735810000150650020000033731413730040
58ee3c93-963e-4bab-b1a9-5513bd4489c1,2026-07-04T18:46:35.352+00:00,concluido,241.78,autorizado,3293,23260747735810000150650020000032931957595714
9044691d-e503-4ef0-9091-d45bd1ad2c1c,2026-07-04T18:46:38.069+00:00,cancelado,10,pendente,,
3daa10ed-5e46-42d0-ad20-10006e074c1e,2026-07-14T18:44:57.753+00:00,concluido,132,autorizado,3810,23260747735810000150650020000038101307833106
586bbc6e-1b22-468a-9fec-7ec75d2b5dac,2026-07-17T17:20:16.696+00:00,concluido,325.6,autorizado,3845,23260747735810000150650020000038451101622857
4581bd4b-9c6c-4a61-8282-a9f581566a43,2026-07-18T16:22:04.086+00:00,concluido,42.9,autorizado,3879,23260747735810000150650020000038791845450165
0451b275-081d-401c-83ad-cadf498ae09d,2026-07-04T18:47:00.682+00:00,concluido,127.6,autorizado,3294,23260747735810000150650020000032941160446840
a1b865f0-2801-485a-a586-05b31ba17e55,2026-07-24T20:35:33.732+00:00,concluido,231,autorizado,4186,23260747735810000150650020000041861441891098
5d539f17-d890-4618-9ea7-d5468cc4ef57,2026-07-04T18:52:56.106+00:00,concluido,92.4,autorizado,3298,23260747735810000150650020000032981989497366
632a3f20-470b-4f8e-b502-4a2365af654f,2026-07-24T20:35:59.068+00:00,cancelado,0,pendente,,
fb57afb7-3339-4bce-9e36-06d46cebd3c1,2026-07-04T18:56:12.321+00:00,concluido,5.5,autorizado,3299,23260747735810000150650020000032991850705656
029f1bd1-86ce-4dcc-9943-a32ebb6276e6,2026-07-24T20:36:09.967+00:00,cancelado,0,pendente,,
be5d2c13-d202-4fff-91ab-ec31efa3be83,2026-07-24T20:36:28.463+00:00,cancelado,0,pendente,,
6a4dc7de-3dd5-4a7f-aeff-1046cd18fbc3,2026-07-24T20:35:42.803+00:00,cancelado,0,pendente,,
d40d9acb-3751-4f2a-85b8-58dc1f01250b,2026-07-24T20:35:51.249+00:00,cancelado,0,pendente,,
5449e390-95d0-4cef-ae2a-fda8e9cceefd,2026-07-12T19:24:03.257+00:00,cancelado,15,pendente,,
9da73844-2fe4-455b-bcc7-6a298f0b11f3,2026-07-12T19:24:09.615+00:00,cancelado,10,pendente,,
644ce0b1-8ae5-4987-a717-a6e555b432ed,2026-07-12T19:25:25.977+00:00,cancelado,0,pendente,,
83c67976-3ff1-49af-b18c-da7df3998061,2026-07-04T18:48:04.817+00:00,concluido,132,autorizado,3295,23260747735810000150650020000032951465244610
c42e804b-670b-484c-b709-8a3e070ae4d6,2026-07-04T19:15:15.678+00:00,concluido,447.7,autorizado,3302,23260747735810000150650020000033021507032809
8b159d41-bddc-42a5-aff5-58f03f9d9c70,2026-07-12T19:35:33.035+00:00,cancelado,15,pendente,,
34190db5-860e-4dcb-b99b-d11a18e32dc6,2026-07-12T19:48:35.55+00:00,cancelado,15,pendente,,
492e5e19-421f-4050-9f0d-e721f4bb1708,2026-07-12T19:57:08.876+00:00,cancelado,95,pendente,,
16b1eaf6-7ead-4f0e-a693-db06b6acd5e1,2026-07-12T19:57:15.647+00:00,cancelado,20,pendente,,
ebf36414-4ccc-4b80-97ff-561cec9cee9d,2026-07-12T20:00:26.721+00:00,concluido,93.5,pendente,,
a56c4408-e4c3-4d3e-8aae-a1de610b4738,2026-07-04T18:48:34.657+00:00,concluido,200.2,autorizado,3296,23260747735810000150650020000032961392405536
bf8c3566-d05d-405c-a4bb-1e95281c3bf9,2026-07-24T20:44:21.277+00:00,concluido,285.2,rejeitado,4189,23260747735810000150650020000041891942532785
10d24d0b-cdcd-40f2-b574-99d73a95e21a,2026-07-04T18:50:03.596+00:00,concluido,179.3,pendente,,
45796a22-4910-49d6-bc1b-c05d219eb4a2,2026-07-04T18:52:08.137+00:00,concluido,322.3,autorizado,3297,23260747735810000150650020000032971975338131
9124f5ac-7c96-4c6a-bf9d-020a5ec6d208,2026-07-04T19:13:13.625+00:00,concluido,495,pendente,,
bd0975b5-e033-4f9e-ad45-db3d9f127c4e,2026-07-04T18:58:21.752+00:00,concluido,80,rejeitado,3300,23260747735810000150650020000033001262904936
daaa1bce-e90f-4523-b1ac-c380dc381498,2026-07-11T16:45:53.06+00:00,concluido,128.7,autorizado,3451,23260747735810000150650020000034511498763486
eca1b914-b248-4c86-9b6c-68b76dc9b797,2026-07-11T17:14:02.696+00:00,cancelado,10,pendente,,
6404260c-e87f-4f76-aa65-ca2cd47a3604,2026-07-07T18:06:00.095+00:00,concluido,156.2,autorizado,3329,23260747735810000150650020000033291756492378
667e9da4-2847-46ec-a6ba-5cc845f37c17,2026-07-04T19:14:17.545+00:00,concluido,170.5,autorizado,3301,23260747735810000150650020000033011950437963
c68c3e51-1d5d-46e2-9b55-b514100fb4cb,2026-07-04T19:14:39.862+00:00,concluido,231,pendente,,
17fd66fa-4168-433a-9397-f7f4df527b63,2026-07-24T20:37:15.361+00:00,concluido,272.8,autorizado,4187,23260747735810000150650020000041871182082986
c40c55cf-a202-4a18-a831-d90bf8c65128,2026-07-11T17:14:53.345+00:00,concluido,16.39,autorizado,3459,23260747735810000150650020000034591708808802
b4281f35-8339-4648-b12f-2b8a35f83aa4,2026-07-04T19:19:01.375+00:00,concluido,290.8,autorizado,3303,23260747735810000150650020000033031938095300
30bc21a4-defc-4bd4-a0f9-9f07a022d73c,2026-07-04T19:23:28.513+00:00,concluido,550,autorizado,3304,23260747735810000150650020000033041196676631
fe043279-7e57-44f3-9375-2790d2b8ee48,2026-07-24T20:38:14.49+00:00,concluido,178.20000000000002,autorizado,4188,23260747735810000150650020000041881673897014
158f770a-17f7-412d-b4d4-a26e0f4e014f,2026-07-04T19:32:45.909+00:00,concluido,761,autorizado,3305,23260747735810000150650020000033051930171649
f5f1007f-0573-4ff3-97fc-a7ae9aa6ce1e,2026-07-04T19:34:56.271+00:00,concluido,327.8,autorizado,3306,23260747735810000150650020000033061620792502
bcd9fa85-5b35-4e22-becf-cbb51a980225,2026-07-04T19:41:26.11+00:00,concluido,0,pendente,,
adfd59eb-c2a2-4e0d-a63d-b2ba6f304996,2026-07-04T19:55:14.445+00:00,cancelado,0,pendente,,
47cf6580-e17f-4ed0-8469-2707f9b6f49d,2026-07-11T16:57:31.49+00:00,concluido,28.6,autorizado,3456,23260747735810000150650020000034561368596004
297a5ed5-4334-445b-813c-4fcf55918045,2026-07-11T17:18:05.914+00:00,concluido,298.1,autorizado,3460,23260747735810000150650020000034601993659417
06a5e2d2-3965-45f4-9346-6a384845a88f,2026-07-04T19:54:39.898+00:00,cancelado,0,pendente,,
e2651714-b282-411b-a484-4749af6c0f87,2026-07-04T19:55:00.777+00:00,cancelado,0,pendente,,
93ccfc91-6832-4f3b-9fb1-77a46462d1d2,2026-07-04T19:55:08.246+00:00,cancelado,0,pendente,,
6d8112ad-ef03-4e27-9daa-9dffed77f04a,2026-07-04T19:55:21.186+00:00,cancelado,0,pendente,,
0c42827c-1472-45c4-9283-5d6a7591f737,2026-07-07T18:07:41.094+00:00,concluido,235.4,autorizado,3330,23260747735810000150650020000033301131509625
41ed2b7d-c99c-426a-a141-4511d455582a,2026-07-07T18:09:55.441+00:00,cancelado,10,pendente,,
6736142e-0e2a-4ad6-8af6-8a11cd419c8f,2026-07-07T19:04:07.666+00:00,concluido,258.5,autorizado,3365,23260747735810000150650020000033651120999257
24a7a36e-093a-45a9-a5be-ed8fff22bda9,2026-07-11T17:42:52.819+00:00,cancelado,0,pendente,,
2263964c-2c76-4030-91a6-bde0fee8a0a7,2026-07-04T19:54:46.643+00:00,cancelado,0,pendente,,
2f9b221f-004f-48d5-9728-7942f04d1ed6,2026-07-11T17:43:31.292+00:00,cancelado,0,pendente,,
4981a8df-c96b-436b-a0b1-5c0b62e06970,2026-07-11T17:45:50.775+00:00,cancelado,10,pendente,,
467845fb-4490-472b-8ba3-dc85bb3ed436,2026-07-11T17:48:42.591+00:00,concluido,590.59,autorizado,3472,23260747735810000150650020000034721469229230
8928599f-7dd5-434d-a03c-bd670352c6ad,2026-07-12T19:33:06.717+00:00,concluido,0,autorizado,3581,23260747735810000150650020000035811504448413
dbd36200-2408-4991-8293-37dd06b2f01d,2026-07-12T19:37:19.267+00:00,cancelado,20,pendente,,
4b337bf3-43e5-4193-a5ea-9a19ea953668,2026-07-12T19:38:54.41+00:00,cancelado,15,pendente,,
e0c8485b-b73b-4bc0-9fc3-881b07e50836,2026-07-12T19:43:00.3+00:00,cancelado,10,pendente,,
304ef628-4d9f-4d9e-a69c-ddc5bb55383a,2026-07-12T19:49:44.137+00:00,cancelado,15,pendente,,
8924f8d4-bf0f-4427-9e89-90455c772638,2026-07-04T19:55:27.465+00:00,cancelado,0,pendente,,
806bd64c-a2e7-49d9-a81e-f1ec1d7669a8,2026-07-04T19:55:45.146+00:00,cancelado,0,pendente,,
0196578a-0e17-4690-8bff-d4873b4aefc6,2026-07-11T17:49:28.811+00:00,cancelado,10,pendente,,
b59c7f51-0c99-40ab-bdda-c9402c09dddf,2026-07-04T20:07:43.897+00:00,concluido,70,autorizado,3307,23260747735810000150650020000033071671249250
d4a5331c-79e2-4a6c-b04f-fcf45309322d,2026-07-07T18:09:23.032+00:00,cancelado,155.1,autorizado,3331,23260747735810000150650020000033311311667870
38e7f752-f6c2-4119-878b-034ae27c0667,2026-07-04T20:19:30.128+00:00,concluido,230,pendente,,
01ecc1b4-f39c-4500-8cf9-306f3f02957e,2026-07-30T18:47:17.426+00:00,cancelado,213.4,autorizado,4476,23260747735810000150650020000044761530740494
b779d811-234b-4e38-86e1-cae715cf7642,2026-07-14T18:54:37.572+00:00,concluido,105.49,autorizado,3822,23260747735810000150650020000038221843318100
40b8a4cc-80f3-47b5-9e5f-0996372e8e66,2026-07-04T20:20:27.369+00:00,concluido,0,pendente,,
dd3c39fd-b4b2-4193-9b5b-7342887aeb71,2026-07-07T18:13:59.97+00:00,concluido,386.98,autorizado,3332,23260747735810000150650020000033321492050053
6fd36865-0923-463d-8555-deeb25b3136d,2026-07-30T18:59:57.186+00:00,cancelado,27,pendente,,
3a294746-e8d9-47a4-85f8-d599b12891a3,2026-07-07T18:01:09.88+00:00,concluido,267,autorizado,3333,23260747735810000150650020000033331745011287
a51c7531-3211-4853-acdc-9e5e39ab909e,2026-07-07T18:20:57.002+00:00,concluido,165,autorizado,3334,23260747735810000150650020000033341240684532
db176f4a-49e1-4e89-ba04-30b035f3bc35,2026-07-07T18:23:28.928+00:00,cancelado,0,pendente,,
98fd3438-398c-456f-8031-8ae8ee59e3fd,2026-07-24T20:45:26.313+00:00,concluido,119.9,autorizado,4191,23260747735810000150650020000041911751392952
2590ce0d-98ee-49c8-b2be-98fd1be617f0,2026-07-30T19:01:50.337+00:00,cancelado,10,pendente,,
692a9467-5265-41cf-aff8-bc08c3f8428e,2026-07-30T19:04:27.574+00:00,cancelado,10,pendente,,
2bb9a200-6fed-4f0e-9507-cdd2bd50bd71,2026-07-30T19:08:28.584+00:00,cancelado,10,pendente,,
88177634-212c-462b-ba3f-1c6fe7212141,2026-07-07T18:17:47.118+00:00,cancelado,10,pendente,,
3fb0162c-de5a-453b-9041-4fb16bf3fa9a,2026-07-07T18:20:26.422+00:00,cancelado,28,pendente,,
764f78f5-6fa6-46d5-a251-511db68fed5c,2026-07-24T20:55:08.233+00:00,cancelado,0,pendente,,
84de5318-50ea-43a4-9b5b-a6ab8b1f4f1c,2026-07-07T18:21:30.503+00:00,concluido,129.36,autorizado,3335,23260747735810000150650020000033351617209682
5d1cae83-9141-492d-9076-42a14f4c38c6,2026-07-07T18:24:16.907+00:00,concluido,352,pendente,,
47cf7a1f-569c-4f4e-9641-e3f5651ce956,2026-07-07T18:27:59.786+00:00,concluido,342.1,autorizado,3338,23260747735810000150650020000033381358208555
9ec3f5f1-a291-4ee0-b6de-0021b416b38f,2026-07-07T18:31:58.927+00:00,cancelado,10,pendente,,
08643388-448f-4f00-9e93-2ce4320620c9,2026-07-07T18:24:54.139+00:00,cancelado,10,pendente,,
0b63e02c-17d1-491f-8103-4b17489e1e15,2026-07-11T17:57:21.495+00:00,cancelado,65,pendente,,
449fdd47-8019-4edf-a422-5be910cfbf7a,2026-07-24T20:44:51.221+00:00,concluido,26.4,autorizado,4190,23260747735810000150650020000041901143756578
4e1bad8e-f33f-4d51-a799-becf6ce28252,2026-07-07T18:25:55.416+00:00,concluido,48.4,pendente,,
2ed17b84-bf41-4703-aff3-128fdca75a8b,2026-07-07T19:30:36.797+00:00,concluido,103,autorizado,3386,23260747735810000150650020000033861263632381
1f80ffc6-06c8-4f0a-af04-7296bec0560f,2026-07-24T21:09:17.735+00:00,concluido,418,autorizado,4192,23260747735810000150650020000041921146356419
bbaccbe3-740b-4349-b535-1837789a35f8,2026-07-24T21:09:56.332+00:00,concluido,0,pendente,,
442b7e3c-356b-420d-a237-14df5e9bfd34,2026-07-24T21:11:31.329+00:00,concluido,40,pendente,,
c1a6c577-9866-4872-8b46-99d9fca8017c,2026-07-07T18:25:13.538+00:00,concluido,360.8,autorizado,3336,23260747735810000150650020000033361384062231
593fbc9e-de56-44e4-91b3-b693a8df005b,2026-07-24T21:14:22.163+00:00,concluido,415.5,pendente,,
597eae3e-e13e-430e-a204-e49defd06852,2026-07-24T21:17:14.635+00:00,concluido,0,pendente,,
85084164-b77c-4650-841f-772038b0b94c,2026-07-24T20:09:39.375+00:00,cancelado,269.17,pendente,,
334fbad6-6db2-41f0-a658-431d6eb81afa,2026-07-24T21:33:24.126+00:00,cancelado,0,pendente,,
5a026381-e37c-4606-9194-567bd482ca0a,2026-07-07T18:26:18.075+00:00,concluido,266.2,autorizado,3337,23260747735810000150650020000033371245799186
d03ad679-0806-426a-bf88-f84e86b4b419,2026-07-24T22:50:23.501+00:00,cancelado,12,pendente,,
311fb737-27f1-4189-94ad-8b4519d3ac64,2026-07-24T22:52:16.442+00:00,cancelado,30,pendente,,
cad113ef-e79c-4ea6-8f75-846a3115b3aa,2026-07-24T22:55:18.889+00:00,cancelado,190,pendente,,
002747a0-39b8-4746-86ee-8d7dc9842255,2026-07-07T18:27:41.458+00:00,cancelado,21,pendente,,
fad54447-7291-4753-86c9-54a60fd026d1,2026-07-24T22:59:16.952+00:00,cancelado,0,pendente,,
c77004f6-1dad-4811-93b2-b25513ce27e3,2026-07-24T22:54:48.538+00:00,cancelado,10,pendente,,
de9ffe14-b5c7-4a86-a8b0-ac7da355d2d4,2026-07-28T20:15:03.864+00:00,concluido,190,autorizado,4400,23260747735810000150650020000044001174634325
bfe80639-4048-4b6a-b443-c6bfab6d94b4,2026-07-24T22:55:35.266+00:00,cancelado,15,pendente,,
62a88ab7-69c0-4d76-a445-b0593e72d611,2026-07-25T13:27:57.795+00:00,concluido,44.99,pendente,,
c9f7c08a-956d-4a0f-8f40-0a0a5e704dd1,2026-07-12T20:03:25.523+00:00,concluido,52.8,autorizado,3586,23260747735810000150650020000035861907013853
528eb58d-2d43-4445-99c0-48def95906d1,2026-07-12T20:04:01.224+00:00,cancelado,27,pendente,,
603d3763-1df8-4591-989c-05e5423febd9,2026-07-25T14:12:35.799+00:00,cancelado,170,pendente,,
c1e70765-4ebf-4c4e-84ab-6b4f3bb97053,2026-07-25T14:25:13.883+00:00,concluido,155.1,autorizado,4193,23260747735810000150650020000041931669172922
a53d3567-580e-4c00-8b37-ef8270ede944,2026-07-08T19:36:25.168+00:00,cancelado,18,pendente,,
6058d3ce-583b-4583-9fee-51bfec76bb1a,2026-07-07T18:28:50.178+00:00,concluido,335.5,autorizado,3339,23260747735810000150650020000033391155399140
0d292aad-bc83-4a27-ba51-8b4b53ed2a4d,2026-07-07T18:31:02.979+00:00,cancelado,10,pendente,,
86fa945c-291a-4afb-bba9-7826c3c2ca41,2026-07-25T14:32:37.587+00:00,concluido,66,autorizado,4194,23260747735810000150650020000041941760180336
2c43d894-9e9e-4d45-8728-4beffe73edae,2026-07-07T18:31:42.832+00:00,concluido,128.7,autorizado,3340,23260747735810000150650020000033401418984406
ea0f20d2-b89d-469e-a638-87e629508125,2026-07-07T18:32:50.522+00:00,cancelado,10,pendente,,
5e933a60-f9a0-44f6-aa36-8e64a8ac013f,2026-07-07T18:33:15.187+00:00,concluido,100,pendente,,
be3ead2d-1299-4a72-ae52-bd04f2ecbefc,2026-07-30T19:28:03.64+00:00,concluido,214.5,autorizado,4507,23260747735810000150650020000045071680177688
7ed53ba3-fa54-428e-b5d7-8e459a510f2b,2026-07-07T18:35:26.855+00:00,cancelado,296.78,rejeitado,3341,23260747735810000150650020000033411423555191
47d8541a-a83d-4e1f-b751-9102fb4e5d81,2026-07-07T18:35:55.035+00:00,cancelado,10,pendente,,
f9ba2350-7038-494b-bf74-82a30d5731d9,2026-07-25T15:09:19.113+00:00,concluido,176,autorizado,4195,23260747735810000150650020000041951315366248
79f79ccd-38dc-45aa-8340-1f87d79c089a,2026-07-25T15:27:39.84+00:00,concluido,378.28999999999996,autorizado,4196,23260747735810000150650020000041961861089690
21d4701a-aa46-409b-b543-b25dfea08b00,2026-07-14T19:00:39.969+00:00,concluido,192,autorizado,3828,23260747735810000150650020000038281204399238
de8d15bb-7c1e-4779-8843-2c27223b13f0,2026-07-25T15:41:14.073+00:00,cancelado,10,pendente,,
c2700279-7ba1-45f4-92bb-2eee9e485d41,2026-07-28T20:23:16.597+00:00,cancelado,0,pendente,,
034b96e9-376d-429d-92fe-fb36eea06117,2026-07-28T20:24:54.413+00:00,cancelado,0,pendente,,
85315674-817e-426b-b518-1136554fd9eb,2026-07-30T20:03:14.797+00:00,concluido,563.2,autorizado,4515,23260747735810000150650020000045151901278432
3e550ae5-418c-44eb-912e-5f90dc0211c5,2026-07-07T19:36:14.096+00:00,concluido,379.5,autorizado,3388,23260747735810000150650020000033881626820414
16272fd9-0fce-482e-b264-927f76255a3a,2026-07-25T15:30:29.045+00:00,concluido,115.5,autorizado,4197,23260747735810000150650020000041971347452098
249016cd-f2c5-4205-bb5c-905fbfeb8799,2026-07-25T15:42:49.372+00:00,concluido,20,autorizado,4198,23260747735810000150650020000041981618080105
6c0869e3-06d2-43ab-be81-c26f50621ee3,2026-07-25T15:45:40.429+00:00,cancelado,10,pendente,,
4363bba3-4c9e-49b9-bf41-b3a168e0cd28,2026-07-25T15:57:53.053+00:00,cancelado,70,pendente,,
63f5fc7f-5554-4319-a282-e52f6a1acd74,2026-07-25T15:58:08.773+00:00,cancelado,72,pendente,,
a7b91881-2034-4f2b-a628-66b2d242c518,2026-07-25T16:02:51.782+00:00,cancelado,26,pendente,,
68e552ba-c648-4b8c-8d8c-2a29306890fe,2026-07-29T17:44:58.008+00:00,concluido,230,autorizado,4420,23260747735810000150650020000044201849133003
b7b5f9e4-7403-41b8-9702-f84dd8b834d6,2026-07-25T15:50:53.918+00:00,cancelado,150,pendente,,
7386ddee-fece-425c-90c8-cd4f336347a5,2026-07-25T15:58:01.084+00:00,cancelado,220,pendente,,
a137db09-b195-4d12-95ec-f42b5dcec8cc,2026-07-25T16:00:12.079+00:00,cancelado,10,pendente,,
b7928689-5baf-4fa6-a76e-bd7318dc7dc4,2026-07-07T19:39:02.163+00:00,concluido,397.1,autorizado,3389,23260747735810000150650020000033891224726925
740a1108-bc01-4bc5-bf82-9951e339dd53,2026-07-07T19:39:59.008+00:00,concluido,221.1,autorizado,3390,23260747735810000150650020000033901623452200
ebabf71b-df33-486b-b64a-c8b5c3116569,2026-07-25T16:14:09.828+00:00,concluido,28.49,autorizado,4201,23260747735810000150650020000042011200135030
30c6ff61-79ff-4597-89f2-0039ba528df4,2026-07-07T19:46:34.41+00:00,concluido,159.5,autorizado,3392,23260747735810000150650020000033921460104954
1c848f91-72ca-4ab9-b09b-a1b723e79e84,2026-07-07T18:40:18.633+00:00,concluido,355.3,autorizado,3346,23260747735810000150650020000033461145203710
7de0c00f-a7f9-4de4-908d-4986230a3831,2026-07-25T16:01:26.341+00:00,concluido,100.87,autorizado,4199,23260747735810000150650020000041991823161186
4b640a70-915c-4e89-93c9-b3b33283520a,2026-07-07T18:37:33.898+00:00,cancelado,348.7,rejeitado,3342,23260747735810000150650020000033421862623784
de00b34c-435a-421a-9d65-1de8117391e9,2026-07-07T18:38:16.306+00:00,concluido,418.88,autorizado,3343,23260747735810000150650020000033431441772420
d74b892f-f780-4c01-88e7-0eddfdb690b8,2026-07-07T18:38:59.444+00:00,concluido,267.3,autorizado,3345,23260747735810000150650020000033451361598550
a66c104d-11e3-4dd3-b321-7f153d6bec56,2026-07-25T16:12:59.558+00:00,concluido,229.68,autorizado,4200,23260747735810000150650020000042001871630070
3ca02c96-e5d5-4f6f-b93e-7804cf2f4000,2026-07-25T16:17:21.226+00:00,concluido,256.3,autorizado,4202,23260747735810000150650020000042021668205631
01d8bdec-a3cb-4c1a-903b-d49edfe46a6e,2026-07-07T18:43:44.077+00:00,concluido,416.9,autorizado,3350,23260747735810000150650020000033501110608244
48153949-7209-4140-bc9f-5c1eedfb43b9,2026-07-07T20:33:50.542+00:00,concluido,0,pendente,,
c1000c93-29e6-41ee-9fef-39f54e177efc,2026-07-08T19:37:57.49+00:00,concluido,20.9,autorizado,3436,23260747735810000150650020000034361393641309
47986cb2-6e5a-437f-8372-e56d25172908,2026-07-08T20:37:38.225+00:00,concluido,162.9,pendente,,
770e6717-fb28-4b97-8802-f980b270d482,2026-07-29T18:06:57.828+00:00,cancelado,7,pendente,,
e10a71ff-2882-4bc6-aece-65f3739cb0a1,2026-07-08T20:37:58.245+00:00,cancelado,0,pendente,,
51c1f5b9-cd0a-4ae4-8169-f220093fb5fe,2026-07-29T19:04:51.187+00:00,concluido,243.15,autorizado,4443,23260747735810000150650020000044431871298545
b694de80-40ec-4733-ba85-959490bebd91,2026-07-25T16:17:59.185+00:00,concluido,74.8,autorizado,4203,23260747735810000150650020000042031536471765
5f4000e3-8641-4213-b2a0-a1ce3a3a9e7a,2026-07-29T17:52:51.784+00:00,concluido,180,autorizado,4421,23260747735810000150650020000044211203514035
53adb7b4-5094-45d8-8587-3b2aa2752cb4,2026-07-07T20:44:46.669+00:00,cancelado,0,pendente,,
013d5231-b102-4755-8ab3-4ae81d8f3e7f,2026-07-07T20:45:00.135+00:00,cancelado,0,pendente,,
6c04be55-6f3f-447a-b7e4-875b0b1cea30,2026-07-12T20:26:19.879+00:00,concluido,253,pendente,,
67c7a926-c54c-4cf4-bdda-2592303094a3,2026-07-12T20:28:27.196+00:00,concluido,56.1,pendente,,
ffa672d2-5112-445e-95e0-a22fb8a226cc,2026-07-25T16:17:46.345+00:00,concluido,106.7,autorizado,4204,23260747735810000150650020000042041768120390
11972d18-b1af-44d7-a4c8-a31ac37645c7,2026-07-25T16:21:44.067+00:00,concluido,166.1,pendente,,
f998fd14-1f72-4b1a-8362-f198e2a010b2,2026-07-25T16:23:50.076+00:00,concluido,194.7,pendente,,
61e0ddaf-f1ec-46bc-9259-2e9e7260c5ae,2026-07-07T18:41:37.282+00:00,concluido,235.4,autorizado,3347,23260747735810000150650020000033471584637819
6d471cae-0778-4e5c-8d78-85bb235929ce,2026-07-25T16:27:34.933+00:00,concluido,187,autorizado,4205,23260747735810000150650020000042051229922667
8fb999dd-7c06-4461-b27c-3d535798a141,2026-07-07T19:47:49.168+00:00,concluido,236.5,autorizado,3393,23260747735810000150650020000033931701240866
d75b3558-44e4-4b34-8241-b82265773574,2026-07-25T16:45:22.261+00:00,cancelado,10,pendente,,
1e59db1f-3cfe-40a7-9970-2c3658ee99ee,2026-07-25T16:46:53.519+00:00,cancelado,10,pendente,,
f8549bc2-ea2d-480b-b633-21c769c6b32a,2026-07-25T16:47:51.978+00:00,concluido,411.4,pendente,,
3c36d469-0649-4761-8135-27b9a35050e7,2026-07-25T16:52:09.915+00:00,cancelado,10,pendente,,
05139630-4e5e-4d67-8405-7d054e31fc24,2026-07-25T16:52:30.816+00:00,cancelado,10,pendente,,
6e4adc56-e1ad-4bc0-a231-8db966b4fecd,2026-07-25T16:30:28.583+00:00,concluido,73.59,autorizado,4206,23260747735810000150650020000042061440084878
e65cadee-d2b4-4f20-a21d-16d4465c56f1,2026-07-07T18:45:04.988+00:00,concluido,372.9,autorizado,3351,23260747735810000150650020000033511444942417
607b84f8-a1f5-4091-bd78-f445ac6c5ff3,2026-07-25T16:39:36.206+00:00,cancelado,10,pendente,,
21847d9b-f872-4d2f-8167-23ff54ce297f,2026-07-25T16:40:26.378+00:00,concluido,13.09,autorizado,4208,23260747735810000150650020000042081838877477
1565a603-dd54-4501-9557-fc5c76c0ac40,2026-07-07T20:44:46.32+00:00,cancelado,289.5,pendente,,
beeda3e2-c2d9-4626-b8b0-1af71b11b7bf,2026-07-07T20:54:05.256+00:00,cancelado,5,pendente,,
250e1141-bf64-4bf7-b679-4fdc569ea6dc,2026-07-07T20:54:14.619+00:00,cancelado,30,pendente,,
59bed47f-1555-41c8-911c-ccbfc8aa3b2c,2026-07-07T21:08:06.09+00:00,cancelado,14,pendente,,
9a41d8c4-5aa5-4e96-8ba8-eb77096d21b0,2026-07-07T21:09:39.138+00:00,concluido,0,pendente,,
132c9468-4b37-457d-8083-afece04fc387,2026-07-25T16:37:44.411+00:00,concluido,227.70000000000002,autorizado,4207,23260747735810000150650020000042071755126450
46aaf4be-36ac-4cf7-8c6b-1208b4c055ce,2026-07-07T19:01:34.242+00:00,concluido,160.6,autorizado,3364,23260747735810000150650020000033641982326652
dbf60724-c811-4fcb-9e82-0c9325bbf3b5,2026-07-25T16:48:16.087+00:00,cancelado,10,pendente,,
cb689ab9-6a15-40a1-89a2-f9546321edf1,2026-07-07T19:04:33.953+00:00,concluido,313.5,autorizado,3366,23260747735810000150650020000033661820193740
5fe52a6d-ab9a-4c9a-baaa-da41907c9561,2026-07-07T20:54:44.992+00:00,concluido,254,pendente,,
ff356c2a-fdd4-4309-aa54-50f5a5df3b17,2026-07-07T21:07:42.684+00:00,cancelado,7,pendente,,
8fd290da-0833-4d1a-b6b3-b1f6b504689d,2026-07-07T21:09:48.888+00:00,cancelado,0,pendente,,
73b733bd-71ef-4af9-bf4d-ff21fbf04669,2026-07-08T13:38:15.965+00:00,cancelado,30,pendente,,
2979ef03-ba38-40fa-a2b7-855533e2a4a5,2026-07-25T16:47:38.374+00:00,concluido,192.17,autorizado,4209,23260747735810000150650020000042091632016031
80e5ff51-178e-46ec-bfb9-c74e22c7662c,2026-07-08T18:05:39.609+00:00,concluido,75.9,autorizado,3404,23260747735810000150650020000034041370260402
0c4d9544-a9c6-40aa-a6c0-044bbe3f864c,2026-07-25T16:49:48.402+00:00,concluido,194.7,autorizado,4210,23260747735810000150650020000042101386771291
e16f81a6-1c35-4b76-bd1e-e9c38f47ccab,2026-07-07T18:42:25.252+00:00,concluido,173.8,autorizado,3348,23260747735810000150650020000033481807948603
7ca75d36-8267-461a-bf1d-ae9775e3d4aa,2026-07-25T16:51:49.703+00:00,cancelado,10,pendente,,
f25b94ca-9376-41eb-865b-cb381d7375e1,2026-07-07T19:06:14.866+00:00,concluido,85.8,autorizado,3370,23260747735810000150650020000033701338280550
5ffb6fcb-4d67-44f7-95f9-bf4894e94da5,2026-07-07T19:06:58.142+00:00,concluido,177.1,autorizado,3371,23260747735810000150650020000033711428938500
343311c0-36bc-4f57-9e4e-f30264100751,2026-07-07T19:07:35.075+00:00,concluido,28.6,autorizado,3372,23260747735810000150650020000033721974411826
7143d39f-9fc8-4e71-819c-9ec6ec813eed,2026-07-07T19:08:05.324+00:00,concluido,430.1,autorizado,3374,23260747735810000150650020000033741600693347
4e9d2f7f-34bf-459e-b4ac-8d0d1765468e,2026-07-07T19:08:43.233+00:00,concluido,348.7,rejeitado,3375,23260747735810000150650020000033751225872636
80bce93f-18c1-4cfd-911a-a9fecc31f5c2,2026-07-07T19:09:28.044+00:00,concluido,296.78,rejeitado,3376,23260747735810000150650020000033761288224515
b7d03fcd-f51a-495b-b281-6346d2e5a5fe,2026-07-07T20:03:34.738+00:00,concluido,545.6,autorizado,3394,23260747735810000150650020000033941145064199
459b6bc2-2393-4647-b880-c34b216e1217,2026-07-07T19:13:37.672+00:00,concluido,64.9,autorizado,3378,23260747735810000150650020000033781968090448
536b0a59-02ed-4767-9725-0f95a2af9749,2026-07-07T19:18:31.248+00:00,concluido,152.9,autorizado,3380,23260747735810000150650020000033801791156845
754fe52c-c71a-48e7-a285-ba22c46a9d2f,2026-07-11T17:57:56.012+00:00,concluido,98.78,autorizado,3478,23260747735810000150650020000034781637115465
2bf0223c-83c6-4cb3-b42f-b67334655c12,2026-07-11T18:07:17.143+00:00,concluido,293.7,autorizado,3481,23260747735810000150650020000034811609231800
c8f1e3b8-b1cd-4cdd-9fd1-e03af4a01f99,2026-07-11T18:13:04.234+00:00,cancelado,20,pendente,,
6ef73f97-25a5-479c-a4de-eb915584968f,2026-07-07T19:24:45.549+00:00,concluido,350.9,rejeitado,3384,23260747735810000150650020000033841623948259
0a971be0-8624-4f11-b2d6-8f2fa8ff110b,2026-07-25T16:54:40.661+00:00,concluido,251.9,autorizado,4211,23260747735810000150650020000042111858910688
f7bb546c-d13d-4ec7-a841-f4d0a7bcd049,2026-07-07T19:27:11.103+00:00,concluido,199.1,autorizado,3385,23260747735810000150650020000033851934169259
7a5a7915-b39f-4c89-98eb-ff02ae219245,2026-07-25T16:56:52.533+00:00,concluido,206.8,autorizado,4213,23260747735810000150650020000042131746934300
38517540-a7b2-4eee-a3f2-43592cec41d1,2026-07-07T19:32:13.724+00:00,concluido,246.4,autorizado,3387,23260747735810000150650020000033871586918497
35e41271-b574-40c8-9d0a-f3ed13409039,2026-07-07T19:44:07.329+00:00,concluido,410.19,autorizado,3391,23260747735810000150650020000033911807042591
308d4d2e-1512-40a1-bdf4-e218cbad5108,2026-07-25T16:55:41.484+00:00,concluido,278.3,autorizado,4212,23260747735810000150650020000042121683464487
5282bb96-9b77-4eb0-9dac-2bb85f48ae00,2026-07-25T16:56:46.793+00:00,cancelado,10,pendente,,
dd616c0f-e04d-4b3e-a395-85dcf085445c,2026-07-25T16:58:30.285+00:00,cancelado,10,pendente,,
7e8ed24a-7a1f-4a92-b2b9-25f0367035ef,2026-07-25T17:05:04.544+00:00,cancelado,13,pendente,,
e93be24e-fda8-49c5-ba61-7b6fcaa30def,2026-07-29T17:53:25.096+00:00,concluido,204.6,autorizado,4422,23260747735810000150650020000044221769908380
84b20ed7-91a1-426d-a336-affd62bfa4ef,2026-07-07T20:09:57.993+00:00,concluido,155.1,autorizado,3395,23260747735810000150650020000033951189163025
fd5e1fcc-1336-479a-834d-45933d7533d9,2026-07-25T16:58:17.331+00:00,concluido,170.5,autorizado,4214,23260747735810000150650020000042141997959254
c701ee5b-bce4-42b7-9629-03da0d6a44ab,2026-07-25T16:58:50.333+00:00,concluido,36.3,autorizado,4215,23260747735810000150650020000042151976296113
017f7ee6-5167-4074-bfdf-84ae645f88e8,2026-07-07T20:20:18.896+00:00,concluido,93.39,autorizado,3400,23260747735810000150650020000034001723168617
728e50ef-b405-4aa6-8318-be6a1b891b4f,2026-07-07T20:23:22.936+00:00,concluido,355.08,autorizado,3401,23260747735810000150650020000034011805642484
f6a0e450-0eff-4d04-acbe-2cddb26ac541,2026-07-07T20:39:58.988+00:00,cancelado,0,pendente,,
22291c10-b91a-4914-b267-dd1bd76c3809,2026-07-07T20:34:43.113+00:00,concluido,251,autorizado,3402,23260747735810000150650020000034021366349661
4570594b-e32f-4446-8b68-5122b774d51d,2026-07-07T20:39:38.841+00:00,cancelado,0,pendente,,
99ff2e60-589e-42da-9a27-decc4213600b,2026-07-07T20:39:45.257+00:00,cancelado,0,pendente,,
7b29f1a3-59e1-441e-b29d-e820e4c05804,2026-07-07T20:39:52.468+00:00,cancelado,0,pendente,,
d081186e-b959-4e96-b59e-285b159a3acb,2026-07-07T20:43:20.263+00:00,cancelado,103.5,pendente,,
51d0449e-b5ad-4ada-9cb5-159d624a1cde,2026-07-07T20:42:58.744+00:00,cancelado,0,pendente,,
c3902cad-3084-4655-852d-dc7466342e2e,2026-07-25T17:00:02.899+00:00,concluido,259.6,autorizado,4216,23260747735810000150650020000042161344765335
b648a27b-c394-4094-bdc5-e07250227553,2026-07-25T17:12:54.68+00:00,cancelado,65,pendente,,
f906c4de-55d5-4e5c-882e-b3b3647ee156,2026-07-25T17:13:11.902+00:00,cancelado,10,pendente,,
08355421-f816-437a-a2ef-eae025edcd54,2026-07-29T19:20:56.841+00:00,concluido,170.5,autorizado,4447,23260747735810000150650020000044471105068819
20a72958-b57a-48b3-bd80-12734d0d0a2d,2026-07-07T20:47:58.637+00:00,concluido,110,autorizado,3403,23260747735810000150650020000034031866091040
3c17c59e-5032-42ba-aef9-4daf0c8c844f,2026-07-25T17:06:18.129+00:00,concluido,176,autorizado,4217,23260747735810000150650020000042171539643341
95dc6414-8418-4a50-8345-b7f76affe909,2026-07-25T17:14:56.576+00:00,concluido,124.3,autorizado,4218,23260747735810000150650020000042181555000040
af0e7607-4760-462b-8366-e3e00132f2a9,2026-07-08T18:19:25.053+00:00,concluido,162.8,autorizado,3406,23260747735810000150650020000034061953178146
f3e4068e-4101-43d5-a8a1-9ef83313c0f5,2026-07-08T18:27:18.812+00:00,concluido,275.77,autorizado,3407,23260747735810000150650020000034071660716389
29e8a9e2-fabb-4c0b-8c73-f2ccac1da019,2026-07-25T17:15:35.33+00:00,concluido,243.1,autorizado,4219,23260747735810000150650020000042191690920701
9e63d739-243c-4c51-b51f-b870cfb070e7,2026-07-08T18:32:14.386+00:00,concluido,190.3,autorizado,3409,23260747735810000150650020000034091535767350
0f4b649f-72c3-4445-b126-e7fae412f981,2026-07-08T18:33:09.279+00:00,concluido,22,autorizado,3410,23260747735810000150650020000034101458009877
e728d6eb-09c4-4509-af42-d634095f35c0,2026-07-25T17:16:59.112+00:00,concluido,685.3,autorizado,4220,23260747735810000150650020000042201518418425
bbe05eb5-9547-419e-af48-5236c4f49594,2026-07-25T17:17:53.267+00:00,cancelado,150,pendente,,
59705fbd-b2bc-4104-b8f7-f1ef7ff9c0ba,2026-07-25T17:17:37.112+00:00,cancelado,170,pendente,,
f4cb78cf-db1f-454e-9378-df66e56efc16,2026-07-08T18:34:27.603+00:00,concluido,140.8,autorizado,3411,23260747735810000150650020000034111480575780
80ae9a62-d23e-4a14-a971-2d02bbe4f801,2026-07-08T18:40:05.866+00:00,concluido,145.09,autorizado,3413,23260747735810000150650020000034131871049398
752aa698-5277-4b34-8408-5dcd87644a12,2026-07-08T18:40:51.132+00:00,concluido,157.3,autorizado,3414,23260747735810000150650020000034141957528259
07ee4f90-b7f2-4196-8d1a-52588d72d17c,2026-07-08T18:44:50.035+00:00,concluido,171.6,autorizado,3417,23260747735810000150650020000034171890554654
c193e136-3987-40c1-a5fd-4bc3da92646c,2026-07-08T18:50:53.468+00:00,concluido,188.1,autorizado,3420,23260747735810000150650020000034201462536688
e5bb391e-e371-469b-9d54-415cfde0baf7,2026-07-08T18:52:09.263+00:00,concluido,189.2,autorizado,3422,23260747735810000150650020000034221529354947
42044352-642f-4828-94a9-96c33a58c159,2026-07-08T18:57:10.087+00:00,concluido,360.8,autorizado,3427,23260747735810000150650020000034271950002217
19d6351e-6e90-4b45-9ede-d72560e5d8f0,2026-07-08T18:51:59.61+00:00,concluido,216.7,autorizado,3421,23260747735810000150650020000034211276614132
fbc76031-de1a-4b44-9050-e6d6a5162dd4,2026-07-08T18:52:39.467+00:00,concluido,338.8,autorizado,3423,23260747735810000150650020000034231844873758
e160bbc3-913c-4217-8b77-30fcc8c360ac,2026-07-08T18:53:18.783+00:00,concluido,106.7,autorizado,3424,23260747735810000150650020000034241204923157
9937c777-4324-43bc-8555-20bb0fa7eef5,2026-07-11T18:05:51.595+00:00,concluido,220,autorizado,3493,23260747735810000150650020000034931135663179
181cd0f7-1fa5-4b85-8e96-fcd98dca21bb,2026-07-08T18:56:10.373+00:00,concluido,339.9,autorizado,3425,23260747735810000150650020000034251540931418
94c2da2e-5d26-435a-a1e1-f3bae318cd59,2026-07-25T17:18:23.873+00:00,concluido,257.4,autorizado,4221,23260747735810000150650020000042211310608970
45235e0a-573c-4d4c-98a4-7c43a3872b26,2026-07-08T18:56:29.74+00:00,concluido,828.6,autorizado,3426,23260747735810000150650020000034261486688503
7f7f831e-333b-4ef2-bea6-458afa96c049,2026-07-25T17:30:17.25+00:00,cancelado,10,pendente,,
fe013642-debb-4b9f-9d2f-201ac97634e7,2026-07-25T17:32:33.384+00:00,cancelado,10,pendente,,
45e63290-286d-4bd6-920f-58aab83b0324,2026-07-08T18:58:16.444+00:00,concluido,72,autorizado,3428,23260747735810000150650020000034281350411555
605c3432-eae3-4207-bd20-b04d174e3477,2026-07-08T18:58:55.798+00:00,concluido,313.5,autorizado,3429,23260747735810000150650020000034291586199441
35e140e6-9f1a-4918-8e44-c782a14c30b5,2026-07-11T18:27:42.76+00:00,concluido,117.7,autorizado,3499,23260747735810000150650020000034991751907316
f6be0806-2a5b-4932-bbd0-546e16c4d8aa,2026-07-11T18:28:47.741+00:00,concluido,330,autorizado,3500,23260747735810000150650020000035001503805150
c8308da4-acc6-44ce-ab4f-84acc17bc181,2026-07-11T18:29:40.806+00:00,cancelado,7,pendente,,
b496f120-98cf-4eb9-b9ea-e4925dc8b5d4,2026-07-11T18:33:48.917+00:00,concluido,249.37,autorizado,3506,23260747735810000150650020000035061146492575
a21da9b1-098a-4884-a71e-f215cc7b3806,2026-07-08T18:58:59.439+00:00,concluido,243.1,autorizado,3430,23260747735810000150650020000034301293088043
f5cb2628-f5fb-41f9-bca3-cfd4acb16fd1,2026-07-08T19:00:41.212+00:00,concluido,156,autorizado,3432,23260747735810000150650020000034321400181577
17ea92be-1266-411c-ac58-d1b2548ebce3,2026-07-25T17:25:16.225+00:00,concluido,189.09,autorizado,4222,23260747735810000150650020000042221116284496
3ad38ae1-df6e-41ae-968f-9b1d800cc4c1,2026-07-08T18:59:45.553+00:00,concluido,137.5,autorizado,3431,23260747735810000150650020000034311491709149
43ca4520-2b7b-44a8-9e61-2e603ae7580b,2026-07-08T18:38:53.577+00:00,concluido,464.2,autorizado,3433,23260747735810000150650020000034331220035820
c23cb701-e70f-4c91-abcf-843717132dc6,2026-07-08T19:26:25.123+00:00,concluido,121,autorizado,3435,23260747735810000150650020000034351183314533
34affdd3-fc91-4130-b257-33f971178340,2026-07-08T19:27:16.898+00:00,cancelado,0,pendente,,
73096cb5-c483-499e-be28-40102c6e2b7b,2026-07-08T19:27:31.344+00:00,cancelado,0,pendente,,
2674a039-786f-4046-9961-cd83e2f82504,2026-07-08T19:30:50.505+00:00,concluido,0,pendente,,
a36df9df-aa05-47b7-8af0-640a01b1d5d9,2026-07-11T19:03:55.424+00:00,cancelado,0,pendente,,
2813cb1b-b5b2-401a-8220-99625f8798ad,2026-07-08T19:25:44.842+00:00,concluido,336.6,autorizado,3434,23260747735810000150650020000034341674102296
4c471a8c-12ad-4109-b7b0-03c8f0e1f590,2026-07-08T19:26:08.719+00:00,concluido,220,pendente,,
b28bb9bd-6bda-4069-be42-3da6f227ea17,2026-07-08T19:27:51.604+00:00,cancelado,25,pendente,,
7ef99971-d25c-4e74-8be1-3213572497f9,2026-07-08T19:28:47.62+00:00,concluido,0,pendente,,
40080e8b-eb32-407d-9586-bc7c29fdd5f4,2026-07-25T17:28:32.505+00:00,concluido,333.3,autorizado,4223,23260747735810000150650020000042231340623212
9a5c5d37-2ccc-4743-895b-08cc768d3856,2026-07-25T17:29:51.164+00:00,concluido,213.4,pendente,,
839d3f8d-99c2-4499-90cd-2479c9cb5dc6,2026-07-25T17:38:45.901+00:00,concluido,246,autorizado,4228,23260747735810000150650020000042281189695198
83a837fb-20b6-48d9-b689-6c567c421373,2026-07-25T17:40:03.852+00:00,concluido,210.1,autorizado,4229,23260747735810000150650020000042291776952799
383b1e5a-68f0-4905-871a-d05f7c50eed9,2026-07-25T17:42:28.707+00:00,concluido,371.8,autorizado,4231,23260747735810000150650020000042311172881320
278eb329-aa55-491b-8f62-8dbda73a5871,2026-07-25T17:32:38.114+00:00,concluido,229.89999999999998,autorizado,4224,23260747735810000150650020000042241290529800
10f2e30c-bf44-4666-ba7e-8a014aee6a39,2026-07-25T17:41:09.426+00:00,concluido,324.5,autorizado,4230,23260747735810000150650020000042301974338141
edff59de-6e1c-4067-b59c-56b473640803,2026-07-25T17:32:56.351+00:00,concluido,225.5,autorizado,4225,23260747735810000150650020000042251532976886
4fce6902-f3a7-4704-839e-b3742a65f3bd,2026-07-25T17:34:23.083+00:00,concluido,237.49,autorizado,4226,23260747735810000150650020000042261423706150
17c69c09-16f6-481c-b6bd-5b45c38dfa20,2026-07-29T18:09:29.489+00:00,concluido,184.8,autorizado,4424,23260747735810000150650020000044241665334498
7da4361e-bfbf-4a4b-96cb-aba7addfec3a,2026-07-11T17:21:47.148+00:00,concluido,167.2,autorizado,3461,23260747735810000150650020000034611281632491
caf376a5-86f7-4b6e-ab80-bfe00a498dcb,2026-07-11T17:31:07.551+00:00,concluido,6.6,autorizado,3463,23260747735810000150650020000034631259258307
ee96155c-c1d4-40b1-8444-9267e7b2a092,2026-07-25T17:37:56.682+00:00,concluido,350.9,autorizado,4227,23260747735810000150650020000042271559978639
3a14c2f8-5b40-402d-bfa7-4a10d7c507ac,2026-07-25T17:39:26.432+00:00,cancelado,10,pendente,,
7d407fa6-bdd5-4b93-9a22-cb652d7fb19d,2026-07-28T19:31:35.895+00:00,concluido,247.5,autorizado,4393,23260747735810000150650020000043931332846143
ab053d2e-c06a-4a62-b81d-bc3ca28c51ca,2026-07-25T17:39:54.064+00:00,concluido,115.5,pendente,,
0046749c-5be0-44e5-87d9-2480c7d49c87,2026-07-28T19:28:20.186+00:00,concluido,210.10000610351562,autorizado,4391,23260747735810000150650020000043911630876496
f5f4d7c3-a150-4714-b709-d9f01899f462,2026-07-25T17:42:33.494+00:00,cancelado,10,pendente,,
85a437c3-f9ae-4ea5-9673-6c772c4a4ec0,2026-07-25T17:56:05.724+00:00,cancelado,10,pendente,,
c01cd568-e209-42ad-af64-fe248ac63be3,2026-07-11T13:51:57.345+00:00,concluido,19.8,autorizado,3437,23260747735810000150650020000034371456720330
f7fffd68-e444-4f0b-a875-78261a0b8136,2026-07-11T16:33:25.431+00:00,concluido,88,autorizado,3450,23260747735810000150650020000034501501334938
b1b4732e-c9f1-4241-80a7-11042ff1d5d1,2026-07-25T17:43:15.787+00:00,concluido,400.95,autorizado,4232,23260747735810000150650020000042321822297552
a48e36d3-6955-4139-8cbb-c7f90ca12515,2026-07-25T17:51:37.268+00:00,concluido,190.3,autorizado,4233,23260747735810000150650020000042331521664987
537ef411-5aac-4043-a13f-2668f6a4aa3d,2026-07-28T19:32:47.258+00:00,concluido,86.9,autorizado,4394,23260747735810000150650020000043941274136514
d3031fa6-ae3c-4b50-81f8-307d9b4a6343,2026-07-11T14:23:00.545+00:00,cancelado,27,pendente,,
c51dbf30-6028-4b21-b737-e9486d33659c,2026-07-11T15:22:28.142+00:00,cancelado,10,pendente,,
a5bd8d0d-3a6b-46fb-bf9c-96699a8a5006,2026-07-11T15:24:53.089+00:00,cancelado,10,pendente,,
13252331-a76a-4748-83df-e91e379e1d0a,2026-07-11T15:24:04.391+00:00,cancelado,12,pendente,,
3530383d-e1e4-463a-a2d7-d46f828fac5a,2026-07-11T15:27:39.465+00:00,cancelado,10,pendente,,
7a38be14-94bc-467b-be79-eacca0862181,2026-07-25T17:58:06.609+00:00,concluido,156.2,autorizado,4234,23260747735810000150650020000042341344346039
c938e5aa-ffbf-4601-ba88-5b2619ac441f,2026-07-25T17:59:23.25+00:00,concluido,287.1,autorizado,4236,23260747735810000150650020000042361942796210
d5aa3b4f-6fbb-4d3b-851c-cebdb9c92b55,2026-07-25T18:06:55.757+00:00,concluido,180,pendente,,
8c9ae02b-7335-47ff-bf69-6f2e02cae0c1,2026-07-25T18:14:15.674+00:00,cancelado,10,pendente,,
1a07b99f-7b17-4e37-a2e0-f17ec59e8969,2026-07-25T18:16:34.539+00:00,concluido,247.5,autorizado,4242,23260747735810000150650020000042421842739875
5e0ac8f2-b444-4062-b56d-fe8ef36a194a,2026-07-25T17:59:01.926+00:00,concluido,113.3,autorizado,4235,23260747735810000150650020000042351741946412
80c26839-4c20-41a9-a1e2-df50b2873c7d,2026-07-11T15:29:32.737+00:00,concluido,159.5,autorizado,3440,23260747735810000150650020000034401745557654
9600dfc0-039b-4ac2-ae87-38e51203bd59,2026-07-11T15:37:12.813+00:00,concluido,95.15,pendente,,
cf989090-1d83-4f70-87fa-80ef95d3c769,2026-07-11T15:50:33.188+00:00,cancelado,15,pendente,,
16f6d0c3-d41f-4e92-b872-27b0c186247d,2026-07-25T18:02:36.46+00:00,concluido,227.7,autorizado,4237,23260747735810000150650020000042371711693855
b2b6d55d-9d1a-427d-885f-c775a9f8b57e,2026-07-25T18:06:52.25+00:00,cancelado,5,pendente,,
3aafcecb-2a20-4d15-8538-d408763a92a5,2026-07-25T18:11:00.292+00:00,concluido,267.3,autorizado,4239,23260747735810000150650020000042391344663790
af33c813-0260-466f-9258-fa1ade6ed9ce,2026-07-25T18:14:22.212+00:00,concluido,326.7,autorizado,4240,23260747735810000150650020000042401819778075
bb57fe3e-cb92-4932-91d6-a38781ce8f64,2026-07-25T18:10:50.226+00:00,concluido,233.2,autorizado,4238,23260747735810000150650020000042381462049769
8ea4c386-6236-49a0-b026-b26e7f38d985,2026-07-25T18:12:32.552+00:00,concluido,82.5,pendente,,
066a8e43-a566-4477-88a7-52eaca9b0673,2026-07-25T18:15:26.378+00:00,concluido,210.1,autorizado,4241,23260747735810000150650020000042411531863640
ba3b9be9-3f65-489c-93a7-493d45d6b00b,2026-07-25T18:19:22.065+00:00,concluido,436.7,autorizado,4244,23260747735810000150650020000042441112623048
a36ff68d-f1b5-4233-bce4-5c49b1fa7899,2026-07-25T18:19:41.536+00:00,cancelado,30,pendente,,
c18712a0-4648-4f35-a9c5-2b0dd47bcaa6,2026-07-25T18:20:08.784+00:00,cancelado,10,pendente,,
522dd2e2-1ead-424c-b54d-e986771ad514,2026-07-25T18:23:32.777+00:00,cancelado,45,pendente,,
dd0fa6e9-1e59-4115-a51a-24366a3b0972,2026-07-25T18:23:43.077+00:00,cancelado,12,pendente,,
f9a0f74b-d9b2-4370-a898-4b9bca197515,2026-07-25T18:23:55.251+00:00,cancelado,28,pendente,,
c7215eaf-b0fa-4a99-a07f-d246435e8167,2026-07-25T18:25:59.037+00:00,cancelado,10,pendente,,
c002ca2b-90b4-4598-b9dc-b673e7c74428,2026-07-28T20:22:05.154+00:00,concluido,134,autorizado,4403,23260747735810000150650020000044031767510554
2fc8ae5c-e18c-42c7-b98d-8e2666d82a0d,2026-07-11T15:36:22.103+00:00,concluido,160.27,autorizado,3441,23260747735810000150650020000034411258162333
eaf80c12-b007-4380-97dc-ce6f3df16170,2026-07-11T15:38:39.502+00:00,cancelado,10,pendente,,
b02c2c2b-c657-487e-9b63-84ae5cdb536d,2026-07-11T15:51:28.649+00:00,cancelado,10,pendente,,
0367621d-1a5f-4f94-a26e-f12fa350c984,2026-07-25T18:21:17.95+00:00,concluido,605.77,autorizado,4245,23260747735810000150650020000042451737432350
eabb63f7-b33a-484c-b493-07d290205be8,2026-07-25T18:23:07.959+00:00,cancelado,10,pendente,,
4261cfbc-33f6-458d-9178-e4dd767c0a57,2026-07-25T18:24:55.927+00:00,cancelado,10,pendente,,
0d8471b2-673d-4f98-9a1b-5105837379cf,2026-07-28T20:23:24.345+00:00,cancelado,0,pendente,,
5879a340-35f2-4a0d-98e6-cc3626f44d60,2026-07-28T20:24:40.742+00:00,cancelado,0,pendente,,
84b6f8a5-a28d-477f-b162-4906cec19956,2026-07-25T18:18:11.639+00:00,concluido,646.8,autorizado,4243,23260747735810000150650020000042431572280597
6cb0042c-8b88-43aa-9ed0-2675019601d4,2026-07-25T18:21:40.205+00:00,concluido,213.4,pendente,,
795676c6-1a5a-4023-87ed-a708cd6455e6,2026-07-25T18:21:12.202+00:00,cancelado,10,pendente,,
b9b51b4e-3d6f-4e4b-9ae3-3bdff3c105cc,2026-07-25T18:21:41.875+00:00,cancelado,12,pendente,,
03b101c7-b1d6-4d46-a079-dd93ca46b5d1,2026-07-28T20:23:45.026+00:00,cancelado,0,pendente,,
80a90ac9-3621-4af6-a6bc-a893671c7180,2026-07-11T16:17:23.725+00:00,concluido,127.6,autorizado,3447,23260747735810000150650020000034471686397413
f583e99d-2e5e-47c8-9ac0-f4dd19ff831c,2026-07-11T16:24:54.861+00:00,concluido,194.7,autorizado,3448,23260747735810000150650020000034481691949752
5eded98a-13ae-4422-8d39-38f784642a6e,2026-07-25T18:22:33.892+00:00,concluido,235.4,autorizado,4246,23260747735810000150650020000042461880913070
833edd1a-af6b-49e4-8aa2-70a5d1e5cd64,2026-07-25T18:25:17.371+00:00,concluido,69.19,autorizado,4247,23260747735810000150650020000042471231299319
cdcb4f0a-6eee-44c4-b1b4-567fa45023c5,2026-07-25T18:25:53.47+00:00,concluido,73.7,autorizado,4248,23260747735810000150650020000042481674774030
f86e6a3b-8a7f-484c-9341-bd8107ae8783,2026-07-25T18:26:26.235+00:00,concluido,159.5,autorizado,4249,23260747735810000150650020000042491964231931
e20d2b38-45cf-4dbc-8667-3141ea69a205,2026-07-25T18:27:18.246+00:00,concluido,459.8,autorizado,4250,23260747735810000150650020000042501103713606
c6d6fb04-92be-4cf8-88fd-a4f1c1c60339,2026-07-25T18:27:37.162+00:00,cancelado,10,pendente,,
5135e2c1-095b-407c-9ccb-d153c1399550,2026-07-25T18:27:27.64+00:00,concluido,168.3,autorizado,4251,23260747735810000150650020000042511744403537
d6f521ad-db04-4106-a362-adb6b5505997,2026-07-25T18:28:15.003+00:00,concluido,19.8,autorizado,4252,23260747735810000150650020000042521662543561
09015920-b27b-4461-9eb4-e5396b1b9e49,2026-07-28T18:08:27.718+00:00,concluido,281,autorizado,4341,23260747735810000150650020000043411974437963
ea6f5f75-6e5c-48e8-869e-48760d5f6988,2026-07-25T18:30:18.808+00:00,cancelado,10,pendente,,
c8c8a964-ad00-435f-af4f-58eabe6a062c,2026-07-25T18:32:40.745+00:00,concluido,170.5,autorizado,4253,23260747735810000150650020000042531176488663
1cfb13ed-e815-4383-908d-03bbe753b8d8,2026-07-25T18:35:52.53+00:00,concluido,252.89,autorizado,4254,23260747735810000150650020000042541741883513
ccc8c29f-e9b6-4fd4-a4b9-9ca1e2870e5b,2026-07-25T18:35:47.266+00:00,cancelado,0,pendente,,
ccd0f1bf-2948-42eb-a8fc-17aa25ecad9d,2026-07-25T18:36:42.751+00:00,cancelado,5,pendente,,
012bff5e-1f3e-42ff-b23f-6916508f5708,2026-07-25T18:38:16.016+00:00,cancelado,10,pendente,,
8981e5da-9f01-4a32-977e-c50eeb42e022,2026-07-25T18:39:30.925+00:00,concluido,299.2,autorizado,4256,23260747735810000150650020000042561111514319
8c30e371-0588-406e-8959-394a2e7f4418,2026-07-25T18:38:39.828+00:00,concluido,154,autorizado,4255,23260747735810000150650020000042551552235260
66180556-a736-4d2f-b238-9a21c223e938,2026-07-25T18:39:14.165+00:00,cancelado,10,pendente,,
691bf10a-9762-499c-9e25-5ebe41ea6b79,2026-07-25T18:40:35.51+00:00,concluido,85.8,autorizado,4260,23260747735810000150650020000042601178607893
00b85329-959b-4987-8106-63475c0d68ef,2026-07-28T18:17:23.925+00:00,concluido,32.89,autorizado,4349,23260747735810000150650020000043491551929763
fe0c107d-f637-41d8-90b9-c6277714388f,2026-07-11T15:39:43.95+00:00,concluido,14.3,autorizado,3442,23260747735810000150650020000034421132698460
19652a12-8138-4875-a842-e4625f85e294,2026-07-11T15:53:48.377+00:00,concluido,6.6,autorizado,3443,23260747735810000150650020000034431306063179
904b6812-0d74-4ed1-8dc8-bc0eb4197cf3,2026-07-12T21:34:32.605+00:00,concluido,108.9,autorizado,3686,23260747735810000150650020000036861631879261
202e7bad-d565-4fbc-80b4-cc2ba2a4dc33,2026-07-25T18:40:00.093+00:00,concluido,381.7,autorizado,4257,23260747735810000150650020000042571858548163
458758d9-6360-43ce-853e-8940a56decba,2026-07-28T18:12:33.64+00:00,concluido,276.98,autorizado,4344,23260747735810000150650020000043441935259466
ad38bb13-4982-4ba7-815d-c53265ff8c1c,2026-07-28T18:13:45.237+00:00,concluido,170,pendente,,
130f1a61-0d37-4df9-872a-20501594d9cc,2026-07-11T14:04:27.017+00:00,concluido,147.4,autorizado,3438,23260747735810000150650020000034381804999001
67428418-5fcb-4169-9a77-d620ae0b10f3,2026-07-25T18:39:53.459+00:00,concluido,207.79000000000002,autorizado,4258,23260747735810000150650020000042581667939890
d06e5d9e-c862-4b77-8e92-da56abfb8ad7,2026-07-25T18:23:34.932+00:00,concluido,174.9,autorizado,4259,23260747735810000150650020000042591166873193
25918a37-fa64-474d-8e97-f8a7b9b67be5,2026-07-11T14:56:42.886+00:00,concluido,214,autorizado,3439,23260747735810000150650020000034391170879447
3edd4a2c-a888-4d85-a59b-60ddb9c3094d,2026-07-25T18:41:38.563+00:00,concluido,232.1,autorizado,4261,23260747735810000150650020000042611883197290
f22698d3-b04c-4fb2-974e-69da0ceec1b4,2026-07-25T18:43:47.579+00:00,concluido,203.5,autorizado,4263,23260747735810000150650020000042631211000141
5c375908-db29-4c99-baf2-9aa808becd76,2026-07-25T18:52:50.136+00:00,concluido,301.18,autorizado,4269,23260747735810000150650020000042691378084326
b8bd3f59-ce8c-4712-a387-e0408ffeb46d,2026-07-11T16:00:34.2+00:00,concluido,187,autorizado,3444,23260747735810000150650020000034441212860218
8aa97e81-0e57-43b9-8412-a6f3be6c0208,2026-07-11T16:07:35.754+00:00,concluido,289.3,autorizado,3445,23260747735810000150650020000034451681929935
917eb862-9ecb-4aa4-a34e-f73eb610cf90,2026-07-11T16:09:42.912+00:00,cancelado,10,pendente,,
345e2594-d0f6-432a-8f04-c6c3a2d7a917,2026-07-11T16:10:47.19+00:00,concluido,200,pendente,,
29c20950-f76c-4b3c-bf56-239bdad1da1a,2026-07-11T16:15:36.192+00:00,cancelado,10,pendente,,
dc663fc9-941d-47b7-9355-6e2bac68ef16,2026-07-12T21:35:08.932+00:00,concluido,30,pendente,,
0ac44a78-00b2-4968-ae79-b14d866563dd,2026-07-12T22:01:49.316+00:00,concluido,280.5,autorizado,3713,23260747735810000150650020000037131918380580
2747d64b-3c7c-451b-8f3a-bf32ac8efdbf,2026-07-11T16:11:56.308+00:00,concluido,266.09,autorizado,3446,23260747735810000150650020000034461906566416
ee7d73c1-f0ce-4c54-9b76-191096822dfb,2026-07-25T18:42:51.755+00:00,concluido,621.72,autorizado,4262,23260747735810000150650020000042621673085973
41febc20-d243-444f-8de1-6f2407f25b50,2026-07-25T18:44:35.191+00:00,cancelado,10,pendente,,
dd3d1261-a41b-47f6-b6db-fc64e8a0dce4,2026-07-11T16:26:56.165+00:00,concluido,158.4,autorizado,3449,23260747735810000150650020000034491442298160
4bc75d46-04fd-451b-aecd-698ffc3649d3,2026-07-25T18:44:45.789+00:00,concluido,168.3,autorizado,4264,23260747735810000150650020000042641141221010
3c9697b8-5c85-4126-951b-f56caac510c9,2026-07-25T18:47:01.357+00:00,concluido,33,autorizado,4267,23260747735810000150650020000042671956943136
422e65c1-21e9-4f4f-9c56-06c62c7c6dfc,2026-07-25T18:46:11.028+00:00,concluido,165,autorizado,4265,23260747735810000150650020000042651683474516
154ec348-b9d8-4ebd-8721-1b21fc4f343a,2026-07-11T16:47:55.254+00:00,concluido,277.2,autorizado,3452,23260747735810000150650020000034521645618806
71756139-1404-4123-a6f4-d6d79c0977da,2026-07-12T22:04:02.27+00:00,concluido,143,autorizado,3716,23260747735810000150650020000037161294983710
08da4a61-f531-4073-a497-eaf0dbf851cc,2026-07-12T22:04:35.873+00:00,concluido,75,autorizado,3717,23260747735810000150650020000037171676812148
b5f99cb2-3975-49e1-9d64-e66744b3e9cc,2026-07-12T22:06:39.935+00:00,concluido,147.4,autorizado,3720,23260747735810000150650020000037201643360405
2bea1a1d-3120-4075-b27a-e7c4e15cb257,2026-07-11T16:50:06.361+00:00,concluido,712.8,autorizado,3453,23260747735810000150650020000034531857783972
fe99850f-922c-476e-8801-efee717f51ac,2026-07-11T16:52:00.356+00:00,cancelado,10,pendente,,
1cc358c6-a04e-46e8-9d1d-cae3e9756c10,2026-07-11T17:03:28.259+00:00,cancelado,45,pendente,,
701ed191-638b-4cae-9492-e1a144fd56bd,2026-07-25T18:46:03.741+00:00,concluido,167.09,autorizado,4266,23260747735810000150650020000042661735451691
91f23c6f-d765-4f3b-9381-fd897a30be54,2026-07-11T17:04:54.127+00:00,concluido,162.8,autorizado,3458,23260747735810000150650020000034581113657185
11e6e57c-8a3e-43e6-8c8b-d0c1bb836b52,2026-07-25T18:46:45.815+00:00,cancelado,27,pendente,,
10e50180-891b-4148-bd88-e51776bbaee2,2026-07-25T18:46:56.335+00:00,cancelado,7,pendente,,
51f74486-9990-42bd-84f2-bdfdfd946a1b,2026-07-25T18:49:11.732+00:00,concluido,234.08,autorizado,4268,23260747735810000150650020000042681547998888
82c8e99e-817f-467a-9757-cc1252a309be,2026-07-11T16:52:31.98+00:00,concluido,155.1,autorizado,3454,23260747735810000150650020000034541170564663
55453bf1-94a3-4d38-8218-222c1e1ec368,2026-07-11T16:56:24.168+00:00,concluido,290.01,autorizado,3455,23260747735810000150650020000034551514053548
e9cdc085-5989-4123-a5c5-62e245758e86,2026-07-11T17:03:35.899+00:00,cancelado,30,pendente,,
ba9ef38a-041d-41a9-811b-9fece6d17446,2026-07-25T18:55:04.291+00:00,cancelado,10,pendente,,
803f381e-db87-41ae-b59a-74a324b772b2,2026-07-11T17:02:27.935+00:00,concluido,327.8,autorizado,3457,23260747735810000150650020000034571530412713
c59df3a6-af32-4834-8bc1-49e5114ec44d,2026-07-11T17:28:10.742+00:00,concluido,229.9,autorizado,3462,23260747735810000150650020000034621632776951
b7297d08-81f7-42c1-b4e3-d102c42afe77,2026-07-25T18:54:22.021+00:00,concluido,90.2,autorizado,4270,23260747735810000150650020000042701750050891
2f9a5287-e636-456c-997c-b98448396d04,2026-07-11T17:33:13.854+00:00,concluido,242,autorizado,3464,23260747735810000150650020000034641512191586
33dc971f-c993-4350-92d6-3203cb89b89b,2026-07-11T17:34:02.264+00:00,concluido,325,autorizado,3465,23260747735810000150650020000034651835561331
0ab26142-061f-4bd9-b835-86de7be4fabd,2026-07-11T17:42:27.734+00:00,cancelado,0,pendente,,
a1f4fc09-ba60-44aa-b669-4f995deacabe,2026-07-11T17:46:45.062+00:00,concluido,264,autorizado,3470,23260747735810000150650020000034701781989860
31aff4d2-99cd-42bf-875c-13d1f7276c53,2026-07-11T17:34:30.127+00:00,concluido,214.5,autorizado,3466,23260747735810000150650020000034661129678170
a12b8e6a-62f0-4d22-a888-544fb9af346d,2026-07-25T18:55:03.113+00:00,cancelado,10,pendente,,
72496974-407c-4de9-9af0-f9c87ea7ea98,2026-07-11T17:37:54.04+00:00,concluido,123.2,autorizado,3467,23260747735810000150650020000034671211836393
d0ff0dca-eebd-4aef-8053-b0957172309d,2026-07-11T17:38:28.871+00:00,concluido,224.4,autorizado,3468,23260747735810000150650020000034681609683490
6ecab904-7cb2-490c-82c8-f821e49c2b21,2026-07-25T18:57:08.524+00:00,concluido,158.4,autorizado,4271,23260747735810000150650020000042711851229142
ac9b157a-de55-4fd5-93ad-9940747d7c3c,2026-07-11T17:43:53.523+00:00,cancelado,0,pendente,,
aaa779a8-40a9-4b7f-b360-8b20f3cb705d,2026-07-11T17:48:05.879+00:00,concluido,11.9,autorizado,3471,23260747735810000150650020000034711345847937
5a6ddcdc-6e69-41d9-87d9-7f32a369e057,2026-07-11T17:39:34.737+00:00,concluido,185.9,autorizado,3469,23260747735810000150650020000034691415681171
873dafdc-1f55-4474-9a44-dc470cb3ea84,2026-07-11T17:43:41.612+00:00,cancelado,0,pendente,,
b93c4d49-7abd-432b-8a0c-b6d3c27210a8,2026-07-11T17:50:05.5+00:00,concluido,227.7,autorizado,3473,23260747735810000150650020000034731744466761
955b08bb-6f5e-467d-9e48-1876e21312e3,2026-07-11T17:53:49.312+00:00,concluido,148.5,autorizado,3474,23260747735810000150650020000034741596367164
cd0946bc-67ff-4ad4-82f7-bc3ed2b95dda,2026-07-11T18:01:44.905+00:00,concluido,224.4,pendente,,
d011f6ae-ae53-4b37-916b-7dd65478a998,2026-07-11T17:54:33.645+00:00,concluido,267.3,autorizado,3476,23260747735810000150650020000034761352414052
6d4b6099-fe48-456f-9d43-d6cc1a324352,2026-07-11T17:56:21.583+00:00,concluido,6.6,autorizado,3477,23260747735810000150650020000034771884939904
47e82e5e-1138-4940-98d9-556fe5437abf,2026-07-11T17:59:05.245+00:00,concluido,248.38,autorizado,3479,23260747735810000150650020000034791890211032
a8e6e1e6-e16c-4481-b7be-8cc606c35203,2026-07-11T18:13:39.573+00:00,concluido,300.3,autorizado,3486,23260747735810000150650020000034861118367600
25c90fa0-71e3-44f6-afed-b4ab4cb02fe3,2026-07-11T18:00:48.966+00:00,concluido,81.4,autorizado,3480,23260747735810000150650020000034801679718905
f9cc52a7-cbd9-480d-879d-1ca6a848e006,2026-07-11T18:09:26.594+00:00,concluido,89.1,autorizado,3483,23260747735810000150650020000034831739903250
11d17fb0-4cb2-4063-b354-13cc4da46e2b,2026-07-11T18:21:17.915+00:00,cancelado,10,pendente,,
0053d28d-037b-4b79-bb51-d5a1b16c19b9,2026-07-11T18:22:02.914+00:00,concluido,118.8,autorizado,3492,23260747735810000150650020000034921457341725
56cb9c79-bbcd-4250-916c-d421814fbd87,2026-07-11T18:36:07.779+00:00,cancelado,10,pendente,,
08d01269-1721-4d06-ac37-23993e78d745,2026-07-11T18:42:36.041+00:00,cancelado,10,pendente,,
baec8a98-11d5-470a-b400-b0eaa663b49d,2026-07-11T18:47:39.701+00:00,cancelado,10,pendente,,
8cb83a34-5284-4a61-97bd-dd2c4327dfba,2026-07-12T22:17:04.786+00:00,concluido,132,pendente,,
d8292084-b42b-4db2-855b-35d396142850,2026-07-11T18:08:23.152+00:00,concluido,465.3,autorizado,3482,23260747735810000150650020000034821558843916
21da9884-d383-4efc-bf7d-97b55867a0bf,2026-07-11T18:10:46.703+00:00,concluido,269.39,autorizado,3484,23260747735810000150650020000034841681230247
5a5e99d5-ee32-49e1-8c54-2233d84b620d,2026-07-11T18:11:43.952+00:00,concluido,239.8,autorizado,3485,23260747735810000150650020000034851883749712
bc3ca616-1aa8-4d21-8e22-739ab3da883e,2026-07-11T18:13:33.814+00:00,cancelado,10,pendente,,
f2dd0be6-08b4-40bf-b88c-2b3aacec80cd,2026-07-28T18:22:53.117+00:00,concluido,190.3,autorizado,4354,23260747735810000150650020000043541579046971
a09faaa5-15a1-4265-9786-ca3447e09aae,2026-07-11T18:14:41.647+00:00,concluido,209,rejeitado,3487,23260747735810000150650020000034871227996401
a3f5ae50-50a9-4f91-9429-9225b405f0b3,2026-07-11T18:18:24.403+00:00,concluido,228.8,autorizado,3488,23260747735810000150650020000034881539844337
fa8a0d13-74ec-4a1f-b41e-9e68eba7fa34,2026-07-11T18:18:51.565+00:00,concluido,166.1,autorizado,3489,23260747735810000150650020000034891100057008
42bae366-aca9-4a24-a6b0-ae1351920216,2026-07-11T18:23:03.01+00:00,cancelado,10,pendente,,
8d2b0de9-a57f-4b3e-8c81-7ed3480018bd,2026-07-25T18:57:01.67+00:00,concluido,185,pendente,,
ba6d729d-5d3d-4b30-b86a-6acb54e546e7,2026-07-11T18:25:50.038+00:00,concluido,531.3,autorizado,3497,23260747735810000150650020000034971248303550
1d970a5e-305d-4f15-a0b9-54d6762c3ca9,2026-07-11T18:19:22.861+00:00,concluido,182.6,autorizado,3490,23260747735810000150650020000034901752912733
1cce0e24-ad15-42d4-80af-e2d80b49e247,2026-07-25T18:58:07.944+00:00,concluido,250,autorizado,4272,23260747735810000150650020000042721588458465
03f11e5c-ce49-4a70-8e50-1788d394c63b,2026-07-11T18:21:03.038+00:00,concluido,198.44,autorizado,3491,23260747735810000150650020000034911602878910
11e4a339-802d-4d27-88d2-511fc4ab4b7a,2026-07-11T18:24:57.857+00:00,concluido,398.2,autorizado,3496,23260747735810000150650020000034961121231753
dda40759-66c5-4df0-9db2-b95661b5e6db,2026-07-25T19:06:13.452+00:00,concluido,275.88,autorizado,4275,23260747735810000150650020000042751407453310
97a01128-d3e0-4312-af61-9e9fb75c95ac,2026-07-28T18:13:18.503+00:00,concluido,172.7,autorizado,4345,23260747735810000150650020000043451748787877
cdb0196c-8672-4e91-9861-5044889e8353,2026-07-11T18:23:13.055+00:00,concluido,464.2,autorizado,3494,23260747735810000150650020000034941246651958
726e8d86-49ef-4b32-bc22-280283766f2a,2026-07-12T21:40:44.632+00:00,concluido,82.5,autorizado,3694,23260747735810000150650020000036941744398678
269cb042-00b8-4f5e-9350-fb1c469ef21e,2026-07-12T21:44:58.645+00:00,concluido,393.47,autorizado,3702,23260747735810000150650020000037021915959133
3464abcd-c814-4e03-b341-67d17676d642,2026-07-14T18:52:34.648+00:00,concluido,56.1,autorizado,3819,23260747735810000150650020000038191106212460
0c6f2bc0-9c5f-49a4-a959-9f76c8bc244d,2026-07-14T18:53:41.232+00:00,concluido,432.08,autorizado,3820,23260747735810000150650020000038201754846743
627d7151-f350-4ff0-8f70-c721cd70fec6,2026-07-11T18:23:53.582+00:00,concluido,245.3,autorizado,3495,23260747735810000150650020000034951530605946
c3b40771-4d81-4440-927c-4884d31ed703,2026-07-25T19:01:32.886+00:00,concluido,347.6,autorizado,4273,23260747735810000150650020000042731331835565
a0809f2e-cc56-40fd-bad1-962d6b78af25,2026-07-11T18:26:39.304+00:00,concluido,488.4,autorizado,3498,23260747735810000150650020000034981202525638
bf01e367-3f83-4040-979c-e28e83436196,2026-07-11T18:29:51.083+00:00,concluido,257.18,autorizado,3501,23260747735810000150650020000035011687708737
5b597d00-79d6-4b79-b4da-0c5d8a598730,2026-07-11T18:31:09.519+00:00,concluido,327.8,autorizado,3502,23260747735810000150650020000035021285847560
6e32acd7-dd44-4fb6-bfe5-e9a5f17a6ffa,2026-07-14T18:54:10.681+00:00,cancelado,10,pendente,,
1e3c0d75-5c19-4d2f-b7c9-89ff396f7418,2026-07-11T18:32:28.236+00:00,concluido,218.9,autorizado,3503,23260747735810000150650020000035031751091450
de01e73f-8675-438a-9d75-0f19bd8d0a4f,2026-07-11T18:32:54.023+00:00,concluido,284.9,autorizado,3504,23260747735810000150650020000035041181328390
5837afff-e7f8-4a1c-9197-1e625d7c8745,2026-07-11T18:45:26.111+00:00,concluido,209,autorizado,3516,23260747735810000150650020000035161709047110
d70a6ee7-f5e1-40c5-971f-e4a22acd39ef,2026-07-11T19:03:57.519+00:00,concluido,206.47,autorizado,3526,23260747735810000150650020000035261572951875
ae8124ae-edf9-439b-a205-d5affd50d6f2,2026-07-11T20:05:15.326+00:00,concluido,117.7,autorizado,3553,23260747735810000150650020000035531406740565
a4db3d0b-2f14-4616-b42c-cf33c9855a01,2026-07-11T18:33:05.761+00:00,concluido,361.79,autorizado,3505,23260747735810000150650020000035051236438777
7251d435-939f-4db2-b033-ac9134c73547,2026-07-11T18:36:09.045+00:00,concluido,600.05,autorizado,3508,23260747735810000150650020000035081879857162
0233c73f-4715-44e3-ad65-494a619884e3,2026-07-11T18:38:20.409+00:00,cancelado,10,pendente,,
d98aa93e-1c5b-4786-a2a6-c0159fc5c109,2026-07-11T18:39:33.188+00:00,concluido,256.3,autorizado,3511,23260747735810000150650020000035111722041680
b403cf3d-c087-4099-992c-f85e4ce09ec0,2026-07-11T18:42:02.23+00:00,concluido,459.69,autorizado,3513,23260747735810000150650020000035131818681978
3e346517-de39-4c3f-aaac-dd2d1b091f36,2026-07-11T19:04:32.938+00:00,cancelado,10,pendente,,
b3c8b423-5e61-462b-960b-7f94772f5d19,2026-07-11T18:34:39.923+00:00,concluido,201.3,autorizado,3507,23260747735810000150650020000035071339205990
fa0c0a46-cb44-42da-82a9-c931a46666b3,2026-07-11T18:39:21.657+00:00,concluido,465.3,rejeitado,3509,23260747735810000150650020000035091454655949
ad052318-a4ad-4e6b-a53f-a428b581ebd6,2026-07-11T18:39:30.333+00:00,concluido,188.1,autorizado,3510,23260747735810000150650020000035101158862863
3604d8ff-95f7-48aa-9767-f845104e8a49,2026-07-11T18:41:15.427+00:00,concluido,479.6,autorizado,3512,23260747735810000150650020000035121101668728
a3cd6b4a-530a-4a4a-ab5a-b3ceb04cdb57,2026-07-11T18:47:00.441+00:00,cancelado,10,pendente,,
3340ff73-1547-4b23-85ce-ef72b7e0a9e0,2026-07-11T19:04:45.525+00:00,cancelado,10,pendente,,
9ba73fb3-2b40-47ec-b85d-219f322fffc2,2026-07-11T19:04:58.481+00:00,cancelado,10,pendente,,
17d3672e-7bec-4422-9ab7-edfe717e527e,2026-07-11T18:42:05.794+00:00,concluido,144.1,autorizado,3514,23260747735810000150650020000035141851328596
19814977-f680-472d-a938-a75b7e0d482e,2026-07-11T18:42:24.788+00:00,concluido,244.2,rejeitado,3515,23260747735810000150650020000035151889289994
db69f2a8-f019-467e-805d-ef9ca76b3bc5,2026-07-11T18:46:15.418+00:00,cancelado,11,pendente,,
cf827147-d571-4bf0-a181-d99924000893,2026-07-11T18:46:21.803+00:00,cancelado,8,pendente,,
c6990119-e761-4842-a704-82dbc9597dad,2026-07-25T19:01:11.229+00:00,concluido,474.1,autorizado,4274,23260747735810000150650020000042741742386648
9a6029ba-4810-48d8-91db-0af0d4b830f9,2026-07-11T18:46:49.973+00:00,concluido,243.1,rejeitado,3517,23260747735810000150650020000035171162352069
84451586-aa7d-4804-985a-8c09d45a7226,2026-07-11T18:49:05.093+00:00,concluido,247.5,autorizado,3518,23260747735810000150650020000035181799646870
f6459ab4-3056-4091-97fd-8749f481857e,2026-07-25T19:08:58.897+00:00,concluido,243.1,autorizado,4276,23260747735810000150650020000042761173009408
a8bd6dd3-0805-48a1-90db-fab8428e9422,2026-07-28T20:03:45.33+00:00,concluido,123.2,autorizado,4395,23260747735810000150650020000043951666253307
408e9206-8d5d-499b-a438-ad55026e01c7,2026-07-11T18:50:06.766+00:00,concluido,418,autorizado,3519,23260747735810000150650020000035191112638443
e7e5136e-2ce2-48aa-b537-e57af5de2fe1,2026-07-25T19:10:58.625+00:00,concluido,424.6,autorizado,4277,23260747735810000150650020000042771430903606
38e5e34e-a29d-4b61-ac31-8efe2bfb1557,2026-07-11T18:52:45.85+00:00,concluido,232.1,autorizado,3520,23260747735810000150650020000035201390417853
8eaca43d-0127-416f-b730-4b81c2168485,2026-07-11T18:54:07.063+00:00,concluido,335.39,autorizado,3521,23260747735810000150650020000035211282617496
6779249c-e441-4957-b374-0a31489e47c2,2026-07-11T19:01:25.939+00:00,cancelado,0,pendente,,
2055bd62-349d-45a2-af0a-0d69f12f75c7,2026-07-11T19:03:04.545+00:00,cancelado,0,pendente,,
f27c3b4c-4847-44e3-b473-c7f819cb5cc1,2026-07-25T19:18:17.94+00:00,concluido,27,autorizado,4278,23260747735810000150650020000042781653839140
3cde1033-77ff-4350-9c6e-229496329516,2026-07-11T19:03:19.251+00:00,cancelado,0,pendente,,
d78a6604-f353-4ed4-8418-75a3de4d1283,2026-07-11T19:03:16.707+00:00,concluido,174.9,autorizado,3525,23260747735810000150650020000035251496936648
a9e5a7cb-c891-47e9-a402-b12ec8d03502,2026-07-25T19:19:44.409+00:00,concluido,257.4,autorizado,4279,23260747735810000150650020000042791251196012
eeb09023-105f-46b5-b0cf-b349cbb7bffd,2026-07-25T19:20:27.177+00:00,concluido,355.3,autorizado,4280,23260747735810000150650020000042801194636137
cb83c410-a162-41c8-a152-acb476561e10,2026-07-11T18:55:57.81+00:00,concluido,155.1,autorizado,3522,23260747735810000150650020000035221514843322
2e04812f-fe53-40ee-9a3c-9147ddd2f2fa,2026-07-11T18:57:55.288+00:00,concluido,433.4,autorizado,3524,23260747735810000150650020000035241455042734
c8b272be-4dea-40a5-b7d1-2bd328ce1126,2026-07-11T19:01:15.973+00:00,cancelado,30,pendente,,
7334fa85-f9ce-499d-98dc-f37f42865913,2026-07-11T19:02:38.106+00:00,cancelado,0,pendente,,
d87b6448-cf97-48d0-a82e-3fbb7023723e,2026-07-11T18:56:03.218+00:00,concluido,357.5,autorizado,3523,23260747735810000150650020000035231322620390
c49fe11d-97ac-4555-8f02-e717f70fe21b,2026-07-25T19:21:29.911+00:00,concluido,232.1,autorizado,4281,23260747735810000150650020000042811462589209
bb848291-5362-4a65-8250-98c72cb54b20,2026-07-11T19:05:06.151+00:00,concluido,295.9,autorizado,3527,23260747735810000150650020000035271150019110
b6d49ee2-4afe-4890-ad14-90fe56ca129d,2026-07-11T19:05:46.678+00:00,concluido,185,autorizado,3528,23260747735810000150650020000035281914969190
409b57e2-e0cc-4186-ac41-e9dc61a119d7,2026-07-11T19:07:45.714+00:00,concluido,319,autorizado,3529,23260747735810000150650020000035291852501278
d17d812e-c47b-4a3f-a0da-4f60746cbc4c,2026-07-11T19:08:01.938+00:00,concluido,191.4,autorizado,3530,23260747735810000150650020000035301884281878
905f83e6-52ed-41a0-8129-e38f74bd0664,2026-07-11T19:10:48.976+00:00,concluido,140.8,autorizado,3535,23260747735810000150650020000035351101778897
e895e42c-77a6-4698-9812-35377e43eaa4,2026-07-11T19:12:24.329+00:00,concluido,57.2,pendente,,
0dd84eb1-b1b4-45e5-8bb5-30bc982e0af6,2026-07-11T19:13:16.164+00:00,concluido,33,autorizado,3538,23260747735810000150650020000035381177233702
dada10ef-75bb-4d2b-8a01-edbd23833a55,2026-07-11T19:08:32.198+00:00,concluido,69,autorizado,3531,23260747735810000150650020000035311421118600
94abfb33-2e00-4cc9-8923-8c05b57960f5,2026-07-25T19:22:16.426+00:00,concluido,328.9,autorizado,4282,23260747735810000150650020000042821515805382
3ca9f5da-66a2-4cb5-8a1b-bb0541bddd6e,2026-07-25T19:24:45.517+00:00,concluido,228.8,autorizado,4285,23260747735810000150650020000042851139111482
f4eba3d6-5140-43b5-9ebb-bad06ad3f669,2026-07-28T18:14:59.868+00:00,concluido,235.4,autorizado,4347,23260747735810000150650020000043471918907708
ab39653d-7a10-432d-9f7e-dd435790c720,2026-07-28T20:25:49.661+00:00,concluido,244.09,autorizado,4405,23260747735810000150650020000044051402411623
429e9e67-fae2-4c6b-83bd-605eb41cbbbe,2026-07-11T19:08:40.852+00:00,concluido,138.6,autorizado,3532,23260747735810000150650020000035321731882012
28630cda-bda6-4b43-8b29-a3a0bca4311e,2026-07-11T19:13:04.331+00:00,concluido,357.5,autorizado,3537,23260747735810000150650020000035371565805862
e50f75c6-d010-42e5-a3a9-3ec5cf4a53c2,2026-07-11T19:21:09.876+00:00,concluido,217.8,autorizado,3545,23260747735810000150650020000035451933527963
662b3ffb-d353-4df4-94c4-bda6216c30f8,2026-07-11T19:26:07.561+00:00,cancelado,0,pendente,,
0cf47dbe-a34c-40ba-9f41-2edc29709ee8,2026-07-11T20:05:52.862+00:00,concluido,35.2,autorizado,3554,23260747735810000150650020000035541365692585
5a3accbf-7c5a-4acc-b8b5-d9f1b48d2226,2026-07-11T20:36:23.47+00:00,concluido,179.3,pendente,,
19514e34-8ffd-4a9f-bf53-2d66e89f26d5,2026-07-11T19:10:18.265+00:00,concluido,317.9,autorizado,3534,23260747735810000150650020000035341278114963
f16b64e2-37f8-4c51-a232-b5cd20518495,2026-07-11T19:12:39.659+00:00,concluido,419,autorizado,3536,23260747735810000150650020000035361808290610
2c4fb326-edef-4464-8593-d6d16f3a246e,2026-07-11T19:22:10.767+00:00,concluido,719.4,autorizado,3547,23260747735810000150650020000035471579299855
8c137942-e257-4e10-bafc-7b2aa1ea7ad5,2026-07-11T19:23:56.399+00:00,concluido,399.3,autorizado,3549,23260747735810000150650020000035491989354885
470d1d07-2c34-4c1e-9441-c79950cfccb6,2026-07-11T19:25:06.323+00:00,cancelado,0,pendente,,
800afb7c-0c63-4508-89ff-c30e4cad67a1,2026-07-11T19:25:42.067+00:00,cancelado,0,pendente,,
6b4c003c-a937-4136-ad9c-a97eae5bdf38,2026-07-11T19:26:32.681+00:00,cancelado,0,pendente,,
3e6a7d8d-0267-4d74-b4d6-3a1f76b6d913,2026-07-11T19:27:39.39+00:00,concluido,150,autorizado,3550,23260747735810000150650020000035501708019603
9125b475-40d4-4f9a-b08a-3ab61d2e1496,2026-07-11T21:18:20.79+00:00,cancelado,15,pendente,,
a49df284-8e9b-43df-a83f-cdd9c010768e,2026-07-11T19:12:10.186+00:00,concluido,100,pendente,,
86ff2f26-0e3c-439c-8f51-f08715d399eb,2026-07-11T19:14:29.487+00:00,concluido,418.88,pendente,,
b08deb90-7aa5-4126-a200-fa5538f46618,2026-07-11T19:15:14.748+00:00,concluido,115.5,autorizado,3540,23260747735810000150650020000035401305976212
829a17eb-27e5-4d31-b42f-f70af84e2d38,2026-07-25T19:23:13.127+00:00,concluido,139.7,autorizado,4283,23260747735810000150650020000042831880171433
1549cac3-8ee8-415a-ae32-62e166b5d40c,2026-07-25T19:23:51.74+00:00,concluido,222.09,autorizado,4284,23260747735810000150650020000042841675261520
8c455e54-3f32-4490-bcb8-957de6963e6e,2026-07-11T19:13:47.215+00:00,concluido,110,autorizado,3539,23260747735810000150650020000035391422386372
c50ecea6-389c-46dc-a396-ac36f6d18e1c,2026-07-11T19:21:21.97+00:00,concluido,215.6,autorizado,3546,23260747735810000150650020000035461137824434
05fcaf73-09c4-476a-9c55-0378511e00b3,2026-07-11T19:24:57.028+00:00,cancelado,0,pendente,,
871f277b-a1ff-49b8-b8e0-ae02140d39d8,2026-07-11T19:25:54.783+00:00,cancelado,0,pendente,,
1b829032-b84d-4164-a41a-66d0323dced3,2026-07-11T19:16:02.901+00:00,concluido,156.2,autorizado,3541,23260747735810000150650020000035411823768533
409fd658-5922-495e-b5ee-0d02daca4c3c,2026-07-25T19:28:44.408+00:00,concluido,405.9,autorizado,4286,23260747735810000150650020000042861786385591
e236593c-6601-467f-9ec7-0d13f6f6f8c4,2026-07-25T19:31:43.644+00:00,concluido,270.6,autorizado,4289,23260747735810000150650020000042891177956191
21ab7c06-c37a-423b-bff2-31e372b7817d,2026-07-30T20:11:00.763+00:00,concluido,112.2,autorizado,4522,23260747735810000150650020000045221520438960
cf9e06c5-3b66-47cd-ab15-a864e394d9fe,2026-07-30T20:18:18.035+00:00,cancelado,0,pendente,,
f2c7390c-e13e-4401-a5a1-6b66ed25dbdf,2026-07-11T19:16:37.717+00:00,concluido,57.2,autorizado,3542,23260747735810000150650020000035421363449003
d8fb2830-9f8f-4111-836e-7b0d674875da,2026-07-11T19:17:51.28+00:00,concluido,53.9,autorizado,3543,23260747735810000150650020000035431991267206
0a802772-26e4-4d9b-8380-fac63f76a65c,2026-07-11T19:19:22.435+00:00,concluido,14.3,autorizado,3544,23260747735810000150650020000035441698670679
4873f2b0-bca7-443d-a512-a5ac61fe6d75,2026-07-11T21:33:38.639+00:00,concluido,164,autorizado,3561,23260747735810000150650020000035611980927593
85bdfad3-44fc-48e1-9529-b1282a54f35a,2026-07-11T21:38:25.966+00:00,cancelado,0,pendente,,
6d22c0a0-3990-4fab-a67d-6f256bae7ea1,2026-07-12T20:45:22.025+00:00,concluido,159.5,pendente,,
ea292a9f-0f7c-4667-a2e5-ad026b4ef40c,2026-07-11T19:23:07.29+00:00,concluido,415.79999999999995,autorizado,3548,23260747735810000150650020000035481243800696
db220a02-23d1-4192-8879-6b19a19d588c,2026-07-11T19:26:20.538+00:00,cancelado,0,pendente,,
a0ffce2e-9d12-4347-965c-1de275c28a2c,2026-07-25T19:34:53.954+00:00,concluido,126.5,autorizado,4292,23260747735810000150650020000042921754965204
2f02406b-73f5-413c-89a9-1d79499e12f3,2026-07-25T19:38:13.195+00:00,cancelado,0,pendente,,
6643d0d0-beed-440b-a516-fb45e48a1f3f,2026-07-25T19:40:20.79+00:00,cancelado,0,pendente,,
33895040-4143-4ae0-a233-8001f6fe7fc7,2026-07-25T19:42:55.46+00:00,concluido,232.1,autorizado,4298,23260747735810000150650020000042981973516697
e7068c03-8be0-4d67-8e6d-5bd88606c38b,2026-07-25T19:30:42.976+00:00,cancelado,283.8,rejeitado,4287,23260747735810000150650020000042871659993247
756186a2-9272-4405-a4c6-299632c7ac3e,2026-07-11T19:28:27.703+00:00,concluido,573.1,autorizado,3551,23260747735810000150650020000035511555177930
9e6819b4-0efb-45cb-91d2-9afb5c195fe4,2026-07-25T19:31:02.443+00:00,concluido,456.5,autorizado,4288,23260747735810000150650020000042881891503110
d3097d3f-4775-4cb4-988f-71d483a2949b,2026-07-11T20:15:06.527+00:00,concluido,200,autorizado,3555,23260747735810000150650020000035551160316481
ad25efd3-871f-423b-ae26-bd2a0d8e597d,2026-07-11T20:28:31.882+00:00,concluido,542.1,autorizado,3557,23260747735810000150650020000035571216910779
15932f0c-8539-4789-ab41-515dd8d4a47c,2026-07-11T20:29:28.123+00:00,concluido,375.1,autorizado,3558,23260747735810000150650020000035581695638087
62000557-ed3b-4115-9f96-5c06a9b02c19,2026-07-11T20:31:03.954+00:00,cancelado,15,pendente,,
52b6c7ee-c3c9-4b11-bb7d-ad0f26a9446d,2026-07-11T20:45:33.971+00:00,cancelado,0,pendente,,
b99819e2-96ac-43d2-ad94-8913ad101888,2026-07-12T14:55:30.384+00:00,concluido,29.7,autorizado,3562,23260747735810000150650020000035621629432754
aa2dfc82-b9c8-4693-b652-292bd3532400,2026-07-12T14:56:42.628+00:00,concluido,106.7,autorizado,3563,23260747735810000150650020000035631491949149
efc593a7-bf18-4160-87a8-90b5cf6c27a6,2026-07-12T16:34:04.821+00:00,cancelado,0,pendente,,
f65442c4-09b7-400c-a344-9c1540d9e57c,2026-07-11T20:19:37.947+00:00,concluido,260.7,autorizado,3556,23260747735810000150650020000035561609292186
9634ed69-6b35-4026-8eba-7a5ad692cb7e,2026-07-11T20:27:32.841+00:00,concluido,0,pendente,,
89f2c660-1353-400e-a737-f128274b4337,2026-07-25T19:32:39.158+00:00,concluido,322.3,autorizado,4290,23260747735810000150650020000042901920405671
76282516-5b41-4b42-be0a-8d8c89468588,2026-07-25T19:36:49.779+00:00,concluido,693,autorizado,4294,23260747735810000150650020000042941571392056
55225647-359c-4f37-8d55-b0d164d172ea,2026-07-25T19:37:52.901+00:00,concluido,282.7,autorizado,4295,23260747735810000150650020000042951535810118
ece423b3-2988-4856-96cb-e84b01e1c556,2026-07-25T19:38:19.931+00:00,cancelado,0,pendente,,
3262538c-74bc-462a-b272-693bcbf94428,2026-07-11T20:36:46.1+00:00,concluido,223.3,autorizado,3559,23260747735810000150650020000035591944282377
bf8e093e-a28f-4d93-b37a-a1ccb488e1ea,2026-07-11T20:45:14.469+00:00,concluido,422,autorizado,3560,23260747735810000150650020000035601121009913
391f6c33-e478-4e1b-98d5-0107c011f32c,2026-07-12T16:36:52.599+00:00,cancelado,0,pendente,,
06b915c7-eefb-4739-b368-0b27313d89ce,2026-07-25T19:33:32.092+00:00,concluido,529.1,autorizado,4291,23260747735810000150650020000042911455236769
f8eab6d7-cb48-4ead-a467-aa43832bc4c0,2026-07-25T19:35:25.122+00:00,concluido,319.99,autorizado,4293,23260747735810000150650020000042931384399401
d4b7e182-3341-4ce8-9906-8a912b3ded59,2026-07-25T19:38:46.905+00:00,cancelado,0,pendente,,
ba93678b-e4cb-45e9-b5a6-b5cf99ce2607,2026-07-25T19:39:16.568+00:00,cancelado,80,pendente,,
62bc433b-71b9-486f-8fe2-ba49756cbd32,2026-07-25T19:39:24.662+00:00,cancelado,140,pendente,,
aa4cc7e5-6036-4cb2-8377-b7b311d21ac5,2026-07-25T19:39:55.486+00:00,cancelado,0,pendente,,
8439fcbb-7677-414d-8545-9544bff3a970,2026-07-25T19:40:04.329+00:00,cancelado,0,pendente,,
9869d19f-ed34-4f05-8939-b3678483d5ca,2026-07-11T20:57:37.284+00:00,cancelado,646,pendente,,
c715363b-0f3b-40cc-9071-f2801313b4d7,2026-07-11T21:17:57.518+00:00,cancelado,21.8,pendente,,
b552106b-e411-43a9-9f90-a8556c10c448,2026-07-11T21:18:12.824+00:00,cancelado,7,pendente,,
7fded30b-d2ca-4de9-9953-dd5313e6ee06,2026-07-11T21:18:32.542+00:00,concluido,602.2,pendente,,
fb23b293-2cea-4389-b859-b25393770727,2026-07-11T21:20:17.126+00:00,cancelado,0,pendente,,
36c2c779-bb5d-4349-94e3-d7f83a51e451,2026-07-25T19:38:29.566+00:00,cancelado,0,pendente,,
dffb7f3a-f547-4923-80e3-ade59bbce8d7,2026-07-25T19:38:37.031+00:00,cancelado,0,pendente,,
b3d36176-962e-4ad3-8bc6-4acc2c4ad4ac,2026-07-25T19:40:41.432+00:00,cancelado,0,pendente,,
6e6bbcdf-941a-4689-b59c-c8175f31a71a,2026-07-25T19:52:57.272+00:00,concluido,283.8,rejeitado,4304,23260747735810000150650020000043041651045512
cf5729c3-83ba-411f-802f-b5e93c8e3026,2026-07-11T21:20:41.785+00:00,concluido,0,pendente,,
6af6163a-17fc-4507-98a2-e8abf2300aff,2026-07-25T19:38:33.743+00:00,concluido,67.1,autorizado,4296,23260747735810000150650020000042961828071286
62024fb0-c6b0-444f-a331-20bc34a962d7,2026-07-25T19:38:55.222+00:00,cancelado,250,pendente,,
6a84e3c1-8ba4-4e00-889b-996b8198e3dd,2026-07-25T19:39:41.787+00:00,cancelado,0,pendente,,
d3e6e7e4-95c6-413f-8b74-77bae7de618f,2026-07-25T19:39:48.936+00:00,cancelado,0,pendente,,
8d112ced-b4f9-4d73-a7c4-9db778eab187,2026-07-25T19:40:11.673+00:00,cancelado,0,pendente,,
b8b4f3ff-f720-498a-b702-7c88900b91f9,2026-07-25T19:40:31.879+00:00,cancelado,0,pendente,,
5eaddf39-18f2-4ba3-844a-25dc5bc53f55,2026-07-25T19:40:52.821+00:00,cancelado,0,pendente,,
d796f345-3717-4012-a6df-dcc979a5e7a4,2026-07-12T14:58:41.788+00:00,concluido,39.6,autorizado,3565,23260747735810000150650020000035651773805831
8a906748-ede1-49eb-b10d-0932f0d6bd33,2026-07-12T15:07:54.258+00:00,concluido,161.7,pendente,,
037b98eb-5306-4e01-a643-a6fe04ee955e,2026-07-12T15:14:28.439+00:00,concluido,137.5,autorizado,3567,23260747735810000150650020000035671585555100
bf8306c6-bbe7-4858-832e-982f31bd7c82,2026-07-12T15:22:28.411+00:00,concluido,150,pendente,,
a1c1e62f-4f0e-4739-b692-81f13c74a714,2026-07-12T15:26:41.545+00:00,cancelado,150,pendente,,
c21d6832-36ca-4c4a-84b1-cba274e3337e,2026-07-12T15:18:43.852+00:00,concluido,166.1,autorizado,3569,23260747735810000150650020000035691623473360
8decddec-b2f2-4d00-a787-333939ef1c1f,2026-07-25T19:42:03.232+00:00,concluido,133.1,autorizado,4297,23260747735810000150650020000042971578765968
548ee28d-f613-4af5-8f38-0021df7614b1,2026-07-25T19:46:09.33+00:00,concluido,117.7,autorizado,4300,23260747735810000150650020000043001356828340
4c4e0e72-f050-490f-9fe5-7df878f8d15d,2026-07-25T19:47:24.128+00:00,concluido,211.09,autorizado,4301,23260747735810000150650020000043011984590343
292c5283-fa0f-4680-a0ea-7ca68f29766d,2026-07-25T20:01:53.576+00:00,concluido,360.8,pendente,,
d45787e5-d8d6-4bdb-bb81-4bdaecb8f8bb,2026-07-12T15:34:39.191+00:00,concluido,93.5,autorizado,3570,23260747735810000150650020000035701968548307
24ed2878-1421-49cb-acae-e4225f70b5a8,2026-07-12T15:36:17.955+00:00,concluido,120,pendente,,
8aca2c4c-78e3-435b-976d-7eab11d39eb7,2026-07-12T16:48:13.161+00:00,concluido,310,pendente,,
21c150f2-beb8-40df-a188-3fcd75e15d24,2026-07-12T16:53:45.189+00:00,cancelado,15,pendente,,
9b7322c4-dfb0-4157-80c8-8ed54707bb80,2026-07-12T16:54:01.664+00:00,cancelado,20,pendente,,
9d583c19-25a6-40c8-9b2c-ab10d9669cc8,2026-07-12T16:57:30.869+00:00,cancelado,498.3,pendente,,
a9d1d194-8461-47e5-a718-14fa30be64ba,2026-07-25T19:46:24.226+00:00,concluido,440,pendente,,
d941d3cc-6494-4b04-9356-16933265bfa0,2026-07-12T17:03:25.774+00:00,concluido,482.9,pendente,,
b9171493-3f07-4f13-a5d8-fdf988ce7e17,2026-07-12T17:03:33.139+00:00,cancelado,0,pendente,,
46b406f9-2012-4abf-9a3a-523fae72ca1a,2026-07-25T19:44:57.324+00:00,concluido,488.4,autorizado,4299,23260747735810000150650020000042991169830172
471454a5-e108-4e8d-b81a-47ea204a9bd4,2026-07-25T18:53:16.329+00:00,concluido,356.07,autorizado,4305,23260747735810000150650020000043051440569950
7a26b166-516c-4358-b4d8-45a6d6d1d03e,2026-07-25T19:58:13.896+00:00,concluido,20,autorizado,4307,23260747735810000150650020000043071338512850
0ad67766-a41e-49f7-b7e9-ef8c66ee0301,2026-07-12T17:23:10.009+00:00,concluido,352,pendente,,
14f72da3-9d72-4754-a8f3-2bb8e4094a52,2026-07-25T19:47:59.519+00:00,concluido,486.64,autorizado,4302,23260747735810000150650020000043021166264793
1024d786-8686-492c-a31c-1202b1669355,2026-07-25T20:02:34.144+00:00,concluido,275,pendente,,
fa5e205a-fdbe-4cf0-89b3-bf6de7c8c83b,2026-07-25T20:08:06.777+00:00,concluido,194.26,pendente,,
a792ef63-add8-4ff7-b4f0-50997c392b33,2026-07-12T17:48:37.302+00:00,concluido,155.1,autorizado,3571,23260747735810000150650020000035711836111863
9a9c5940-8cd2-4b2a-b476-fbefb3292222,2026-07-25T19:50:19.296+00:00,concluido,355,autorizado,4303,23260747735810000150650020000043031945298712
1f2791a6-c9e3-4e54-a992-d28d85936fee,2026-07-12T17:52:24.449+00:00,concluido,166.1,pendente,,
39dbfa20-f562-4f95-8cc3-d6acb2b34176,2026-07-12T18:00:16.964+00:00,cancelado,10,pendente,,
25c4670e-8809-47e2-830d-991ae2876bca,2026-07-12T18:01:21.685+00:00,cancelado,10,pendente,,
f05b884e-619e-4045-8296-a9fe126d7820,2026-07-12T18:02:32.73+00:00,cancelado,10,pendente,,
c2bd35cd-acef-486b-8aa1-da69b5e57f6f,2026-07-12T18:08:46.348+00:00,cancelado,10,pendente,,
601cf97b-f214-4bb3-80b3-c55e870639ec,2026-07-25T19:55:19.782+00:00,concluido,72,autorizado,4306,23260747735810000150650020000043061794120636
2fd436d8-6434-49c5-a5eb-9358f8560802,2026-07-12T18:14:02.193+00:00,concluido,389.4,autorizado,3572,23260747735810000150650020000035721652520873
59aed639-07e0-436d-a64c-310c0a2437ea,2026-07-12T18:15:29.885+00:00,cancelado,10,pendente,,
fb1c5602-39e1-4521-9f53-b6ad2d98ff54,2026-07-12T18:19:01.763+00:00,cancelado,10,pendente,,
f4dd34f0-f5ac-4262-892c-becbeed77866,2026-07-12T18:25:16.142+00:00,cancelado,10,pendente,,
8584fed5-b0e9-4b18-95ef-3e6d238e9ceb,2026-07-25T20:05:16.835+00:00,concluido,490.6,autorizado,4308,23260747735810000150650020000043081245324962
fc11fb4c-b1bb-49b9-b5bd-1201b7b4bc7e,2026-07-12T18:28:17.676+00:00,concluido,465.3,autorizado,3574,23260747735810000150650020000035741522485835
337baec8-9dc0-4171-8dc5-dd36c193600c,2026-07-12T18:28:34.966+00:00,cancelado,10,pendente,,
b0cdd5e6-4555-459e-af4e-c1723aec0b52,2026-07-12T18:29:54.604+00:00,cancelado,0,pendente,,
73fe0111-3ee9-40d1-9341-b73ba4f45213,2026-07-12T18:30:27.721+00:00,cancelado,0,pendente,,
01247d99-722f-4579-89ea-2497e1066744,2026-07-12T18:31:35.362+00:00,cancelado,0,pendente,,
d972f800-c1f2-4225-b26f-09f2a607ba08,2026-07-12T18:29:32.578+00:00,concluido,276.1,autorizado,3575,23260747735810000150650020000035751979160379
c3f4ba5f-082d-404e-bf56-355d8cdd5b4a,2026-07-12T18:30:00.647+00:00,cancelado,10,pendente,,
4f8898dc-031c-458e-95c5-87da0a55107b,2026-07-12T18:30:16.047+00:00,cancelado,0,pendente,,
47375352-de2d-4472-9ffe-c0dae2f66973,2026-07-12T18:31:21.664+00:00,cancelado,0,pendente,,
bf8afca1-e0ff-43f9-8626-9c45ba933e40,2026-07-12T18:31:40.401+00:00,cancelado,15,pendente,,
8b694fb6-98eb-4f7f-b020-5bb7b53af760,2026-07-12T18:33:52.562+00:00,cancelado,15,pendente,,
9789065a-1c9a-48f2-a520-e46ba557a857,2026-07-12T18:33:55.246+00:00,cancelado,15,pendente,,
ea5ee659-79ce-4a45-8c0a-c659fe3c4887,2026-07-12T18:34:44.37+00:00,cancelado,13,pendente,,
3b704b7f-05e3-4642-8b53-1156dfcdd26a,2026-07-12T18:35:04.812+00:00,cancelado,10,pendente,,
e148bf6a-fba7-4956-a4ce-1fc18aa9f95b,2026-07-12T18:39:01.201+00:00,cancelado,15,pendente,,
291aa28a-afeb-4582-8044-08f42eb6c5c5,2026-07-12T18:39:00.416+00:00,cancelado,15,pendente,,
7f6aefe6-8d8e-426b-8b11-6dd8eaece84d,2026-07-12T18:40:04.961+00:00,cancelado,10,pendente,,
da59af1d-2252-4e64-aee6-51603b8bad81,2026-07-12T18:41:24.747+00:00,cancelado,10,pendente,,
477d4895-6435-4b55-b2f1-69495abfe1fe,2026-07-12T18:42:35.391+00:00,cancelado,0,pendente,,
fab5b666-f663-4ba1-859b-d54d1953a6d0,2026-07-12T18:42:46.352+00:00,cancelado,0,pendente,,
3c7f226a-5f5d-48c4-b885-af6491990c68,2026-07-12T18:43:08.089+00:00,cancelado,0,pendente,,
0f61ce69-0cff-486d-acd2-b06b7dcb7fa2,2026-07-12T18:43:26.888+00:00,cancelado,10,pendente,,
46038bab-d9c2-4d05-89a0-c16888fc115d,2026-07-12T18:43:54.491+00:00,cancelado,0,pendente,,
6062bbae-446a-4b2f-be0c-882667f8a9fb,2026-07-25T20:06:26.04+00:00,concluido,160.6,pendente,,
b2055340-b8af-4ee3-96ba-653a1fe34585,2026-07-12T18:36:16.771+00:00,concluido,148.5,autorizado,3576,23260747735810000150650020000035761114781240
cf076efe-45dd-4989-9d2b-b071ff7afb66,2026-07-12T18:37:12.975+00:00,cancelado,0,pendente,,
9f0574a6-a7fa-4dcd-a5c7-29dc2fa71dc6,2026-07-12T18:40:10.773+00:00,cancelado,10,pendente,,
c6c2010e-a373-4aef-a2e6-f8775901d21f,2026-07-12T18:42:34.202+00:00,cancelado,10,pendente,,
0196138e-452a-4083-a98c-089b24c3e589,2026-07-12T18:47:09.643+00:00,cancelado,8,pendente,,
44b78e3b-712b-45db-8edf-8f7896fcfe68,2026-07-25T20:07:10.597+00:00,concluido,182.6,pendente,,
4338a0d2-f21d-4fc0-b299-34dc31ceafef,2026-07-25T20:10:37.591+00:00,concluido,418.8,autorizado,4309,23260747735810000150650020000043091816986080
0ffcd86d-e2d0-4f3e-ae57-51748e1f8720,2026-07-25T20:07:30.877+00:00,concluido,286.99,pendente,,
6722b0ca-da80-4964-b7a6-13cb9b4f0e16,2026-07-12T18:48:42.169+00:00,concluido,267.3,autorizado,3577,23260747735810000150650020000035771957066188
d5933e9c-02d0-44e7-aadf-189e136e3cdd,2026-07-12T18:52:46.553+00:00,concluido,325.6,autorizado,3578,23260747735810000150650020000035781427684221
f6f258e9-a01c-4713-9e79-e3f1fc45d281,2026-07-12T18:55:43.246+00:00,cancelado,15,pendente,,
ea7e7437-7722-4732-a230-b72efb49f5ff,2026-07-12T18:57:29.112+00:00,cancelado,15,pendente,,
c2dfbb0c-07ec-440c-b6c0-dd8087121fd1,2026-07-12T18:58:59.53+00:00,cancelado,10,pendente,,
19ba2587-74fb-4780-bcbb-bac2b19dbc78,2026-07-12T19:01:44.347+00:00,cancelado,10,pendente,,
7ccaa566-7cb5-45ad-8850-e96445eab7b4,2026-07-12T19:02:13.829+00:00,cancelado,10,pendente,,
8893a721-4ab9-4777-8a2c-03df890abb8b,2026-07-12T19:03:30.592+00:00,cancelado,30,pendente,,
fa1b1e0b-1b47-413f-9cf4-4841bdb8038d,2026-07-12T19:04:11.874+00:00,cancelado,15,pendente,,
6119d810-14c9-45b7-9c03-749962f35b13,2026-07-12T19:10:54.67+00:00,cancelado,10,pendente,,
eedf9b18-45c9-4902-bff0-458992e51756,2026-07-12T19:12:18.642+00:00,cancelado,10,pendente,,
c707e02f-66d5-4f54-9119-9f3ccb91cc28,2026-07-12T19:14:20.567+00:00,cancelado,30,pendente,,
a6c770ca-8ef0-4811-bd32-d595632e245d,2026-07-12T19:17:06.609+00:00,cancelado,10,pendente,,
0fbc4673-9b03-4748-b509-3e2596535f3c,2026-07-12T19:17:34.943+00:00,cancelado,10,pendente,,
e40db88f-0d24-4f22-96ec-3dba4c7a03fe,2026-07-12T19:17:45.591+00:00,cancelado,10,pendente,,
e184f3bd-aff1-4baf-b129-0fc8ba55aeda,2026-07-12T19:18:27.668+00:00,cancelado,10,pendente,,
ba0214a4-c481-4b42-95b6-126fd5588fb0,2026-07-12T18:53:39.813+00:00,concluido,236.5,pendente,,
46923a10-573f-4308-9555-287fa0a4972b,2026-07-12T18:55:13.629+00:00,cancelado,19.8,pendente,,
312c8e80-267f-4bb2-ba24-741453f5fee1,2026-07-12T18:56:55.703+00:00,cancelado,10,pendente,,
1d552820-557a-41ad-8c6e-6ed47de3cc8d,2026-07-12T18:57:52.198+00:00,cancelado,10,pendente,,
33163164-1acc-4c44-bcd1-b94921467a8a,2026-07-12T19:02:16.915+00:00,cancelado,15,pendente,,
f681f7d8-381b-4445-8e43-45e8d7c7bb02,2026-07-12T19:02:25.312+00:00,cancelado,10,pendente,,
b677c7d3-dccf-4a44-8a1b-676d0ca980a0,2026-07-12T19:02:34.396+00:00,cancelado,20,pendente,,
1269dc80-0fb6-46c5-8fce-c4d308efcaeb,2026-07-12T19:05:15.417+00:00,cancelado,15,pendente,,
992c5389-1977-4d71-a9d4-b63f23e456fe,2026-07-12T19:08:49.951+00:00,cancelado,15,pendente,,
ec22bc94-aaea-40d8-9c18-9b212a0ff3c3,2026-07-12T19:12:17.49+00:00,cancelado,10,pendente,,
7fd4d87b-4ae2-4fcf-ab13-7242b4151972,2026-07-12T19:14:49.646+00:00,cancelado,10,pendente,,
15739313-0f9e-4909-bc69-0a032292c3b1,2026-07-12T19:15:08.76+00:00,cancelado,15,pendente,,
0220dd36-c159-4374-93bf-cd228ef14b72,2026-07-12T19:17:25.325+00:00,cancelado,10,pendente,,
622f72bb-431d-4cf5-af1a-55b593f8177b,2026-07-12T19:19:21.718+00:00,cancelado,10,pendente,,
8e41c017-5576-42a8-8e5a-54366298e270,2026-07-12T19:19:42.901+00:00,cancelado,10,pendente,,
929ade01-a994-49f8-b1e5-97cba0857a11,2026-07-12T19:19:59.719+00:00,cancelado,10,pendente,,
627a99ce-f13b-4f59-8022-624b10db4b0d,2026-07-12T19:20:10.324+00:00,cancelado,10,pendente,,
26cd8fd2-feb2-41a0-8bb3-fffa4c2047e9,2026-07-12T19:20:22.921+00:00,cancelado,10,pendente,,
23e2970c-5d67-4f92-a095-2378dfaa3b5c,2026-07-12T19:21:05.493+00:00,cancelado,10,pendente,,
dcdae2e5-4389-47f2-b8a2-bb6976185dfd,2026-07-12T19:21:10.988+00:00,cancelado,10,pendente,,
2f50912e-837c-4db7-8208-51b4f9f5258f,2026-07-12T19:21:19.299+00:00,cancelado,10,pendente,,
18515ace-4691-420f-9512-76e9da1b9253,2026-07-12T19:21:31.916+00:00,cancelado,10,pendente,,
d9a26504-327a-4991-98c9-8ee7ae4f2c48,2026-07-12T19:21:42.698+00:00,cancelado,10,pendente,,
056df835-3b61-4919-9d26-7c76e96ccb68,2026-07-12T19:22:06.35+00:00,cancelado,10,pendente,,
9aa96f65-5c77-4101-b469-6e74b6b10481,2026-07-12T19:22:36.937+00:00,cancelado,10,pendente,,
2cb2de69-2e6e-4a2e-a999-90215631bbc1,2026-07-12T19:23:23.512+00:00,concluido,127.6,autorizado,3579,23260747735810000150650020000035791182694600
c87230f0-b901-4eee-9158-5ddd0ce0ec59,2026-07-12T19:27:26.733+00:00,cancelado,15,pendente,,
8a356b40-c775-405b-9dce-812fef835832,2026-07-12T19:31:05.636+00:00,cancelado,0,pendente,,
f126e32c-bd33-475e-8159-56c9a24fdbbc,2026-07-12T19:35:59.318+00:00,cancelado,15,pendente,,
26f841c5-abd2-4e32-b6ac-cb626b52c926,2026-07-12T19:37:29.162+00:00,cancelado,10,pendente,,
12fb0b80-3fc3-44cc-9c47-3e679220ef06,2026-07-12T19:39:54.233+00:00,cancelado,15,pendente,,
2cbe8b69-2383-491b-be0f-eda3c3c54cad,2026-07-12T19:45:02.491+00:00,cancelado,40,pendente,,
5b118b8a-16a7-46e3-b1eb-0934d1619841,2026-07-12T19:47:13.306+00:00,cancelado,10,pendente,,
07a32a61-4ce2-45f9-bdde-92840f483951,2026-07-12T19:48:15.648+00:00,cancelado,10,pendente,,
3131d2ea-9d74-4c41-96b1-fdbdce6cae34,2026-07-12T19:50:38.231+00:00,cancelado,10,pendente,,
bc8175fc-91f3-49e4-b4f0-42b6ff6f3b07,2026-07-12T19:51:21.18+00:00,cancelado,0,pendente,,
6a52c1cd-7771-43f9-aba4-9bdad020eec2,2026-07-12T19:52:04.828+00:00,cancelado,10,pendente,,
dfe9a4e9-f7d7-4613-961b-6128882746a3,2026-07-25T20:13:59.294+00:00,concluido,228.8,autorizado,4310,23260747735810000150650020000043101342175850
d63757f0-60be-4d9e-9257-8171e763bc98,2026-07-25T20:29:00.034+00:00,concluido,743.27,autorizado,4314,23260747735810000150650020000043141548585131
7676fd30-b1f5-40be-8b1a-1f4764a1a195,2026-07-12T19:25:39.49+00:00,concluido,601.59,autorizado,3580,23260747735810000150650020000035801585900535
8ca158d0-6a21-448f-b9d2-4fb1a373ac0f,2026-07-12T19:56:26.277+00:00,concluido,191.4,autorizado,3583,23260747735810000150650020000035831746266494
c494d18c-e18e-4f5b-ae88-675d2e71f3f0,2026-07-12T19:57:49.956+00:00,cancelado,0,pendente,,
53873b51-dcd6-4ff8-a441-46fc093cd4c2,2026-07-12T20:00:53.308+00:00,concluido,220,autorizado,3584,23260747735810000150650020000035841518146122
e423caf8-43e4-4be4-9e21-877a67aa9be0,2026-07-12T20:02:10.202+00:00,concluido,13.09,autorizado,3585,23260747735810000150650020000035851860858162
38bec00b-0b65-4d29-a29a-299e2eb4685d,2026-07-12T20:04:04.693+00:00,concluido,187,autorizado,3587,23260747735810000150650020000035871136977388
74d55a6c-8e34-4b2f-bfd6-93258c88c18d,2026-07-12T20:18:45.538+00:00,concluido,274,autorizado,3597,23260747735810000150650020000035971403818711
3fe490e1-7bf3-4e1e-bd0e-9336feeac059,2026-07-12T19:54:16.873+00:00,concluido,247.5,autorizado,3582,23260747735810000150650020000035821587789300
c7da2376-1e39-4a2f-b9f1-765fd1034a7d,2026-07-25T20:15:21.814+00:00,concluido,356,autorizado,4311,23260747735810000150650020000043111326502483
d059804f-6ab6-4895-ba22-9450a4574eaa,2026-07-25T20:16:59.22+00:00,concluido,731.5,autorizado,4312,23260747735810000150650020000043121975159302
27478a5a-a3b2-4ad0-b801-b255abccfb47,2026-07-25T20:33:24.819+00:00,concluido,55.77,autorizado,4316,23260747735810000150650020000043161316524707
d9b532b0-34f8-420f-bea2-6630559f1132,2026-07-25T20:34:57.091+00:00,cancelado,10,pendente,,
b7dba65c-7796-4826-b34f-dab68a85c945,2026-07-12T20:09:32.612+00:00,concluido,240.35,autorizado,3588,23260747735810000150650020000035881910255328
976bcab5-b1ee-4b43-a396-922bc51913f2,2026-07-12T21:00:46.749+00:00,concluido,137.5,autorizado,3646,23260747735810000150650020000036461707694881
5cdab94c-ef18-4219-88b3-d774819cce53,2026-07-25T20:39:31.569+00:00,cancelado,0,pendente,,
c49e4fee-107f-4ef3-bc3c-8073876e28f9,2026-07-12T21:01:50.27+00:00,concluido,40,pendente,,
dca81734-c16c-454e-8ad1-a9f6854ca106,2026-07-12T21:02:41.207+00:00,concluido,253.79,autorizado,3649,23260747735810000150650020000036491588311692
af230576-9d52-4fd3-89bc-eb9d8d235fe5,2026-07-12T21:16:41.399+00:00,cancelado,0,pendente,,
7ac99ae1-abc3-481b-a7a4-31d9e14280db,2026-07-12T21:17:35.421+00:00,cancelado,0,pendente,,
830374da-0ec8-46a6-841c-65cd39a4c667,2026-07-12T21:18:52.692+00:00,cancelado,0,pendente,,
b44fe5fc-4a66-4c55-b24d-49a2c59e776f,2026-07-12T20:10:47.054+00:00,concluido,327.69,autorizado,3589,23260747735810000150650020000035891832322155
d5aa952f-0c9f-4197-9b85-6340e19d9b9b,2026-07-12T20:11:40.801+00:00,concluido,240,autorizado,3590,23260747735810000150650020000035901751554650
bc5c4f6d-9566-4b8a-ab34-bbd4c5bde40b,2026-07-12T20:14:26.14+00:00,concluido,5.5,autorizado,3593,23260747735810000150650020000035931828978478
d785c9d8-0cb0-4678-ad01-e0b330fb63b2,2026-07-12T20:15:35.855+00:00,concluido,206.8,autorizado,3594,23260747735810000150650020000035941373211600
5458b46d-2bb0-4d2a-b3af-42308acb04e7,2026-07-12T20:29:47.335+00:00,concluido,221.1,autorizado,3612,23260747735810000150650020000036121625364600
e1390bb5-08bb-49c0-b3fd-852fbca62f7d,2026-07-12T20:12:21.343+00:00,concluido,85.8,autorizado,3591,23260747735810000150650020000035911234417657
472d1d78-33cd-4737-861a-c34b00aa16ff,2026-07-12T20:20:31.942+00:00,concluido,249.7,autorizado,3600,23260747735810000150650020000036001696803168
53f00eb7-2570-43f4-9ad3-2f584a183728,2026-07-12T20:24:15.65+00:00,concluido,291.39,autorizado,3603,23260747735810000150650020000036031508072441
6525ec50-491e-4e1b-b9e6-1305db52c77c,2026-07-12T20:32:44.126+00:00,concluido,210.1,autorizado,3617,23260747735810000150650020000036171293375467
a05c7767-f2de-4221-af85-b7c6d11e67f6,2026-07-12T20:34:43.809+00:00,concluido,257.4,pendente,,
0d9282ad-3382-4fc9-a924-172dfb625b2b,2026-07-12T20:13:05.187+00:00,concluido,135,autorizado,3592,23260747735810000150650020000035921323495243
848b9cff-5f05-4a75-b9d9-08917e042d76,2026-07-12T20:16:08.589+00:00,concluido,229.9,autorizado,3595,23260747735810000150650020000035951273589420
c24ad831-c858-43e0-8b14-cec43e8248c8,2026-07-12T20:18:59.121+00:00,concluido,222.2,autorizado,3598,23260747735810000150650020000035981196462701
1aa464d1-2710-4f4c-aed4-8b249900b062,2026-07-12T20:21:19.757+00:00,concluido,224.4,autorizado,3601,23260747735810000150650020000036011441098431
994b60d9-6ecc-4605-8089-dad9c087557d,2026-07-12T20:26:18.546+00:00,concluido,287.1,pendente,,
345e4a07-ff54-45bf-8f96-98f19359478d,2026-07-12T20:17:09.573+00:00,concluido,115.5,autorizado,3596,23260747735810000150650020000035961794319703
925543ad-7e0e-478c-b6cc-8fc82cb59405,2026-07-25T20:24:26.014+00:00,concluido,235.07,autorizado,4313,23260747735810000150650020000043131628833029
59029444-895d-45ea-b192-e936099c72cf,2026-07-12T20:20:11.704+00:00,concluido,283.8,autorizado,3599,23260747735810000150650020000035991157227117
ddfbf3c6-cdf9-4c44-b717-3c4800376b1f,2026-07-12T20:31:14.651+00:00,concluido,104.5,pendente,,
0124b61f-729b-40c0-9951-70ff1231cc05,2026-07-12T20:22:04.38+00:00,concluido,75,autorizado,3602,23260747735810000150650020000036021951952644
64ceb6d6-1e52-40b7-b460-14faf7019c24,2026-07-12T20:25:12.134+00:00,concluido,105,autorizado,3604,23260747735810000150650020000036041101925988
a720f8fb-fc69-497e-a1ff-9fde364eec62,2026-07-12T20:25:42.622+00:00,concluido,219.78,autorizado,3605,23260747735810000150650020000036051331045820
c1ddb759-6347-4912-b0b4-3e173b6758eb,2026-07-12T20:25:54.725+00:00,concluido,177.1,autorizado,3606,23260747735810000150650020000036061390836755
4e3cb6eb-849e-47e6-b29d-8df8979b19f1,2026-07-12T20:27:10.675+00:00,concluido,85.8,autorizado,3607,23260747735810000150650020000036071179684565
81a90ed9-29b2-45a9-9308-b9ee32b1eb65,2026-07-12T20:26:58.581+00:00,concluido,210.1,autorizado,3608,23260747735810000150650020000036081212673633
4687f84d-42e2-43ac-93b7-ba6a417520ec,2026-07-12T20:34:05.973+00:00,concluido,24.2,autorizado,3619,23260747735810000150650020000036191367293803
afa84f7f-0b21-43bf-a424-5b8b5c123181,2026-07-25T20:30:52.848+00:00,concluido,281.59999999999997,autorizado,4315,23260747735810000150650020000043151831821654
618d770d-ed8b-40b2-a96f-ba4b02f2b178,2026-07-12T20:34:47.497+00:00,concluido,312,autorizado,3621,23260747735810000150650020000036211456831108
b021a715-c2ec-42c8-9fb6-d04d918222f8,2026-07-12T20:28:00.818+00:00,concluido,292.6,autorizado,3609,23260747735810000150650020000036091177585254
6c93ae9f-2689-4527-9462-cd24ef69ab7f,2026-07-25T20:31:08.971+00:00,concluido,173.69,pendente,,
a76b742d-d45a-4237-8529-faf98416a830,2026-07-12T20:28:27.085+00:00,concluido,344.3,autorizado,3610,23260747735810000150650020000036101531609485
fb8b672b-4cf0-47cf-b923-52e7f6841692,2026-07-29T18:16:38.274+00:00,concluido,177.1,autorizado,4426,23260747735810000150650020000044261646075606
7174a14d-9155-4dc8-a466-421be2cf6f4e,2026-07-29T18:23:07.996+00:00,concluido,180.4,autorizado,4429,23260747735810000150650020000044291911307419
9c1e9b3d-8f15-4267-8d2a-ce3070083d90,2026-07-12T20:28:58.303+00:00,concluido,46.2,autorizado,3611,23260747735810000150650020000036111302804210
e1e3a53e-31c3-4c52-9caa-1c8900cf7cd8,2026-07-12T20:33:19.609+00:00,concluido,320,pendente,,
3855adee-cb86-4b2e-b60f-ff63ea513240,2026-07-12T20:34:09.356+00:00,concluido,167.2,autorizado,3620,23260747735810000150650020000036201795929618
62c4ac95-08c2-47c6-9b6f-1a5e6bbb8db1,2026-07-12T20:35:28.093+00:00,concluido,258.5,autorizado,3622,23260747735810000150650020000036221663532650
5dad8d5d-bad5-4047-b15c-d34c90ba4ff3,2026-07-12T20:36:14.441+00:00,cancelado,15,pendente,,
6dcbe167-cd57-4856-ae4a-53f6d374584c,2026-07-12T20:37:16.461+00:00,cancelado,0,pendente,,
f2deb924-f246-411f-ac7e-59e095983850,2026-07-12T20:29:29.43+00:00,concluido,658.9,rejeitado,3612,23260747735810000150650020000036121702616825
1c036038-ac97-45e2-8222-f78c9cad76bd,2026-07-12T20:30:53.232+00:00,concluido,293.7,autorizado,3615,23260747735810000150650020000036151731056974
286f16d4-97d2-47aa-bf27-4bbc47c11570,2026-07-25T20:42:56.922+00:00,concluido,139.14999999999998,autorizado,4317,23260747735810000150650020000043171391896265
bc56d23c-ae40-49b4-a6c2-b2c532b815b3,2026-07-25T20:45:49.974+00:00,concluido,186.89,autorizado,4318,23260747735810000150650020000043181711905119
fd5ad074-c34d-4da8-989f-0bf0f1d6b73b,2026-07-12T20:30:17.194+00:00,concluido,270.6,autorizado,3613,23260747735810000150650020000036131794052157
a9ca6746-3392-453d-9d2b-de5e7f2bc0ac,2026-07-12T20:32:16.703+00:00,concluido,286,autorizado,3616,23260747735810000150650020000036161473636008
84b8fad7-6632-4b38-b98a-ec1677b7a998,2026-07-25T20:53:00.408+00:00,concluido,465.3,autorizado,4319,23260747735810000150650020000043191107742215
ee5d1a32-5eec-43f6-b1be-587f52ff2667,2026-07-25T20:56:44.583+00:00,concluido,115.5,autorizado,4320,23260747735810000150650020000043201757263614
0d8b2711-ec7c-498d-b3d9-0e52088da504,2026-07-28T18:14:22.325+00:00,concluido,332.2,autorizado,4346,23260747735810000150650020000043461392012311
c305c1b6-978d-43e9-bf29-62b337e773de,2026-07-12T20:30:16.694+00:00,concluido,52.8,autorizado,3614,23260747735810000150650020000036141214192842
4fb351ce-ccc2-46c2-a47d-0e769098ce7d,2026-07-25T20:57:45.325+00:00,cancelado,10,pendente,,
e181ebde-8c86-4782-8701-02b6c38ba012,2026-07-12T20:31:49.982+00:00,concluido,34.1,autorizado,3618,23260747735810000150650020000036181696545481
bf808fab-a144-4dee-a6ff-7b55b8f3de65,2026-07-25T21:07:04.439+00:00,concluido,181,autorizado,4322,23260747735810000150650020000043221131490013
7aff7f9c-a7e8-4f0a-b9df-2a75a1cfd948,2026-07-25T21:08:58.559+00:00,cancelado,10,pendente,,
ed6ae61e-1493-4527-b253-a820ea8d2bec,2026-07-12T20:35:42.067+00:00,concluido,222.2,autorizado,3623,23260747735810000150650020000036231627437446
84bd97dc-e30e-4e75-a3c5-d6637310eab0,2026-07-12T20:36:32.765+00:00,concluido,181.5,pendente,,
3fbbedec-13c9-4115-9f45-99bdb82b8bae,2026-07-12T20:38:04.695+00:00,concluido,161.6,autorizado,3624,23260747735810000150650020000036241414152590
3adf9a03-084c-4392-928b-2b8398aeeb79,2026-07-25T21:00:03.716+00:00,concluido,15,autorizado,4321,23260747735810000150650020000043211837832612
e4ab30a2-c1e3-48ba-8fd2-54af92908daa,2026-07-25T21:02:40.288+00:00,concluido,631.51,pendente,,
6d3ca184-e08a-49e1-a0dc-bc003ebfab4c,2026-07-25T21:02:24.234+00:00,cancelado,0,pendente,,
2caeaff2-b758-45bb-98c6-52c8d893eade,2026-07-25T21:10:17.134+00:00,cancelado,0,pendente,,
d3e736e5-d020-42ee-ad8f-1adcaff413ca,2026-07-12T20:38:38.195+00:00,concluido,288.2,autorizado,3625,23260747735810000150650020000036251266029474
b4cdd5b7-9ff3-4393-b574-4172696ababd,2026-07-25T21:08:29.516+00:00,cancelado,0,pendente,,
6a020954-0602-4a65-b133-1c4e48cadd7b,2026-07-12T20:41:03.452+00:00,concluido,231,autorizado,3628,23260747735810000150650020000036281388001380
3bff1af2-c030-4069-84d0-bc34a2dbbd09,2026-07-25T21:23:04.293+00:00,concluido,254,pendente,,
905d7544-cdc5-4c08-9750-5e2255521fb9,2026-07-12T21:02:14.993+00:00,concluido,176,autorizado,3648,23260747735810000150650020000036481658277539
185ebe1d-018e-416b-95c2-80c474135165,2026-07-28T18:14:18.864+00:00,cancelado,10,pendente,,
51d2f225-44af-4220-8a56-f03ecbfc5684,2026-07-12T21:03:30.318+00:00,concluido,45.1,autorizado,3650,23260747735810000150650020000036501553801392
1a8f83bf-7337-49e7-afbc-59b300aa1db2,2026-07-12T20:39:32.975+00:00,concluido,166.1,autorizado,3627,23260747735810000150650020000036271242208047
17aba773-c6f4-40d5-a94b-82fe8aad5c49,2026-07-25T21:09:56.385+00:00,concluido,0,pendente,,
99282cbf-6cc5-42c1-9d6c-35ad01f10dfc,2026-07-12T20:43:28.889+00:00,concluido,131,autorizado,3629,23260747735810000150650020000036291537477620
cb2909f7-e10b-41c9-8ee8-2981dbf35bd6,2026-07-25T21:10:04.713+00:00,concluido,0,pendente,,
8ce054b9-13a2-4f07-88d7-e89a5c06b955,2026-07-25T21:18:25.949+00:00,concluido,5,autorizado,4323,23260747735810000150650020000043231310040362
f2afed99-e18b-4a4a-8a1f-765eab1d0336,2026-07-25T21:20:00.115+00:00,cancelado,8,pendente,,
f12a5bc0-e7a9-438d-925d-173070f56e3d,2026-07-25T21:23:24.306+00:00,concluido,409.86,pendente,,
15e7495f-2c47-4302-bf3e-6d62f4728a42,2026-07-12T20:44:02.95+00:00,concluido,23.1,autorizado,3630,23260747735810000150650020000036301195018564
6f40d557-0000-4c59-bb74-5903aaa65520,2026-07-12T20:44:51.774+00:00,concluido,233.2,autorizado,3631,23260747735810000150650020000036311493024624
d0a7dcf3-5623-4e68-902b-3721bad28adc,2026-07-12T20:45:40.053+00:00,concluido,214.5,pendente,,
5d65487a-7149-4bcf-98da-2b4707b62b62,2026-07-12T20:51:07.062+00:00,concluido,386.1,autorizado,3633,23260747735810000150650020000036331950222347
f9158a88-0542-4991-9b49-cc0a9457a707,2026-07-12T20:50:07.132+00:00,concluido,224.4,autorizado,3632,23260747735810000150650020000036321728846480
933b3e1e-e403-4dba-b003-50820661fc91,2026-07-12T20:55:13.626+00:00,concluido,250,autorizado,3636,23260747735810000150650020000036361567531954
b1699590-0e4e-4463-aa1d-e27b7f148400,2026-07-12T20:56:51.953+00:00,concluido,158.18,autorizado,3638,23260747735810000150650020000036381278657295
52e7c7c7-a873-458d-bda4-4a0bef696f88,2026-07-28T18:15:45.804+00:00,concluido,6,autorizado,4348,23260747735810000150650020000043481832000094
49f82156-dd50-4a0f-a9c2-aa489f8a7cda,2026-07-12T20:59:28.148+00:00,concluido,99,autorizado,3643,23260747735810000150650020000036431958926943
1bcae618-0867-4051-aa0f-633bc8ea1fe8,2026-07-12T20:51:28.8+00:00,concluido,187,pendente,,
6678e009-847d-4ff7-903c-f70de1fb959e,2026-07-12T20:52:09.944+00:00,concluido,60.5,pendente,,
18429161-167c-4d33-84b6-3751decec803,2026-07-12T20:53:20.797+00:00,concluido,322.3,autorizado,3634,23260747735810000150650020000036341468944300
ece7939a-f577-4b94-b5ba-c3107f674091,2026-07-12T20:55:56.698+00:00,concluido,300,pendente,,
f4930691-c0ca-463a-b982-7e0dae69a38f,2026-07-12T20:56:40.681+00:00,concluido,144.1,autorizado,3639,23260747735810000150650020000036391616081874
b9f0489b-e7b3-4432-8c3f-45fd5fdf8964,2026-07-12T20:57:53.3+00:00,concluido,317.9,autorizado,3640,23260747735810000150650020000036401514778176
9d7fe351-e729-4243-9c67-3778c653af2a,2026-07-12T21:03:49.849+00:00,concluido,347.6,autorizado,3651,23260747735810000150650020000036511627362807
9103f1c5-2b87-479e-b5e7-32e9f5427a18,2026-07-12T20:53:58.639+00:00,concluido,178.2,autorizado,3635,23260747735810000150650020000036351347049030
1882368e-0695-4067-8e56-1a4875cf2f1c,2026-07-12T20:56:00.036+00:00,concluido,253,autorizado,3637,23260747735810000150650020000036371166574234
7b7e8fef-98cd-4cc3-a40f-6400cb25bcda,2026-07-12T21:04:53.25+00:00,concluido,132,autorizado,3652,23260747735810000150650020000036521572739073
89c04b07-6cf2-409b-b924-0cd20c09d164,2026-07-12T21:07:29.418+00:00,concluido,513.7,autorizado,3657,23260747735810000150650020000036571146744781
4b263ecf-5b09-48bd-b518-a804dd0cdee9,2026-07-12T21:08:52.888+00:00,concluido,272.8,pendente,,
044a5d5c-057a-441a-a506-acc4af906706,2026-07-12T20:57:17.872+00:00,concluido,300,pendente,,
e90a79c0-dc4f-435e-8a32-0aa688c24a45,2026-07-12T20:58:45.652+00:00,concluido,132.2,autorizado,3641,23260747735810000150650020000036411662539517
7d6a6bb4-7b8e-4d25-8c01-794fd96a2c8b,2026-07-12T20:59:28.625+00:00,concluido,59.4,autorizado,3644,23260747735810000150650020000036441694900691
7cdfd3fa-7796-4a8a-bf91-078cd4ffbdf2,2026-07-12T20:58:36.766+00:00,concluido,118.8,autorizado,3642,23260747735810000150650020000036421324680595
b49cf653-0207-49ba-9b10-d49980245fe7,2026-07-12T21:00:00.764+00:00,concluido,341,autorizado,3645,23260747735810000150650020000036451878145044
9fa89b1e-d27d-4d82-a5e3-996926aa8eb1,2026-07-12T21:01:05.881+00:00,concluido,217.8,autorizado,3647,23260747735810000150650020000036471986755090
c4df0437-3d49-4a6c-9ede-1c9c8a5165a9,2026-07-12T21:05:29.653+00:00,concluido,181.5,autorizado,3653,23260747735810000150650020000036531874870528
f7cd7f7e-4e67-4d0c-8796-b52e8dee845c,2026-07-12T21:07:20.66+00:00,concluido,94.6,autorizado,3656,23260747735810000150650020000036561409248855
34b51930-2cd0-4e8d-b91b-9ff35fc210bd,2026-07-12T21:07:49.26+00:00,concluido,26.4,autorizado,3658,23260747735810000150650020000036581806324404
92af6958-f895-4bd5-a505-0fc500b71c49,2026-07-12T21:08:02.885+00:00,cancelado,15,pendente,,
fecb0690-8f59-45e6-94e4-13e649a3d901,2026-07-12T21:12:25.68+00:00,concluido,77,autorizado,3664,23260747735810000150650020000036641412482865
f56f9535-b33c-4129-b8ee-a5e0f68baf1d,2026-07-12T21:12:49.62+00:00,cancelado,0,pendente,,
75fd8a03-7105-4269-bb04-181d241ba60d,2026-07-12T21:06:06.829+00:00,concluido,238.7,autorizado,3654,23260747735810000150650020000036541798535058
fcaa5e2c-8594-4886-9454-a035b8823aae,2026-07-12T21:08:21.395+00:00,concluido,487.3,autorizado,3659,23260747735810000150650020000036591517414134
daf7d26a-7f99-4a69-bb77-b269c59d7147,2026-07-12T21:10:03.483+00:00,concluido,397.1,pendente,,
36d7bd8b-2301-4c9b-9ce7-067968ed8b3f,2026-07-12T21:13:47.221+00:00,cancelado,0,pendente,,
2a39aced-96ce-44a8-b837-35b18d649067,2026-07-12T21:05:55.856+00:00,concluido,70.4,autorizado,3655,23260747735810000150650020000036551689383327
7104fb2d-6f4d-4b8d-974b-5a1389486a1f,2026-07-28T18:17:43.917+00:00,concluido,189.2,autorizado,4350,23260747735810000150650020000043501867046609
8c3af01f-4434-4338-8533-eea6910c27c2,2026-07-28T18:18:21.004+00:00,concluido,860.2,autorizado,4351,23260747735810000150650020000043511157825995
a886185d-5d19-4a39-99e4-94f7cdf7f140,2026-07-12T21:09:52.783+00:00,concluido,468.6,autorizado,3660,23260747735810000150650020000036601296833858
a58b562b-96fb-4df7-8f6d-c4999b240eee,2026-07-12T21:10:47.999+00:00,concluido,117.7,autorizado,3661,23260747735810000150650020000036611831404128
e3c77577-f826-49f1-b5d8-fe2f4cf51b34,2026-07-12T21:11:36.172+00:00,concluido,301.4,autorizado,3662,23260747735810000150650020000036621637779747
2a6fc2a1-e96e-4dc0-8313-9117c34e66d6,2026-07-12T21:11:57.678+00:00,concluido,145.2,autorizado,3663,23260747735810000150650020000036631669637341
648728dd-018f-45a0-ac0a-ed02504d6ee0,2026-07-12T21:12:31.507+00:00,cancelado,0,pendente,,
8cf7f10b-031d-48c5-8075-a5f3567709a6,2026-07-12T21:12:40.309+00:00,cancelado,0,pendente,,
cdd73106-79d2-42e5-a1eb-084c962444cb,2026-07-12T21:14:49.068+00:00,cancelado,0,pendente,,
58422be1-2da3-4ace-a7aa-1db9a3466a6e,2026-07-12T21:13:47.339+00:00,concluido,531.08,autorizado,3665,23260747735810000150650020000036651996395973
d5aa1538-f1c9-420a-b564-411c108203d0,2026-07-12T21:14:33.838+00:00,cancelado,0,pendente,,
7459fbf5-96c9-4a00-a3b1-ec81552905d7,2026-07-12T21:16:58.021+00:00,cancelado,0,pendente,,
8f38ef3e-86f2-4558-967d-bf6e8a00cf26,2026-07-12T21:20:09.032+00:00,cancelado,0,pendente,,
e0525a9f-d874-46e2-b3c1-de48468766c2,2026-07-12T21:19:59.893+00:00,cancelado,0,pendente,,
e604549e-86d5-4049-be33-9c7c56f8372b,2026-07-12T21:20:43.693+00:00,cancelado,0,pendente,,
04ac856a-4575-4aca-aa75-73f98c36a217,2026-07-24T15:55:16.136+00:00,concluido,34.1,autorizado,4067,23260747735810000150650020000040671201391316
c6eb417c-07e5-4467-bab1-9be0641b8a83,2026-07-24T18:23:26.48+00:00,concluido,125.95,autorizado,4100,23260747735810000150650020000041001683705941
03dbc71b-793b-4b03-a338-caf011784feb,2026-07-12T21:14:17.544+00:00,concluido,182.6,autorizado,3666,23260747735810000150650020000036661958026890
1428f402-13f0-49d7-bc82-e4307012c1c6,2026-07-12T21:15:42.54+00:00,cancelado,0,pendente,,
be0d949c-272e-424a-a95f-b9a99ac9c5b2,2026-07-12T21:15:51.323+00:00,cancelado,0,pendente,,
5019dac3-09b1-4b3e-b7fd-91a6c6964202,2026-07-12T21:16:27.556+00:00,cancelado,0,pendente,,
eaef6898-98c1-4e9d-8b60-c48c0d8f831f,2026-07-12T21:17:10.704+00:00,cancelado,0,pendente,,
4f639446-74db-4cdd-b4a5-a0390fa9a6fb,2026-07-12T21:17:54.1+00:00,cancelado,0,pendente,,
51973fcf-45c1-417c-9ffa-51c98ae0e70f,2026-07-12T21:18:39.641+00:00,cancelado,0,pendente,,
ed441284-5958-4971-890f-fed6c3437689,2026-07-12T21:19:10.182+00:00,cancelado,0,pendente,,
5be0ce9b-6733-49e9-870d-c7d56f373cba,2026-07-12T21:19:34.61+00:00,cancelado,0,pendente,,
12fe6ca8-48eb-4577-a9e0-1f0a60240c2d,2026-07-12T21:21:20.457+00:00,cancelado,0,pendente,,
22c2a200-94d0-4720-b651-b8a3b906fc1d,2026-07-12T21:22:14.646+00:00,concluido,382.8,pendente,,
f6207878-ae38-4f80-9910-f4cb09ac292b,2026-07-12T21:14:45.578+00:00,concluido,271.7,autorizado,3667,23260747735810000150650020000036671904889936
f29b59bc-84f6-4a23-bfea-2d01ae18d476,2026-07-12T21:15:10.781+00:00,cancelado,0,pendente,,
9001f17c-336b-4674-9f78-1fd5b3b2111f,2026-07-12T21:15:32.06+00:00,cancelado,0,pendente,,
71fd8fec-a16f-47bb-b84a-9a6733d1be63,2026-07-12T21:16:12.075+00:00,cancelado,0,pendente,,
338edeb9-9f57-4a84-82c5-cabff057ef1a,2026-07-12T21:16:19.394+00:00,concluido,116.6,autorizado,3668,23260747735810000150650020000036681530997660
327c7cb1-a3ee-41bf-8933-7a69273e6325,2026-07-12T21:17:18.917+00:00,cancelado,0,pendente,,
0dfcbb49-aaf1-45df-b46e-471cde4335b0,2026-07-12T21:18:07.739+00:00,cancelado,0,pendente,,
164ec208-19d3-4709-a098-cc332e02318e,2026-07-12T21:18:43.687+00:00,cancelado,0,pendente,,
bf0ddeb7-fdf4-4be9-ac11-9d5fc67a71bb,2026-07-12T21:18:58.472+00:00,cancelado,0,pendente,,
2b2139f2-0fc8-4f8f-902c-f0313c696f5b,2026-07-12T21:19:19.605+00:00,cancelado,0,pendente,,
6c3471b5-8863-4abb-8ae9-6d029a1ac400,2026-07-12T21:19:28.075+00:00,cancelado,0,pendente,,
fb9336c2-778c-4f42-b967-5363e8c49d94,2026-07-12T21:20:45.52+00:00,cancelado,0,pendente,,
974b9e90-ec7d-4093-97fd-418991f6731d,2026-07-12T21:20:58.646+00:00,cancelado,0,pendente,,
336ee141-eda1-4b71-b2db-c2cb863a27ba,2026-07-12T21:21:10.623+00:00,cancelado,0,pendente,,
ad1c3b26-ae32-490c-80d0-9e69f6667ba7,2026-07-12T21:21:37.343+00:00,cancelado,0,pendente,,
dd919809-3a3e-4f34-8585-ef3ef5491587,2026-07-12T21:21:51.76+00:00,cancelado,0,pendente,,
5d112a77-29a9-4217-809d-141b25eda81e,2026-07-12T21:22:02.66+00:00,cancelado,0,pendente,,
78f48c83-30da-416b-b973-ae39c2314e6f,2026-07-12T21:21:52.462+00:00,cancelado,0,pendente,,
038e1257-3b24-48f5-a133-47f27e646d60,2026-07-12T21:19:37.01+00:00,concluido,256,autorizado,3669,23260747735810000150650020000036691677463318
da529b50-a8f6-48c3-91ac-4051d2322fe8,2026-07-12T21:19:38.28+00:00,cancelado,0,pendente,,
1df27b06-a380-4e41-a760-cd6469940f06,2026-07-12T21:20:24.984+00:00,cancelado,0,pendente,,
f034753d-8811-40db-a91b-0ab78b5d038e,2026-07-12T21:21:23.633+00:00,cancelado,0,pendente,,
dafb90d0-69d6-406a-a3c8-3287f6b4f3f2,2026-07-12T21:21:31.456+00:00,concluido,184.9,autorizado,3670,23260747735810000150650020000036701885322692
36db6381-008f-488a-9771-45a40269fd86,2026-07-12T21:32:45.236+00:00,concluido,334.4,autorizado,3681,23260747735810000150650020000036811904268639
a06b742e-9bb0-4375-beee-ab938cfbf94a,2026-07-12T21:33:53.534+00:00,concluido,117.7,autorizado,3684,23260747735810000150650020000036841942183051
88bed7aa-b5a8-4bb6-a81a-ab81244c5774,2026-07-12T21:22:50.335+00:00,concluido,158.4,autorizado,3671,23260747735810000150650020000036711188200720
98c6db2d-c036-4063-a52e-d1eb48d8143f,2026-07-12T21:30:20.198+00:00,concluido,319,autorizado,3678,23260747735810000150650020000036781625633513
682d8da6-6968-4103-bd49-9df71d485efe,2026-07-12T21:31:32.26+00:00,concluido,260,autorizado,3679,23260747735810000150650020000036791920761320
bdbb5af9-6bf2-4370-ae82-48206e92ca11,2026-07-12T21:33:25.156+00:00,concluido,154,autorizado,3683,23260747735810000150650020000036831675444889
87d36525-c827-4acf-abce-92077e4fb59b,2026-07-12T21:24:23.903+00:00,concluido,195,autorizado,3672,23260747735810000150650020000036721427737785
c29919ce-d915-4811-899a-d33d0bfe5444,2026-07-12T21:24:53.163+00:00,concluido,245.3,autorizado,3673,23260747735810000150650020000036731257058618
15353e3f-88ed-40ea-824e-bda3b00b15bf,2026-07-12T21:25:04.164+00:00,concluido,126.5,autorizado,3674,23260747735810000150650020000036741399637631
662a5176-ea43-43b0-b0b9-c65a50e27e2e,2026-07-12T21:31:38.311+00:00,concluido,370.15,autorizado,3680,23260747735810000150650020000036801115417817
c6c803d1-7316-4794-8d42-a585a0d7154b,2026-07-12T21:25:47.21+00:00,concluido,154,autorizado,3675,23260747735810000150650020000036751650632507
13a5746b-b476-41aa-8fed-41037898afdf,2026-07-12T21:26:59.62+00:00,concluido,408.1,autorizado,3676,23260747735810000150650020000036761573130864
ff5f1b60-2da7-4a6d-a558-568693b9be24,2026-07-12T21:28:25.278+00:00,concluido,188.1,pendente,,
2c8c1c0d-2604-495a-96d3-9e74be039c3e,2026-07-12T21:28:33.36+00:00,concluido,516,autorizado,3677,23260747735810000150650020000036771535168393
4061cd81-db13-4423-9e6f-a9379a831ca5,2026-07-12T21:33:40.419+00:00,concluido,150,pendente,,
100fba12-1aa2-4271-9e8d-2398fc26544e,2026-07-12T21:36:26.716+00:00,concluido,207.9,pendente,,
ba76aa18-3647-4e45-b699-c3c902ea8d41,2026-07-12T21:33:05.128+00:00,concluido,202.4,autorizado,3682,23260747735810000150650020000036821360986947
aaf07b73-5afe-45fe-8c47-7fa9de7018e0,2026-07-12T21:36:02.325+00:00,concluido,162.8,autorizado,3689,23260747735810000150650020000036891160387463
a317c65d-b96f-47bb-b2db-deb14197dc68,2026-07-12T21:42:05.415+00:00,concluido,195.8,pendente,,
da61229e-7545-4d82-96d9-bc56d86c1b7a,2026-07-29T19:23:59.586+00:00,concluido,241.56,autorizado,4448,23260747735810000150650020000044481372790300
532fa596-ea9d-4b1a-b5ae-4b9886632857,2026-07-29T19:31:41.902+00:00,concluido,0,pendente,,
d7bb75f5-41ba-47c3-a8bd-f4c1253fd614,2026-07-12T21:34:28.975+00:00,concluido,193.6,autorizado,3685,23260747735810000150650020000036851441460564
e1615cd3-db70-481f-ab4f-f0046e20eb31,2026-07-12T21:35:04.71+00:00,concluido,359.26,autorizado,3687,23260747735810000150650020000036871584795173
d82c52b2-1aae-422b-a26b-395f07573319,2026-07-12T21:35:50.394+00:00,concluido,257.4,autorizado,3688,23260747735810000150650020000036881367367995
bcb8c261-10f9-46fc-9d41-1a268078e5de,2026-07-12T21:37:01.127+00:00,concluido,33,autorizado,3690,23260747735810000150650020000036901108905085
b9c6a65f-73f9-41e1-b044-7b0a1fb69852,2026-07-24T16:07:11.375+00:00,concluido,158.4,pendente,,
e7f65f28-e3e9-40e8-89fc-6aafffcdb357,2026-07-12T21:38:14.411+00:00,concluido,211.2,autorizado,3691,23260747735810000150650020000036911636553763
02ed8fa3-1164-4507-823a-77372755b3db,2026-07-12T21:39:04.223+00:00,concluido,323.18,autorizado,3692,23260747735810000150650020000036921395017750
66bc9ff1-da23-4ebf-b95b-6a252cb1f1e7,2026-07-12T21:40:08.297+00:00,concluido,289.19,autorizado,3693,23260747735810000150650020000036931912687573
03631464-34a5-41fd-9958-9779b4e26e60,2026-07-12T21:43:33.281+00:00,concluido,453.2,autorizado,3696,23260747735810000150650020000036961349873223
5bc1c031-72e1-434f-8f3a-e016bfd16e34,2026-07-12T21:44:07.854+00:00,concluido,257.4,autorizado,3699,23260747735810000150650020000036991662767242
d7319fc0-e90a-427c-85e9-7b4415fcba6e,2026-07-12T21:57:52.075+00:00,concluido,224.4,autorizado,3706,23260747735810000150650020000037061158942407
cd949088-3cab-45a8-b46d-3f17c59fa595,2026-07-12T21:41:07.796+00:00,concluido,255.2,autorizado,3695,23260747735810000150650020000036951734887010
69d782ac-6176-4f70-a5e6-ac4eebd36aaa,2026-07-12T21:42:23.268+00:00,concluido,99,pendente,,
d42887b6-1271-4e99-883f-ae7c2ff33ce6,2026-07-12T21:44:54.864+00:00,concluido,20.4,autorizado,3701,23260747735810000150650020000037011746309504
a679b3eb-4b92-4721-a12f-9e38d064bcbc,2026-07-12T21:47:42.288+00:00,concluido,161.7,autorizado,3704,23260747735810000150650020000037041350559719
7e154c7a-bc19-40af-a1af-95c11063c124,2026-07-12T22:00:23.369+00:00,concluido,466,autorizado,3710,23260747735810000150650020000037101119617501
9113b348-ee82-4506-9059-e98a2c2ef931,2026-07-12T21:43:20.232+00:00,concluido,282.7,autorizado,3697,23260747735810000150650020000036971239337952
f7e31d02-b22e-4be6-bc3b-16157d6d6b0d,2026-07-12T21:44:07.353+00:00,concluido,36.3,autorizado,3698,23260747735810000150650020000036981490186533
dc02f01c-7f3a-476f-b365-a5dc7db6f34e,2026-07-28T18:17:58.316+00:00,cancelado,10,pendente,,
93c8f97a-837c-4682-9b9b-cb8cf12be19c,2026-07-12T21:44:32.133+00:00,concluido,66,autorizado,3700,23260747735810000150650020000037001316300830
a9dec6e2-f9d4-4133-bb96-f51764542a3c,2026-07-12T21:49:23.386+00:00,concluido,339.9,autorizado,3705,23260747735810000150650020000037051690495455
54cf6176-ceb4-4080-8026-1e40fac2c011,2026-07-12T21:46:58.578+00:00,concluido,158.4,autorizado,3703,23260747735810000150650020000037031517011528
daff21e0-7e51-4f83-adc9-54cfaff7f59c,2026-07-12T21:58:18.169+00:00,concluido,188.1,autorizado,3707,23260747735810000150650020000037071653513660
85772f35-6eef-4f72-a208-69693a41ff5f,2026-07-28T18:43:41.478+00:00,concluido,310.2,autorizado,4368,23260747735810000150650020000043681579575279
a17cd087-ae38-44e4-9462-fb78a5e5f57c,2026-07-12T21:58:55.315+00:00,concluido,291.5,autorizado,3708,23260747735810000150650020000037081195159588
5baae2bf-098a-4427-b339-453aacee00cb,2026-07-12T21:59:46.231+00:00,concluido,206.8,autorizado,3709,23260747735810000150650020000037091549326226
c8ccdb8f-28e0-4887-9cfd-97cc05d3152f,2026-07-28T18:45:40.073+00:00,concluido,181.5,autorizado,4369,23260747735810000150650020000043691895585944
42607c76-7f54-462d-928a-4d9a6581048e,2026-07-12T22:00:02.13+00:00,concluido,278,autorizado,3711,23260747735810000150650020000037111349583118
9413c158-b57e-439f-b7c3-c4d5247bc0b1,2026-07-12T22:02:18.235+00:00,concluido,228.8,autorizado,3714,23260747735810000150650020000037141667778909
6f97d266-2dc9-4c44-89ec-a5018afc8877,2026-07-12T22:01:11.585+00:00,concluido,290.07,autorizado,3712,23260747735810000150650020000037121353291735
0d64d8a6-77df-4711-a612-0b49eaadb855,2026-07-12T22:03:21.681+00:00,concluido,155.1,autorizado,3715,23260747735810000150650020000037151499134938
e8b33ee2-6500-4940-9cbb-66dbe1db07a2,2026-07-12T22:05:31.003+00:00,concluido,199.1,autorizado,3718,23260747735810000150650020000037181859000913
19f16ae1-6c1f-4480-9577-13e8e5d68c6a,2026-07-12T22:09:23.769+00:00,concluido,545.6,autorizado,3723,23260747735810000150650020000037231704540868
2a021028-bb05-4b3d-9777-e268573baa0b,2026-07-12T22:27:42.799+00:00,concluido,139.7,pendente,,
b4a5d6e9-98b6-4c0c-9706-a176ddca7182,2026-07-12T22:06:06.161+00:00,concluido,176,autorizado,3719,23260747735810000150650020000037191422038046
302ebd7c-3301-4e65-9b95-418f4df9cc52,2026-07-12T22:08:36.656+00:00,concluido,380.6,autorizado,3722,23260747735810000150650020000037221825241317
e5bc2e12-9ac0-48d1-aca9-8b9e1c72ae6f,2026-07-12T22:14:03.131+00:00,concluido,430.1,pendente,,
ac6b93ba-8281-4663-856e-588148e91a5d,2026-07-12T22:14:29.213+00:00,concluido,557.7,pendente,,
f86d24c3-5edd-4429-9b19-6a484486e20c,2026-07-12T22:14:43.922+00:00,concluido,433.4,pendente,,
e028de8f-24c0-48c2-b59e-9417c821c87b,2026-07-12T22:14:46.133+00:00,cancelado,0,pendente,,
29c6d874-296c-4797-a782-f1ca39834b70,2026-07-12T22:07:34.603+00:00,concluido,333.3,autorizado,3721,23260747735810000150650020000037211425907230
1a865936-8bc9-4e74-a4f2-06f2cab05623,2026-07-12T22:12:53.003+00:00,concluido,28.6,pendente,,
03beff87-a16b-46d8-9876-5af58c2520e4,2026-07-12T22:11:49.757+00:00,concluido,246,autorizado,3724,23260747735810000150650020000037241964722572
1920cb13-eafd-4014-979d-872196172c1c,2026-07-12T22:16:46.557+00:00,concluido,258.5,autorizado,3727,23260747735810000150650020000037271276255957
94f59f4d-45db-4691-855e-740344bbc3ee,2026-07-12T22:14:25.46+00:00,concluido,134.2,autorizado,3725,23260747735810000150650020000037251719154254
80d6bad3-7fd1-4286-b20e-1292a8067ea8,2026-07-12T22:19:01.077+00:00,concluido,0,pendente,,
b473e946-6501-441e-aa94-bc67f8c5a0cd,2026-07-12T22:19:20.325+00:00,concluido,215.39999999999998,autorizado,3731,23260747735810000150650020000037311471610356
776ea5f6-014f-44bb-9559-35eb15e30d16,2026-07-12T22:22:03.34+00:00,concluido,96.8,autorizado,3735,23260747735810000150650020000037351809709405
cf485492-de53-48dd-bcca-3bc14fbe77b2,2026-07-12T22:26:51.225+00:00,concluido,220,pendente,,
5adbeeea-ac8d-4333-8563-0d81c59c19a7,2026-07-12T22:15:45.129+00:00,concluido,0,pendente,,
1270c69f-81ef-4661-ba2c-e2439686b05f,2026-07-12T22:15:51.157+00:00,concluido,308.78,autorizado,3726,23260747735810000150650020000037261195639456
9f225d95-b851-46d4-8641-7c77ce7034c0,2026-07-12T22:17:32.989+00:00,concluido,258.5,autorizado,3728,23260747735810000150650020000037281194068638
4bb41780-02b0-4d2d-b294-9a3f820ddf24,2026-07-12T22:27:23.463+00:00,concluido,178.2,pendente,,
9a3c9ee9-4735-4018-9f6e-51add122ccd6,2026-07-24T16:10:08.137+00:00,concluido,37.4,pendente,,
71d52352-c36c-4dcc-8614-28767b587864,2026-07-12T22:18:07.114+00:00,concluido,198,autorizado,3729,23260747735810000150650020000037291424513430
8fa84450-e67e-4bc5-8b17-22ff1b5645c5,2026-07-12T22:20:04.79+00:00,concluido,807.4,autorizado,3732,23260747735810000150650020000037321208347590
9a9dec1f-efc0-417b-9e2b-e1540abfac3d,2026-07-12T22:23:11.229+00:00,concluido,7.7,autorizado,3738,23260747735810000150650020000037381244058122
5c59e518-9e3a-4477-80a6-861277a49283,2026-07-12T22:28:49.747+00:00,concluido,41.8,autorizado,3743,23260747735810000150650020000037431711082325
0b970ec1-264c-4805-ba39-0ed8cb7fde75,2026-07-24T16:11:17.363+00:00,concluido,7.7,pendente,,
28e5c8a9-eae8-4e26-bf57-e6af7963cbac,2026-07-24T16:33:23.89+00:00,cancelado,10,pendente,,
5801fb45-73bf-455f-a39b-023b35de915b,2026-07-12T22:18:18.093+00:00,concluido,575.3,autorizado,3730,23260747735810000150650020000037301731511401
656f7610-3937-4c2b-8513-98a3a3fd9056,2026-07-12T22:21:01.167+00:00,concluido,566.5,autorizado,3733,23260747735810000150650020000037331408538486
dad4d04c-1541-4b38-99ff-bf2ec0c25eb2,2026-07-12T22:21:32.478+00:00,concluido,119.9,autorizado,3734,23260747735810000150650020000037341605754197
b9273e4e-e8d1-406f-b6cd-5efaff540e28,2026-07-24T16:40:01.728+00:00,cancelado,10,pendente,,
33b0a649-01a5-4822-803a-a328b85b0df3,2026-07-12T22:22:33.721+00:00,concluido,152.9,autorizado,3736,23260747735810000150650020000037361219368534
0d7f766a-c31f-4ee1-ad69-d23023b6a297,2026-07-12T22:22:52.199+00:00,concluido,311.3,autorizado,3737,23260747735810000150650020000037371116680540
3f8cf816-ac5f-481d-bf04-7dff15ed1a11,2026-07-24T17:00:58.568+00:00,cancelado,10,pendente,,
e45fc59c-07f0-4c1d-b4a8-5ad84110b891,2026-07-28T18:19:35.398+00:00,concluido,217.8,autorizado,4352,23260747735810000150650020000043521356574370
866f342c-1e01-4060-904c-8c44965f78a3,2026-07-28T18:47:36.524+00:00,cancelado,10,pendente,,
a27df6d8-c40e-4a1c-802e-bdeaec872ad5,2026-07-12T22:24:16.982+00:00,concluido,161.7,autorizado,3739,23260747735810000150650020000037391108375372
9088aa71-1d30-4172-a436-1b356fcccf54,2026-07-12T22:24:43.934+00:00,concluido,51.7,autorizado,3740,23260747735810000150650020000037401843131968
034cd66e-53e8-4d7f-8807-0cf416683a3f,2026-07-12T22:24:59.706+00:00,concluido,349.47,pendente,,
e850b650-18a7-4d69-bba0-23ebedee0550,2026-07-24T17:19:02.353+00:00,cancelado,10,pendente,,
941def78-796c-4daf-88a0-62f93d0a873a,2026-07-24T17:21:53.061+00:00,cancelado,0,pendente,,
e896c454-042c-47e0-99fe-8326b19f57c3,2026-07-24T17:26:20.653+00:00,cancelado,10,pendente,,
536415f8-1622-4fe2-9293-087be0ae7a79,2026-07-12T22:25:36.027+00:00,concluido,375.87,autorizado,3741,23260747735810000150650020000037411899166551
29d2d7ef-27bf-4e1a-9492-294073ff4aca,2026-07-29T21:26:00.141+00:00,cancelado,26,pendente,,
c5c61d05-49e9-45ae-b304-bea14268593b,2026-07-29T21:23:19.382+00:00,concluido,134,autorizado,4541,23260847735810000150650020000045411217739591
0c4573e8-d478-4885-8a64-30e6416df3c1,2026-07-12T22:28:05.789+00:00,concluido,194.7,autorizado,3742,23260747735810000150650020000037421397234299
5b5938e6-864e-47c3-a8ef-99b017eb7a35,2026-07-12T22:29:45.418+00:00,concluido,171.6,autorizado,3744,23260747735810000150650020000037441243448161
c74ed313-0765-46ff-ae93-ab4c0ed8eb06,2026-07-12T22:30:20.329+00:00,concluido,266.2,autorizado,3745,23260747735810000150650020000037451144548866
0051fd59-dacc-4e7b-999c-7f03952b7c54,2026-07-12T22:32:04.412+00:00,concluido,140,autorizado,3747,23260747735810000150650020000037471627904246
47bd7456-8f15-4b8d-b944-1ab29e308ed1,2026-07-12T22:46:24.25+00:00,concluido,210.1,autorizado,3768,23260747735810000150650020000037681357733223
82674484-fb0b-4c5e-84bd-b0736ea12c0e,2026-07-12T22:50:01.675+00:00,concluido,308,autorizado,3772,23260747735810000150650020000037721289839176
ae2bdc3d-ea3a-45ed-bd0d-d234722d2c8a,2026-07-12T22:31:00.582+00:00,concluido,167.2,autorizado,3746,23260747735810000150650020000037461730087436
5f2b2eaa-58b7-4662-a78f-98fcab754198,2026-07-12T22:32:37.372+00:00,concluido,5.5,autorizado,3748,23260747735810000150650020000037481801891814
3f90dc1e-3aea-447e-96e9-8aaf6d245fc9,2026-07-12T22:33:23.704+00:00,concluido,164,autorizado,3749,23260747735810000150650020000037491100193581
393dc670-5f6a-438b-9c73-d861b7a79877,2026-07-29T21:38:35.745+00:00,cancelado,0,pendente,,
9511e867-16eb-4ce4-baec-88aff86440f6,2026-07-12T22:35:47.316+00:00,concluido,96.7,autorizado,3753,23260747735810000150650020000037531757980497
ebc024cb-ab37-41bb-8253-c6d04c0bfa84,2026-07-12T22:41:20.166+00:00,concluido,454.3,autorizado,3762,23260747735810000150650020000037621433406298
129f0b89-dd6e-43fe-87d3-f8b573568ef0,2026-07-24T18:19:34.3+00:00,cancelado,10,pendente,,
18d8939b-547f-4ca6-9401-9434072a85ae,2026-07-24T18:22:39.979+00:00,cancelado,0,pendente,,
de72c0dd-63a1-47f7-87a8-520c6f1a2899,2026-07-12T22:34:12.502+00:00,concluido,54.89,autorizado,3750,23260747735810000150650020000037501742093633
62411ebb-a2ce-4d01-93f3-0418efe25b2e,2026-07-29T21:38:53.871+00:00,cancelado,0,pendente,,
1fc1c8e1-6728-413b-9c70-05907e4c2238,2026-07-12T22:34:37.366+00:00,concluido,6.6,autorizado,3751,23260747735810000150650020000037511897778041
bd628370-df13-4ac7-b1e8-7de8ce754dae,2026-07-12T22:34:49.926+00:00,concluido,246.4,autorizado,3752,23260747735810000150650020000037521921776357
cab9426c-70f1-42c2-bf12-ceac15674d2d,2026-07-12T22:36:40.958+00:00,concluido,133,autorizado,3755,23260747735810000150650020000037551707675474
1a0b79de-ccbb-4c1a-bd04-86fcac6c6086,2026-07-12T22:36:06.281+00:00,concluido,537.9,autorizado,3754,23260747735810000150650020000037541949743830
5e94117b-8f2f-4bce-8246-beeb36c28405,2026-07-12T22:37:10.796+00:00,concluido,368.5,autorizado,3756,23260747735810000150650020000037561866307388
faa928ad-91b9-496a-be80-c177186a44d4,2026-07-12T22:37:19.739+00:00,concluido,393.79999999999995,autorizado,3757,23260747735810000150650020000037571305908606
113d1037-98b1-4b5c-875e-90ad85ad1ab1,2026-07-12T22:49:14.853+00:00,concluido,127.6,autorizado,3771,23260747735810000150650020000037711450023724
4ebd4c72-3d34-43ad-ad47-2f4a14d43f08,2026-07-12T22:56:38.918+00:00,cancelado,0,pendente,,
09b03626-50b4-454f-8b0c-550e3d308205,2026-07-12T22:57:27.355+00:00,cancelado,0,pendente,,
4e41c21d-ba68-4967-b280-f9a56a2b750f,2026-07-12T23:02:08.894+00:00,cancelado,21,pendente,,
b7da2782-c62c-4a5b-bf7b-b50bfb39a9e9,2026-07-12T22:37:32.713+00:00,concluido,62,autorizado,3758,23260747735810000150650020000037581463643112
122b94ff-0171-42f7-b26f-4fb0acbf7bec,2026-07-12T23:03:15.22+00:00,cancelado,13,pendente,,
362a0d4d-5654-4540-b7cc-558f3a8a4bc2,2026-07-12T23:09:21.748+00:00,concluido,190.4,autorizado,3778,23260747735810000150650020000037781997470719
fd3b0290-38cb-4419-a216-0ab3dd19184d,2026-07-12T22:38:52.501+00:00,concluido,175.60000000000002,autorizado,3759,23260747735810000150650020000037591815571373
0e701f7b-2445-41cf-aa78-84c3f662815b,2026-07-12T22:40:03.14+00:00,concluido,142.5,autorizado,3761,23260747735810000150650020000037611749804709
92db4c06-c4cb-4ea1-8791-a11b57a415e2,2026-07-12T23:22:13.307+00:00,cancelado,0,pendente,,
ec7cff36-5812-4cfd-b9a8-2c505470c57c,2026-07-12T23:24:06.449+00:00,cancelado,0,pendente,,
fe1fa34d-f112-4d9e-834d-e3384ffb0405,2026-07-12T23:24:27.712+00:00,cancelado,0,pendente,,
43ad0d57-55d6-4ed3-b9f4-0a959fe6e31c,2026-07-12T22:39:49.497+00:00,concluido,224.4,autorizado,3760,23260747735810000150650020000037601700172370
2a6e2b37-b27a-44c3-99e7-9112c6cd2480,2026-07-12T22:51:11.552+00:00,concluido,389.3,autorizado,3774,23260747735810000150650020000037741282716308
816434b7-e93b-492e-9516-a7f39b6933e4,2026-07-28T18:21:22.965+00:00,concluido,219,autorizado,4353,23260747735810000150650020000043531725372257
728b50f4-b426-46b6-9f71-b525621e74a3,2026-07-12T22:41:38.003+00:00,concluido,592.63,autorizado,3763,23260747735810000150650020000037631549514213
cf7eff9b-2c42-4a67-8090-b6da9f11b0d6,2026-07-12T22:41:41.722+00:00,concluido,150,autorizado,3764,23260747735810000150650020000037641195611765
c94967e3-3640-4822-bd70-c221f55f81e4,2026-07-12T22:47:56.633+00:00,cancelado,1.5,pendente,,
666099ee-8eed-41b7-acdc-0951d8d5853c,2026-07-12T22:51:59.036+00:00,concluido,144.1,autorizado,3775,23260747735810000150650020000037751248586704
b7d98b3e-e2fb-4524-80c2-3d9a0d83bd8e,2026-07-12T22:57:06.907+00:00,cancelado,0,pendente,,
779855e4-e8ea-4483-a71c-aba8be96cbaa,2026-07-12T23:01:45.548+00:00,cancelado,10,pendente,,
518f9368-91ca-4714-ae0c-301ba37a1bee,2026-07-12T23:23:53.897+00:00,cancelado,0,pendente,,
29168964-0d2a-4377-99c3-79152024b7bd,2026-07-12T23:24:18.9+00:00,cancelado,0,pendente,,
ef760949-f45c-4c41-a9f1-4ceb3d47c03e,2026-07-12T22:43:00.605+00:00,concluido,18,autorizado,3765,23260747735810000150650020000037651409933897
3cb77aec-8f03-45be-8d90-3e20703580d1,2026-07-12T22:47:55.523+00:00,concluido,237,autorizado,3769,23260747735810000150650020000037691997649922
b5ba28fc-6876-40fa-b1d9-dcd2a4c0d193,2026-07-12T22:56:07.911+00:00,cancelado,0,pendente,,
46f811a8-24a2-4e91-b8d3-59fec36ec689,2026-07-12T22:44:28.408+00:00,concluido,189.2,autorizado,3766,23260747735810000150650020000037661931876791
48854421-480d-4522-82fe-08453033326b,2026-07-12T22:45:32.24+00:00,concluido,310.5,autorizado,3767,23260747735810000150650020000037671193918059
42801925-58b7-44be-a6e4-92d0a7183ea2,2026-07-12T22:49:08.061+00:00,concluido,48.8,autorizado,3770,23260747735810000150650020000037701145620059
edeb9b4c-8385-4842-95e4-bca0e81683ef,2026-07-12T22:51:06.288+00:00,concluido,227.7,autorizado,3773,23260747735810000150650020000037731445009560
0501706f-e147-4290-94a2-bf6010668f09,2026-07-12T22:54:13.032+00:00,concluido,415,autorizado,3776,23260747735810000150650020000037761796596389
0986b8bf-a9cd-4968-a090-6619f0819e68,2026-07-12T23:02:09.67+00:00,concluido,1664.9,pendente,,
d8e9dfcd-1310-4d30-871b-b3122dafad69,2026-07-12T22:55:46.945+00:00,concluido,563.1999999999999,autorizado,3777,23260747735810000150650020000037771438839330
d9b759bb-48ca-49d8-8b2c-250fffbfad3a,2026-07-12T22:57:57.49+00:00,cancelado,0,pendente,,
ce7ed008-43b0-4bcb-9052-481864b8a2bb,2026-07-28T18:47:01.595+00:00,concluido,178.2,autorizado,4370,23260747735810000150650020000043701112719938
a55fe28f-feb0-476a-a003-e41c3ccd5c7b,2026-07-14T17:19:56.826+00:00,concluido,401.28,autorizado,3782,23260747735810000150650020000037821992288940
07b074fd-3cd1-4616-9123-999cfeab3075,2026-07-14T18:26:58.554+00:00,cancelado,10,pendente,,
2be75f5e-3331-44db-a193-ccdc3ea61683,2026-07-14T17:02:52.242+00:00,concluido,205.48,autorizado,3780,23260747735810000150650020000037801943129146
0b79321c-21dc-4b5c-bb80-0a126448ec4a,2026-07-30T11:57:16.354+00:00,cancelado,0,pendente,,
0e44f0d9-761e-4f05-93d5-008bb69d71a2,2026-07-30T11:58:10.358+00:00,cancelado,0,pendente,,
6763e49d-5861-40c7-810b-e046f242ed4d,2026-07-14T17:17:31.555+00:00,concluido,177.1,autorizado,3781,23260747735810000150650020000037811949491456
60ccb70f-1480-4056-bbbf-fc8197197f22,2026-07-30T11:57:27.211+00:00,cancelado,0,pendente,,
0d6008cc-9510-42f7-9f71-16f91a4e96c5,2026-07-14T17:34:49.257+00:00,concluido,157.3,autorizado,3783,23260747735810000150650020000037831816607466
e5e1c735-09d9-4a09-920c-dab5853f6d15,2026-07-24T18:25:09.941+00:00,concluido,28.6,autorizado,4102,23260747735810000150650020000041021143891413
bb299d42-54d3-49a1-9f50-99e09a0d7e86,2026-07-24T18:34:09.26+00:00,cancelado,10,pendente,,
361d83fa-a93c-40d7-9f68-606b1eaeb318,2026-07-24T18:36:43.659+00:00,cancelado,0,pendente,,
8572f4d0-e151-401c-89bb-213367b10a36,2026-07-24T18:37:19.221+00:00,concluido,148.5,autorizado,4115,23260747735810000150650020000041151736581233
1d3b7711-1bd5-411f-91af-c6ebba7f180b,2026-07-24T18:38:30.023+00:00,cancelado,0,pendente,,
a3f0c928-0a48-4edb-b269-ff460b467672,2026-07-14T17:39:32.65+00:00,concluido,346.28,autorizado,3784,23260747735810000150650020000037841192424460
c03e4fb4-252f-45cf-b994-ef55a34174f8,2026-07-14T17:42:01.124+00:00,concluido,311.3,autorizado,3785,23260747735810000150650020000037851290085358
c140606f-07b5-4fcc-aab7-375d3d7988ad,2026-07-14T17:53:39.234+00:00,concluido,108.9,autorizado,3786,23260747735810000150650020000037861732941073
fd09fab3-4de9-47e2-ae02-20996f0563af,2026-07-14T18:06:19.969+00:00,concluido,280,pendente,,
65c9ea21-08c7-4389-8545-2af22538cbe7,2026-07-30T11:57:34.043+00:00,cancelado,0,pendente,,
c67edd0b-d5ba-4f9e-90b7-49cc2816fd5a,2026-07-30T11:57:39.863+00:00,cancelado,0,pendente,,
31ba7390-e95b-4c11-8c8c-b045104dafe0,2026-07-30T11:58:03.953+00:00,cancelado,0,pendente,,
f8ba3f9d-60b8-472c-a74e-d777b7b2770d,2026-07-14T18:11:47.754+00:00,concluido,50.6,autorizado,3788,23260747735810000150650020000037881906274802
96e66d88-5b6d-4672-a43d-d5fbffbe907b,2026-07-14T18:21:51.247+00:00,concluido,260.7,autorizado,3790,23260747735810000150650020000037901431428736
3f99c293-e94b-4e14-8014-9aecad5211a9,2026-07-30T11:57:47.188+00:00,cancelado,0,pendente,,
0ffb0474-bccc-43ca-8bce-a6da8e223012,2026-07-14T18:17:35.595+00:00,concluido,213.4,autorizado,3789,23260747735810000150650020000037891181403919
37b2d352-f614-434d-b72b-3a2c138aa562,2026-07-30T11:57:53.287+00:00,cancelado,0,pendente,,
516440a4-c5bf-4e76-b8ac-2624b88bb4ce,2026-07-14T18:25:45.737+00:00,concluido,200.2,autorizado,3791,23260747735810000150650020000037911885043918
e53f0472-7b31-428a-a51e-6a792443b051,2026-07-14T18:25:53.918+00:00,concluido,256.3,autorizado,3792,23260747735810000150650020000037921934855191
7153e090-dfae-4976-8090-292ec4566a93,2026-07-14T18:26:49.69+00:00,concluido,380.6,autorizado,3793,23260747735810000150650020000037931261979682
76e43c9a-9e95-4485-9f80-d235e0832f01,2026-07-14T18:31:45.267+00:00,concluido,526.9,rejeitado,3796,23260747735810000150650020000037961718598266
b94c3871-dc03-48a9-bb25-5e4ae091164e,2026-07-14T18:29:20.347+00:00,concluido,152.9,autorizado,3795,23260747735810000150650020000037951717382424
87a928e4-6c7b-4abc-b2b6-abfd0ab8ceb6,2026-07-14T18:34:43.521+00:00,concluido,253,autorizado,3798,23260747735810000150650020000037981167568409
6a0c1bdd-1b2a-418a-8191-cefdef3ac80d,2026-07-14T20:09:34.547+00:00,concluido,10,autorizado,3842,23260747735810000150650020000038421148962482
305e096b-8352-451d-8260-c604ffe25844,2026-07-14T18:34:27.919+00:00,concluido,265.1,autorizado,3797,23260747735810000150650020000037971587091896
70a5432a-1f5d-479c-8c4d-0bf484046284,2026-07-14T18:37:33.891+00:00,concluido,199.10000000000002,autorizado,3800,23260747735810000150650020000038001520865846
ccd9e171-8598-4a60-bcb2-fc10acaafb14,2026-07-14T18:38:49.932+00:00,concluido,159.39,autorizado,3801,23260747735810000150650020000038011307536269
13e3a518-026b-43ed-986a-b734d208f5c4,2026-07-14T18:37:02.33+00:00,cancelado,0,autorizado,3799,23260747735810000150650020000037991449539250
6db5795a-cdfd-4a7b-8fde-3f16c328b4be,2026-07-14T18:40:00.546+00:00,concluido,139.7,autorizado,3803,23260747735810000150650020000038031149337540
88717f3d-6a1e-48dc-ad85-aba4d3d3aa06,2026-07-14T18:40:51.325+00:00,concluido,264,autorizado,3804,23260747735810000150650020000038041662927611
3dd88e02-baae-4a7a-83e0-7bdf7dfce21b,2026-07-14T18:40:52.892+00:00,concluido,124.3,autorizado,3805,23260747735810000150650020000038051898913697
94458c49-1a69-4d8e-acff-f7a942c52636,2026-07-14T18:39:52.345+00:00,concluido,183.7,autorizado,3802,23260747735810000150650020000038021135924670
1698d525-5078-4601-be51-249271fb9fe4,2026-07-14T18:41:49.561+00:00,concluido,302.5,autorizado,3806,23260747735810000150650020000038061415504930
41aa4c46-c500-459b-8075-2d4320164684,2026-07-14T18:43:42.833+00:00,concluido,275,autorizado,3807,23260747735810000150650020000038071960077065
fa9e6fe0-9c35-4b01-bb73-66e77b764e0b,2026-07-14T18:44:18.986+00:00,concluido,91.3,autorizado,3809,23260747735810000150650020000038091756180575
7f3a3f3a-c4f6-4304-b284-b25a8aabb651,2026-07-14T18:45:31.933+00:00,cancelado,10,pendente,,
fa0e1f7d-58b5-4fac-9f34-5e4ae717e5d6,2026-07-14T18:44:09.637+00:00,concluido,42.9,autorizado,3808,23260747735810000150650020000038081523520244
4932747a-fc48-444b-b0a4-df9915eb5698,2026-07-14T18:46:00.529+00:00,concluido,440,autorizado,3812,23260747735810000150650020000038121517269538
4c0f426c-0536-4e34-91bd-c0d32620efbd,2026-07-14T18:51:40.504+00:00,concluido,92.18,autorizado,3817,23260747735810000150650020000038171865094469
3d75fe83-e65b-4508-b031-1ac91526631b,2026-07-14T18:52:23.689+00:00,concluido,194.7,autorizado,3818,23260747735810000150650020000038181771407720
445af2c1-fd4a-4c5f-8e1a-b6d7e5f58518,2026-07-14T18:45:32.525+00:00,concluido,165,autorizado,3811,23260747735810000150650020000038111675689611
74f0f3a6-c9a8-424a-a6ec-1a414e74fb29,2026-07-14T18:47:57.393+00:00,concluido,244.2,autorizado,3814,23260747735810000150650020000038141928206356
a6cba9bf-add9-4f09-9461-c3259f3649d4,2026-07-14T18:50:30.563+00:00,concluido,812.02,autorizado,3815,23260747735810000150650020000038151447260210
bcc25958-6ec3-4e61-9d71-8b835dda7f80,2026-07-14T18:50:58.092+00:00,concluido,244.97,autorizado,3816,23260747735810000150650020000038161993469832
e9f79096-3614-4979-a152-ddef8db27be5,2026-07-28T18:23:52.435+00:00,concluido,210.1,autorizado,4355,23260747735810000150650020000043551917714851
2b685243-5f04-41a7-ac9f-6eb0a58e1d1e,2026-07-14T18:53:42.001+00:00,concluido,223.3,autorizado,3821,23260747735810000150650020000038211600906956
48b0db21-1108-4f34-955e-4fc17aef2eab,2026-07-14T18:58:04.135+00:00,concluido,276.1,autorizado,3824,23260747735810000150650020000038241715253787
3927150b-08b3-4e0b-bd27-280e6c9e9935,2026-07-14T18:58:42.414+00:00,concluido,303.49,autorizado,3825,23260747735810000150650020000038251912874757
42fcd84e-2195-4e5e-8f9e-8b4b3ab40dac,2026-07-14T18:55:33.32+00:00,concluido,55,autorizado,3823,23260747735810000150650020000038231625104947
94f340b2-89d7-4ded-91a9-1fa7f419e101,2026-07-14T18:59:14.652+00:00,concluido,73.7,autorizado,3826,23260747735810000150650020000038261720584413
59268f4b-ad69-4535-923e-f76797605501,2026-07-14T19:02:02.291+00:00,cancelado,10,pendente,,
4b75419e-2ee0-4d95-b3d3-3d91250db2e6,2026-07-14T18:46:39.375+00:00,cancelado,52.47,rejeitado,3813,23260747735810000150650020000038131435554279
ad475ed5-0dcc-4277-b9c6-8aa8e94a0db4,2026-07-29T18:32:46.327+00:00,concluido,277.2,autorizado,4431,23260747735810000150650020000044311748549704
68b4f5d1-b96a-4169-9541-a6bc4338f939,2026-07-14T18:59:47.517+00:00,concluido,166.87,autorizado,3827,23260747735810000150650020000038271798034222
f9c64a27-bff6-4617-be0f-42e8521bdb3c,2026-07-14T19:00:29.605+00:00,cancelado,0,pendente,,
cc134c66-b506-4a52-85cc-3c10eb37b363,2026-07-14T19:02:15.183+00:00,concluido,317.9,autorizado,3830,23260747735810000150650020000038301876812327
4bac929e-4aca-4297-80fc-50ef6747b659,2026-07-14T19:01:25.734+00:00,concluido,180,autorizado,3829,23260747735810000150650020000038291469237799
2f811197-6a55-4d2c-a03c-77f824a60c34,2026-07-14T19:01:49.11+00:00,cancelado,10,pendente,,
e741b4d0-2946-4be2-9f42-2deb538e79c8,2026-07-30T14:25:15.883+00:00,cancelado,0,pendente,,
ab579bd4-ecd7-42a6-8bef-8e7e5ee8f30f,2026-07-14T19:02:47.134+00:00,concluido,108.9,autorizado,3831,23260747735810000150650020000038311768426761
0708aa9a-3c3d-4527-a412-c14dcbb99182,2026-07-14T18:19:31.762+00:00,concluido,179.3,autorizado,3838,23260747735810000150650020000038381235915404
86320927-97f3-4a31-91f9-9041afcddef2,2026-07-14T18:15:52.708+00:00,concluido,336.6,autorizado,3839,23260747735810000150650020000038391829158620
5775b0ff-2d3e-4fe9-88d2-78013bfb8e59,2026-07-12T22:40:42.418+00:00,concluido,160.6,autorizado,3840,23260747735810000150650020000038401500647415
4f2a1257-5e69-49d1-83ee-8bff8b202a5e,2026-07-14T19:47:34.85+00:00,concluido,0,pendente,,
2580a89f-f382-4806-9415-66bd08f21471,2026-07-14T19:17:48.934+00:00,concluido,476.19,autorizado,3832,23260747735810000150650020000038321994350050
dd409b9e-04bc-4f0f-b18d-61e5b0bf6b50,2026-07-14T19:25:36.952+00:00,concluido,131.67000000000002,autorizado,3837,23260747735810000150650020000038371212027335
8cabd544-5300-4d37-825e-d99491ede91c,2026-07-14T19:38:59.532+00:00,concluido,15,autorizado,3841,23260747735810000150650020000038411710788136
a1b35bd9-1f3d-4aa2-bca7-010e1db1f1a9,2026-07-14T19:20:15.914+00:00,concluido,161.7,autorizado,3833,23260747735810000150650020000038331514046767
1f7a812c-9362-4143-8985-881f38b39748,2026-07-14T19:23:40.501+00:00,concluido,34.1,autorizado,3834,23260747735810000150650020000038341507161294
3718107a-fda3-47be-8a6f-e28b8d25a374,2026-07-14T19:36:40.335+00:00,concluido,249.7,rejeitado,3836,23260747735810000150650020000038361408747376
d4eb8456-acd0-427c-8b88-6c49a2e8125a,2026-07-14T19:43:46.229+00:00,concluido,411,pendente,,
b6d4b972-ea0d-42b5-840c-9fa62d6dc9f6,2026-07-14T19:46:49.725+00:00,concluido,0,pendente,,
13bf0098-153d-4411-876e-31ab84c312ef,2026-07-14T20:23:28.877+00:00,concluido,465,autorizado,3843,23260747735810000150650020000038431596967299
e118ed9f-76e5-4970-8153-f0a948a6c764,2026-07-30T14:32:20.242+00:00,cancelado,160,pendente,,
1ef2176e-9e13-4b43-8246-339702e54b96,2026-07-30T15:21:22.633+00:00,cancelado,45,pendente,,
ce10ae32-f19a-4e02-9618-976a03008992,2026-07-30T18:22:53.505+00:00,cancelado,85,pendente,,
8d89d969-4787-4d6b-afc6-1ba58f687ac7,2026-07-30T15:23:20.797+00:00,cancelado,50,pendente,,
9e5d901e-87cf-4666-8782-3638c1b6415f,2026-07-30T15:38:47.126+00:00,cancelado,0,pendente,,
d0652dad-6be8-4871-8785-761569927146,2026-07-28T20:37:53.886+00:00,concluido,500.8,pendente,,
2d25169b-77fe-48a0-b274-f5fc066a6878,2026-07-30T16:26:24.96+00:00,cancelado,21,pendente,,
8f3ac9c9-e39b-4419-878a-4be5f955f84d,2026-07-29T18:43:11.095+00:00,concluido,116.6,autorizado,4432,23260747735810000150650020000044321179558825
2412fdc9-3124-46f6-b5d7-3fa826d17a6e,2026-07-30T16:13:47.917+00:00,concluido,136.4,autorizado,4450,23260747735810000150650020000044501865050060
623dd807-dd81-4f2e-89c3-f1fcca6dc1bb,2026-07-28T18:25:10.12+00:00,concluido,489.5,autorizado,4356,23260747735810000150650020000043561676924680
7a2f1e47-1fef-4d92-aa27-76f280551cb3,2026-07-30T18:32:45.154+00:00,concluido,193.6,autorizado,4467,23260747735810000150650020000044671530247179
8c66ae4d-552b-44cd-8ca0-47ec68e63dc5,2026-07-17T12:02:39.76+00:00,cancelado,0,pendente,,
6a625df8-fd2b-44e5-a2ed-7694e4aa5e80,2026-07-17T12:02:46.656+00:00,cancelado,0,pendente,,
5b88acac-b19e-4125-b3af-6e6b0f7b3b1c,2026-07-17T12:02:56.735+00:00,cancelado,0,pendente,,
ff99f1f3-ae27-4b18-a1d9-7d7ce65c5ef5,2026-07-17T15:47:04.634+00:00,cancelado,125,pendente,,
9f3d77c1-f5bd-4a86-9204-cbfe2cfbbd2a,2026-07-17T16:07:09.385+00:00,cancelado,140,pendente,,
e112d41f-bed7-4bbd-8736-e5bf01dae0a1,2026-07-17T18:36:11.249+00:00,cancelado,6,pendente,,
6126c16c-dbf8-401d-a1a9-3e7ca925c6cd,2026-07-17T16:27:18.077+00:00,cancelado,26,pendente,,
bf5e7b27-49fe-40ad-a505-571fbd20572f,2026-07-17T19:04:17.671+00:00,concluido,95.7,autorizado,3872,23260747735810000150650020000038721791720266
194f5faf-4687-472a-9bf7-1117538e6b3d,2026-07-18T16:31:12.47+00:00,cancelado,238.7,autorizado,3880,23260747735810000150650020000038801457452455
89c5460d-c8f5-466e-b75b-ed94b22d8184,2026-07-17T17:18:08.642+00:00,concluido,259.6,autorizado,3844,23260747735810000150650020000038441652092091
ad70fb92-a653-409a-9517-360283ba70e6,2026-07-17T17:34:02.23+00:00,cancelado,14,pendente,,
950fde98-b3c0-4475-83cc-183ed9b1710d,2026-07-18T16:44:11.322+00:00,cancelado,7,pendente,,
95cd695d-9f5c-4491-a7bc-4334596b9fc1,2026-07-18T16:47:23.25+00:00,concluido,412.94,autorizado,3882,23260747735810000150650020000038821471717163
f95d204d-c987-4679-b825-f280ecb6d9eb,2026-07-21T16:18:44.668+00:00,cancelado,10,pendente,,
c3dc172a-c8a6-4981-9232-717e31c33923,2026-07-21T16:33:38.483+00:00,concluido,288.2,autorizado,3994,23260747735810000150650020000039941638649812
701fbc05-f91e-466f-9b47-f3f2dfd03d89,2026-07-30T16:14:36.743+00:00,concluido,421.3,autorizado,4451,23260747735810000150650020000044511710775041
7d2b1471-623e-4b0e-bed9-644aaf46924d,2026-07-17T17:22:31.075+00:00,concluido,342.1,autorizado,3846,23260747735810000150650020000038461588956943
1bb9a6cc-aaa4-48d5-984c-635796649de4,2026-07-30T18:45:55.474+00:00,cancelado,27,pendente,,
f1522e1b-3c95-4a65-b1ca-e7c65eedbdb0,2026-07-30T18:55:30.422+00:00,cancelado,11.9,pendente,,
5baf4492-ac89-4423-af55-202ce5cec916,2026-07-30T19:22:29.449+00:00,concluido,291,autorizado,4501,23260747735810000150650020000045011204288074
e56d70e9-4bff-414a-9905-0af2f7c91241,2026-07-17T17:35:45.168+00:00,concluido,39.27,autorizado,3847,23260747735810000150650020000038471185681099
4b8b2a66-3371-4d9d-a158-40e602ad19d5,2026-07-17T17:47:22.934+00:00,concluido,281.6,autorizado,3848,23260747735810000150650020000038481868446397
b1d1ace9-8a5b-4ab4-9858-2977d4e85c3f,2026-07-17T19:41:16.489+00:00,concluido,55.5,pendente,,
cabf97d5-632d-4fc0-95dc-9d9fc552ed5f,2026-07-18T16:52:20.703+00:00,cancelado,10,pendente,,
5e3fb449-3fd9-4640-baea-08517cb054a5,2026-07-18T16:54:03.156+00:00,concluido,582.78,autorizado,3883,23260747735810000150650020000038831460771967
b73712f7-d533-405e-8104-7c81b3596efe,2026-07-21T16:32:41.364+00:00,cancelado,10,pendente,,
3bdef5a7-61b3-4800-a051-d8b4feeeec53,2026-07-17T17:48:21.459+00:00,concluido,106.7,autorizado,3849,23260747735810000150650020000038491219901520
7dd588e0-d6d2-4fb6-aca7-c58d4bdfea89,2026-07-17T17:50:26.691+00:00,concluido,510.4,autorizado,3850,23260747735810000150650020000038501541344561
c850bdce-063f-43cc-8668-9f62730c883f,2026-07-17T19:42:21.57+00:00,cancelado,36,pendente,,
808837b1-75c2-4902-9140-53df9386fead,2026-07-18T17:53:54.934+00:00,concluido,447.37,rejeitado,3890,23260747735810000150650020000038901182453762
1df1a8e1-71d8-4f7d-a652-820adfd12ebf,2026-07-21T17:23:03.292+00:00,concluido,453,pendente,,
e02a726d-07ba-453e-b749-26dfb98930ad,2026-07-17T18:12:01.506+00:00,concluido,103.4,autorizado,3851,23260747735810000150650020000038511689149385
61f971f2-7fbd-4dbc-9667-fa6bd9533cd9,2026-07-17T18:14:43.125+00:00,concluido,99,autorizado,3852,23260747735810000150650020000038521177362044
20b2a585-7a0b-41f2-b208-80b9be61b94c,2026-07-17T18:36:03.275+00:00,cancelado,10,pendente,,
e84e725f-2ec2-4fd7-ad83-ded448bdb6e1,2026-07-17T18:42:48.337+00:00,concluido,188.1,autorizado,3858,23260747735810000150650020000038581884352560
5531d7be-d48d-438d-9f52-661356efe6fd,2026-07-17T18:41:43.152+00:00,concluido,349.8,autorizado,3867,23260747735810000150650020000038671565604218
2ebc80f5-391e-40e4-87f5-91fd12f35f8a,2026-07-17T21:50:46.45+00:00,cancelado,30,pendente,,
b5a0389c-bccb-4686-b13b-886738b544a3,2026-07-18T18:11:22.271+00:00,cancelado,10,pendente,,
57462526-2ed7-4bc2-b57f-0d8c9797cf4b,2026-07-21T17:24:31.688+00:00,concluido,7.7,pendente,,
a6e964e4-8371-4ec9-9a3f-069e025603f2,2026-07-17T18:22:39.214+00:00,concluido,247.5,autorizado,3853,23260747735810000150650020000038531516151170
2c1bb2e8-4058-4604-9a40-de8aa24df678,2026-07-17T18:29:33.02+00:00,concluido,320.98,autorizado,3854,23260747735810000150650020000038541484234064
38795976-708e-4a4c-9224-bb1859ef2799,2026-07-17T18:30:55.599+00:00,concluido,18.7,autorizado,3855,23260747735810000150650020000038551855907255
e9389427-4407-40b5-b6f5-9657736b98d3,2026-07-17T18:33:04.681+00:00,concluido,101.2,autorizado,3856,23260747735810000150650020000038561843836495
2114ebe7-3d3c-47c8-9833-df2fb03f0476,2026-07-17T21:50:59.184+00:00,cancelado,30,pendente,,
c90eebf8-1325-4bfa-9ab0-f128b1943c08,2026-07-17T18:36:57.131+00:00,concluido,180.4,autorizado,3857,23260747735810000150650020000038571821484054
f7156ec5-ee94-42c8-b322-a9b07c29a87c,2026-07-17T18:46:42.538+00:00,cancelado,95.7,autorizado,3861,23260747735810000150650020000038611943116389
43954761-1d58-4d77-bf4d-a07f7bfb8416,2026-07-17T22:15:30.73+00:00,cancelado,0,pendente,,
e7b674a8-af7a-441c-a6ab-ad4a4cb7aa36,2026-07-21T17:27:29.522+00:00,concluido,15,autorizado,3995,23260747735810000150650020000039951408780906
d0688c98-5b37-482a-8343-0e6ccf12babb,2026-07-21T17:34:06.343+00:00,concluido,226.6,autorizado,3996,23260747735810000150650020000039961548742230
334fbd64-7534-4ed9-961e-b761724d3ca9,2026-07-17T18:44:51.097+00:00,concluido,195.8,autorizado,3859,23260747735810000150650020000038591713870601
85bfc9ef-d90e-468d-b7f4-b1e3b84edf9f,2026-07-17T18:45:29.297+00:00,concluido,53.9,autorizado,3860,23260747735810000150650020000038601142144956
189c0568-03a4-4808-8bc7-b1a750528fc5,2026-07-18T14:01:39.761+00:00,cancelado,110,pendente,,
fe93811b-7be6-4f80-a683-f19cadabc30c,2026-07-18T14:21:31.77+00:00,cancelado,170,pendente,,
b56ecb64-b963-42d5-a2f2-a4f38c2d8ee0,2026-07-21T17:54:07.396+00:00,cancelado,10,pendente,,
9e177377-ad76-48a3-bdfa-c9c7a8bd1691,2026-07-21T18:11:20.475+00:00,concluido,48.29,autorizado,4013,23260747735810000150650020000040131342443133
89e3e711-496e-487c-bc3a-d08ba433aea6,2026-07-17T18:50:09.935+00:00,concluido,26.4,autorizado,3862,23260747735810000150650020000038621289731820
f950f0a0-381f-4c4a-a482-20fafba2ae53,2026-07-28T18:27:19.813+00:00,concluido,170.5,autorizado,4357,23260747735810000150650020000043571610861459
bc3211b2-f68d-48dc-8963-6d19d84aa555,2026-07-17T18:53:14.054+00:00,concluido,215.6,autorizado,3863,23260747735810000150650020000038631455271320
f3a10208-5582-4382-af6e-84edf66e4387,2026-07-17T18:54:10.481+00:00,concluido,449.9,autorizado,3864,23260747735810000150650020000038641371264681
b013e710-3c63-4bea-8912-0d0ac2680144,2026-07-17T18:54:55.897+00:00,concluido,149.6,autorizado,3865,23260747735810000150650020000038651644606952
3a02fb4c-2d00-477f-8f0e-3a5e97f9dceb,2026-07-18T14:01:53.847+00:00,cancelado,20,pendente,,
ce360648-5632-4eea-9060-332a78b01b0d,2026-07-21T18:00:13.921+00:00,cancelado,0,pendente,,
baf95022-cd46-49b0-a9de-10da8a5007cf,2026-07-21T18:06:40.344+00:00,cancelado,140,pendente,,
81b1f827-5711-4974-8394-52bec04cf4fc,2026-07-21T18:08:47.339+00:00,cancelado,10,pendente,,
57e8e019-33cd-4e92-87fe-34964463c9dc,2026-07-21T17:56:38.645+00:00,concluido,211.2,autorizado,4014,23260747735810000150650020000040141474500395
7c363948-09fc-44b1-aa37-e434ed88ed97,2026-07-17T18:55:23.015+00:00,concluido,393.14,autorizado,3866,23260747735810000150650020000038661850392714
85df6b80-d98a-47b3-bf7a-4ecf0a52a357,2026-07-17T19:14:23.651+00:00,concluido,288.2,autorizado,3875,23260747735810000150650020000038751544337379
3ba5c8b1-86c5-4204-9008-884aad8efdd6,2026-07-17T19:00:20.445+00:00,concluido,238.7,autorizado,3868,23260747735810000150650020000038681401408731
94e3a7a5-ee77-4a1d-b880-805f1e2ca5e1,2026-07-17T19:02:19.737+00:00,concluido,328.9,autorizado,3869,23260747735810000150650020000038691188756844
90c35d4f-c405-45f0-ad1d-a49d105dbe0e,2026-07-17T19:02:48.668+00:00,concluido,104.5,autorizado,3870,23260747735810000150650020000038701938506998
da34032c-21cc-42c2-9c2a-863da8cf8234,2026-07-17T19:04:09.678+00:00,concluido,257.4,autorizado,3871,23260747735810000150650020000038711287611265
0be82aaa-d52a-4aae-b837-d0ce25a8b588,2026-07-17T19:07:50.736+00:00,concluido,5,autorizado,3873,23260747735810000150650020000038731621829272
89724de7-8a27-412f-9bae-7ad0241f70b2,2026-07-17T19:09:18.806+00:00,concluido,209,autorizado,3874,23260747735810000150650020000038741619961310
c2efe9e4-dcf4-4853-bc0c-69acbb7bd56f,2026-07-17T19:40:02.16+00:00,concluido,83,autorizado,3876,23260747735810000150650020000038761364154370
eb6f341a-3b16-4b63-8f95-324b08855b5e,2026-07-18T14:02:21.292+00:00,cancelado,45,pendente,,
bd0dc825-0d75-42e2-ad06-e961bd45acc6,2026-07-21T18:04:20.98+00:00,cancelado,10,pendente,,
fa2ed727-c0e5-40be-b155-5491a0cc379c,2026-07-17T19:40:54.479+00:00,concluido,0,pendente,,
c639a95b-71d7-44ef-ad99-891867c56eef,2026-07-17T19:42:31.981+00:00,concluido,0,pendente,,
a214472b-f9e1-4472-afd2-79ad90156684,2026-07-18T15:50:52.797+00:00,concluido,393.8,autorizado,3877,23260747735810000150650020000038771118406730
6753a1e3-51c7-462a-9bbe-4520ea2e36e3,2026-07-18T18:18:06.353+00:00,cancelado,7,pendente,,
f4bd7abb-9afb-4687-8df0-1d86f09dadda,2026-07-18T18:18:22.3+00:00,concluido,222.2,autorizado,3894,23260747735810000150650020000038941607577270
622d228c-08d4-45b1-a4ea-425d23111a43,2026-07-18T18:54:03.053+00:00,concluido,449.46,autorizado,3923,23260747735810000150650020000039231508340178
c8a3b468-dbfe-4309-a32b-a0e538f3dd87,2026-07-18T15:58:50.172+00:00,concluido,79,autorizado,3878,23260747735810000150650020000038781169837140
71d50a66-b907-48b0-97e7-05d0b7500500,2026-07-18T16:33:50.334+00:00,concluido,208.56,autorizado,3881,23260747735810000150650020000038811469642120
178fbd59-1198-4ca3-9313-28ccf3f0e998,2026-07-18T17:02:21.459+00:00,concluido,338.8,autorizado,3884,23260747735810000150650020000038841420022545
e02c345e-2181-4c45-a64f-79421289e335,2026-07-18T17:46:00.86+00:00,concluido,182.6,autorizado,3888,23260747735810000150650020000038881403025182
0b28bf3a-d90d-4faf-943f-247ce882f61e,2026-07-18T17:47:23.186+00:00,cancelado,10,pendente,,
c5c60a58-8612-46ff-8827-f4c70a5e6dcf,2026-07-18T17:49:22.47+00:00,cancelado,10,pendente,,
79c899bb-7d52-4319-b5e6-33296474689e,2026-07-18T18:19:20.904+00:00,cancelado,10,pendente,,
fc52a6c7-7ab6-4adc-9bd1-ea03fd8bf86c,2026-07-18T18:24:11.277+00:00,concluido,267.3,autorizado,3897,23260747735810000150650020000038971298208200
c68dc4d7-7d45-4d25-9579-058f3044fef9,2026-07-18T18:24:37.265+00:00,cancelado,7,pendente,,
789fe9f6-af7d-4a54-ac6a-444d8f219183,2026-07-18T18:25:45.415+00:00,cancelado,10,pendente,,
7cfaebae-462d-472d-b844-cdd66e3f6da4,2026-07-18T20:20:32.262+00:00,cancelado,0,pendente,,
1518f294-b9d7-423e-af03-f7d7941489fc,2026-07-18T17:37:58.822+00:00,concluido,390.5,autorizado,3885,23260747735810000150650020000038851197197082
0947d85b-2892-434f-b0c2-0d27634eafaa,2026-07-18T17:38:39.897+00:00,cancelado,0,pendente,,
b7aefd60-9228-4434-a998-ea434a730111,2026-07-18T17:41:31.636+00:00,concluido,465,autorizado,3886,23260747735810000150650020000038861530707830
80402de4-1f77-4f16-9466-0585b1293708,2026-07-18T17:44:12.241+00:00,concluido,356.29,autorizado,3887,23260747735810000150650020000038871357534507
42079604-e2b0-421e-88f5-db162f223856,2026-07-18T17:49:25.708+00:00,concluido,172,pendente,,
6479150e-fc32-442b-a426-710791277416,2026-07-18T17:49:19.632+00:00,concluido,221.1,autorizado,3889,23260747735810000150650020000038891271050719
737a34ea-0db5-40d8-8250-30a7aee42726,2026-07-18T17:56:44.229+00:00,concluido,176,autorizado,3891,23260747735810000150650020000038911722956472
1df69337-f424-4c91-b11b-c6ed1eb87368,2026-07-18T18:00:14.456+00:00,concluido,288.2,autorizado,3892,23260747735810000150650020000038921909539880
31bf3aa5-7cb9-4727-9fa3-c4124613ece5,2026-07-18T18:17:52.304+00:00,cancelado,10,pendente,,
f947cb01-9785-4c7e-9c4a-a0225bdf92b7,2026-07-18T18:21:11.89+00:00,cancelado,10,pendente,,
43f241da-653d-4454-a9c1-976c30e7398c,2026-07-18T18:27:04.039+00:00,concluido,341.99,autorizado,3898,23260747735810000150650020000038981963010837
93b18ccb-6514-4459-97ac-bd442fa74bd1,2026-07-18T18:28:50.287+00:00,cancelado,10,pendente,,
a8ae7ecb-5b18-4251-b786-34c0f7566468,2026-07-18T18:29:30.388+00:00,concluido,216.48,autorizado,3900,23260747735810000150650020000039001238256221
2fecf0d5-2fc5-45ff-8a00-47fa019a08be,2026-07-18T18:15:01.89+00:00,concluido,172.7,autorizado,3893,23260747735810000150650020000038931311842249
960a09ce-38c9-4d28-8e35-1df131585283,2026-07-18T18:16:27.547+00:00,cancelado,10,pendente,,
24a301c8-a97b-442f-a767-aa49eb0e54a7,2026-07-18T18:17:23.682+00:00,cancelado,12,pendente,,
f47d8ccf-6df0-4b62-8684-7982e67cc57e,2026-07-18T18:21:28.92+00:00,concluido,185.79,autorizado,3895,23260747735810000150650020000038951403631354
1e41061d-9996-4f37-8139-8e2fdeb294a9,2026-07-18T18:23:18.245+00:00,concluido,323.4,autorizado,3896,23260747735810000150650020000038961274143488
b2e01126-0114-4146-be7d-36e2f04804c8,2026-07-18T18:23:57.546+00:00,cancelado,10,pendente,,
60efdf15-1baf-4f52-a15b-d79df0d2458b,2026-07-18T18:24:29.201+00:00,cancelado,5,pendente,,
1760e9ab-68e8-49db-ab2b-0a83ab60e5c7,2026-07-18T20:22:33.301+00:00,concluido,485.95000000000005,autorizado,3980,23260747735810000150650020000039801779939242
40ac1dfe-a28c-4b82-b409-ab06b2dbff7a,2026-07-18T20:24:37.07+00:00,concluido,36.8,pendente,,
3224ca55-e01d-430c-97a2-ee54d65df414,2026-07-18T18:27:19.784+00:00,concluido,232.65,autorizado,3899,23260747735810000150650020000038991774246997
0be3edaf-58aa-4d58-b4e1-1438fc93b0bb,2026-07-18T18:28:34.512+00:00,cancelado,10,pendente,,
f3c89cf4-bfc0-4951-9978-23515208f02d,2026-07-18T19:32:10.176+00:00,concluido,218.9,autorizado,3950,23260747735810000150650020000039501648231360
300dabee-1504-4ad1-97c5-7fe2eaa9992d,2026-07-18T19:34:56.844+00:00,concluido,444.19,rejeitado,3955,23260747735810000150650020000039551214594605
ad953a43-1e0d-475d-91e6-ef1ee391806d,2026-07-18T19:38:18.129+00:00,cancelado,0,pendente,,
ec7dcbae-5f3d-4d68-9949-59370044fd55,2026-07-18T19:45:18.732+00:00,concluido,297.99,autorizado,3959,23260747735810000150650020000039591184571210
82f8c76a-2f63-40b9-b1d5-ff83156c0cbf,2026-07-18T18:29:40.766+00:00,concluido,366.3,autorizado,3901,23260747735810000150650020000039011104241707
bf4c087b-57ef-4e0f-adce-86af80ba9a42,2026-07-18T18:34:18.673+00:00,cancelado,10,pendente,,
e643feb4-0010-4618-a59a-1e38d26b9dc2,2026-07-18T18:36:07.266+00:00,concluido,152.9,autorizado,3908,23260747735810000150650020000039081348931002
c990ec29-4dff-4b83-bd1b-7c962ef1f61b,2026-07-18T18:30:34.625+00:00,concluido,247.5,autorizado,3902,23260747735810000150650020000039021248917217
7178a938-30c4-4e51-9c23-4f2dd89a7541,2026-07-18T18:30:37.301+00:00,concluido,31.9,pendente,,
25a9d3c9-f177-4050-ab9e-e6250a7968e3,2026-07-18T18:31:03.462+00:00,concluido,264.78,autorizado,3903,23260747735810000150650020000039031336444709
e2e77933-7731-4d40-b913-52762444a31d,2026-07-18T18:32:06.249+00:00,concluido,352,autorizado,3904,23260747735810000150650020000039041756177093
2b98043e-f538-45ee-89c9-ec181a45bb57,2026-07-18T18:33:38.366+00:00,concluido,170.5,autorizado,3906,23260747735810000150650020000039061391255698
ab2192bf-110d-49a5-be71-1a5bb794b6a7,2026-07-18T18:32:32.799+00:00,concluido,229.9,autorizado,3905,23260747735810000150650020000039051300986476
e67e5844-3772-4c1c-8152-75b81aac91a7,2026-07-18T18:36:55.704+00:00,concluido,264,autorizado,3909,23260747735810000150650020000039091926089439
98df2dc2-6fc6-4f11-a7ec-655a2aa3b2b5,2026-07-18T18:37:15.847+00:00,cancelado,15,pendente,,
7a1d6aed-48fc-4449-b5cc-353c77837133,2026-07-18T18:38:00.487+00:00,concluido,473,autorizado,3912,23260747735810000150650020000039121812454265
4eeabd24-9452-4ff3-ab12-9a24148f4b7d,2026-07-18T18:34:54.963+00:00,concluido,255.2,autorizado,3907,23260747735810000150650020000039071134382639
2e650a9b-4fa4-4141-ba3f-4c8cb75e5239,2026-07-18T18:36:57.483+00:00,concluido,289.3,autorizado,3910,23260747735810000150650020000039101677870249
392eae8a-d278-48b9-bb6e-258ef23498cb,2026-07-18T18:43:48.304+00:00,concluido,129.58,autorizado,3915,23260747735810000150650020000039151814753350
4bc6a10d-f116-4743-8005-0c7e46a07a5b,2026-07-18T18:46:52.674+00:00,concluido,396,autorizado,3919,23260747735810000150650020000039191294630992
a5963435-4df7-457b-93a3-37aa12073b52,2026-07-18T18:37:47.803+00:00,concluido,63.8,autorizado,3911,23260747735810000150650020000039111457500920
ea42d9b5-7e3d-4c16-b555-34b4d80ea575,2026-07-18T18:41:18.102+00:00,concluido,64.9,autorizado,3913,23260747735810000150650020000039131444556543
598869bc-6916-4a2f-98ea-b5bb4b7e856c,2026-07-18T18:43:18.299+00:00,concluido,226.6,autorizado,3914,23260747735810000150650020000039141742497860
dd0c03ea-7fdb-4115-81db-273fd45e30d3,2026-07-18T18:44:48.439+00:00,cancelado,6,pendente,,
22a8b333-9fc2-4a9f-b294-d387e9db8eae,2026-07-18T18:44:15.091+00:00,concluido,181.5,autorizado,3916,23260747735810000150650020000039161808270944
88be29be-9dfd-4aea-919b-11cca2c2dd8a,2026-07-18T18:46:26.509+00:00,concluido,294.36,autorizado,3918,23260747735810000150650020000039181192841628
ef414485-d36b-4a9e-93cb-bd74eada8d46,2026-07-18T18:57:02.306+00:00,cancelado,10,pendente,,
6e71698c-f38a-402f-b449-7ce8e7264dc6,2026-07-18T18:58:01.122+00:00,concluido,349.8,pendente,,
4a21fa7d-b1b2-4d54-8bac-de3511fe794e,2026-07-18T18:59:13.539+00:00,cancelado,10,pendente,,
1f5dfd12-d4ce-44ce-91d1-010515cfabfd,2026-07-18T18:45:07.729+00:00,concluido,309.1,autorizado,3917,23260747735810000150650020000039171537510500
e98ab8ae-0bab-43bc-b931-12854e49975e,2026-07-18T18:45:00.765+00:00,cancelado,7,pendente,,
9a6e7320-f1d0-45f3-99fd-200ff0c7571f,2026-07-18T18:47:09.128+00:00,concluido,165,pendente,,
857570b3-dd10-4be1-a63d-c8c7f36e639a,2026-07-18T18:47:21.604+00:00,concluido,198,autorizado,3920,23260747735810000150650020000039201370566057
9a742b8e-8f24-4916-a411-f2d363b2d60f,2026-07-18T18:49:05.13+00:00,concluido,107.69,autorizado,3922,23260747735810000150650020000039221920930133
464251dd-3d1d-4fdd-9e17-88691413c98b,2026-07-18T18:50:45.448+00:00,cancelado,10,pendente,,
4045a165-8393-491d-a75e-c08544f77d7e,2026-07-18T18:47:47.442+00:00,concluido,199.1,autorizado,3921,23260747735810000150650020000039211862944010
b50a972d-b480-4ea6-a57e-e5f2be844905,2026-07-18T18:53:13.416+00:00,cancelado,55,pendente,,
ba5b839e-a186-4bbe-9caa-00e5a1bf34c0,2026-07-18T18:54:43.941+00:00,concluido,201.3,autorizado,3925,23260747735810000150650020000039251553713497
11fc79ca-6c7c-427e-8844-f994be9eaa97,2026-07-18T18:56:15.753+00:00,cancelado,12,pendente,,
6660ca24-deec-444a-9c2b-9d75df239ec9,2026-07-18T18:54:13.046+00:00,concluido,332.2,autorizado,3924,23260747735810000150650020000039241690552285
2a051fa9-70e9-4f00-b7cc-93b86a59876f,2026-07-18T18:55:29.452+00:00,concluido,85.8,autorizado,3926,23260747735810000150650020000039261677700661
d1073270-50c6-4f52-9969-47ab76ce0c92,2026-07-18T18:55:13.374+00:00,concluido,280.5,autorizado,3927,23260747735810000150650020000039271859491402
1fa486ae-ca2c-47fd-b99c-182496d08ed9,2026-07-18T18:56:48.692+00:00,cancelado,14.9,pendente,,
537d00ff-3a92-4f68-b127-43e2adca0f26,2026-07-18T18:57:16.389+00:00,concluido,319,autorizado,3929,23260747735810000150650020000039291468966024
7d5e02d7-d6b4-4df9-88d4-3dbb66c8ccbd,2026-07-18T19:02:32.566+00:00,concluido,315.48,autorizado,3933,23260747735810000150650020000039331654700740
1462fe5d-4d85-4988-b0ab-884b5393f76f,2026-07-18T18:56:26.448+00:00,concluido,107.8,autorizado,3928,23260747735810000150650020000039281263481536
296315e7-d967-4fc3-9cb7-8d830a501e7c,2026-07-18T18:56:27.972+00:00,cancelado,10,pendente,,
b139f52d-52f8-4dde-b8ff-f8dac6d0747e,2026-07-18T19:00:31.928+00:00,concluido,283.8,autorizado,3931,23260747735810000150650020000039311914240430
003db0c6-8936-45aa-8f9a-38f6a0786289,2026-07-18T19:01:20.499+00:00,cancelado,27,pendente,,
6a487553-cfa4-4110-a2d7-ff5c29623b5e,2026-07-18T18:59:38.746+00:00,concluido,228.8,autorizado,3930,23260747735810000150650020000039301447921367
f1067260-40a5-46d5-ae75-6a204ca60a5f,2026-07-18T19:00:34.517+00:00,cancelado,10,pendente,,
588ff080-9cbd-4159-aeea-7b1ad36c94de,2026-07-18T19:04:24.988+00:00,cancelado,10,pendente,,
7f8f44fe-bbfe-435f-bfe0-fc8c450cc801,2026-07-18T19:05:03.883+00:00,cancelado,10,pendente,,
671e2f30-c069-4cff-8674-5e75b9ca9807,2026-07-18T19:05:31.25+00:00,cancelado,10,pendente,,
1e697826-c9b3-4255-a68e-bf207ec528a8,2026-07-18T19:09:12.47+00:00,concluido,111.1,autorizado,3939,23260747735810000150650020000039391555872091
e8c99a25-8923-4dcd-9534-d972df5fe995,2026-07-18T19:00:32.284+00:00,concluido,324.5,autorizado,3932,23260747735810000150650020000039321848093770
947c9b8c-9aee-4f14-b6cd-1e81f9ede40a,2026-07-18T19:03:50.581+00:00,concluido,204.6,autorizado,3935,23260747735810000150650020000039351579353001
3717d48f-2bfa-4ba7-9161-1a1049ac7bac,2026-07-18T19:08:07.251+00:00,concluido,317.9,autorizado,3936,23260747735810000150650020000039361216416822
5c3533e3-1305-4dad-af87-1138a7a37490,2026-07-18T19:08:47.05+00:00,cancelado,10,pendente,,
673a903f-be3a-448a-9ac5-d639e651ea51,2026-07-18T19:02:18.421+00:00,concluido,171.6,autorizado,3934,23260747735810000150650020000039341864599571
236b4454-6880-4eaf-8ad4-0e89bd9a61f8,2026-07-18T19:07:50.321+00:00,concluido,231.88,autorizado,3938,23260747735810000150650020000039381770356933
3f10497b-243c-44c1-b6e0-1148ff13371f,2026-07-18T19:08:26.773+00:00,concluido,255.09,autorizado,3937,23260747735810000150650020000039371899162066
093ec2c6-a4ec-433f-9bbb-cde5f8ec0f5b,2026-07-18T19:14:22.033+00:00,concluido,99,autorizado,3940,23260747735810000150650020000039401298338092
0c62494e-149f-4abd-973d-2fd7bb4bb7c8,2026-07-18T19:24:12.816+00:00,concluido,285.67,autorizado,3941,23260747735810000150650020000039411938016471
15459cd6-c661-4129-84fe-2f3f4c68db8f,2026-07-18T19:25:54.122+00:00,concluido,226.7,autorizado,3943,23260747735810000150650020000039431219758508
dc62a1b9-0bd9-47b1-9eb5-6e27190f4c57,2026-07-18T19:26:35.144+00:00,concluido,6.6,autorizado,3944,23260747735810000150650020000039441943160463
bab17f3c-b3c2-44aa-ab63-f126a707b5c5,2026-07-18T19:29:20.279+00:00,concluido,354.2,pendente,,
4572dc9f-9a64-46f3-8ba8-b373d1151f88,2026-07-18T19:25:18.87+00:00,concluido,153.45,autorizado,3942,23260747735810000150650020000039421921919560
a90d5516-54a0-4bfe-858e-57bb274e097d,2026-07-18T19:27:23.736+00:00,concluido,195.8,autorizado,3945,23260747735810000150650020000039451426941493
30fe809a-d1b5-4c31-b76f-1bbd9e1e1e4d,2026-07-18T19:28:59.947+00:00,concluido,208.56,autorizado,3946,23260747735810000150650020000039461232763619
6c6bb9a0-29e4-42d2-bb35-6eb7c7da82d1,2026-07-18T19:34:37.877+00:00,concluido,357.5,autorizado,3954,23260747735810000150650020000039541820690215
d8ffaa4a-49b8-4068-b273-3e94dd02c5af,2026-07-18T19:36:30.665+00:00,concluido,12,pendente,,
7ff73522-e502-471c-b91e-96961125e59b,2026-07-18T19:37:07.33+00:00,cancelado,0,pendente,,
b831b1a9-7640-4840-a22e-4c3b0e3a35e4,2026-07-18T19:30:05.485+00:00,concluido,275.77,autorizado,3947,23260747735810000150650020000039471926065395
b0e21f65-1404-4713-995a-da3e90c6f7b2,2026-07-18T19:32:48.147+00:00,concluido,249.59,autorizado,3951,23260747735810000150650020000039511156073483
eacdee81-ebea-4c15-a56f-38a092265d29,2026-07-18T19:37:48.408+00:00,cancelado,0,pendente,,
82ab5357-3709-43b2-b15a-1ac5bd3f9d61,2026-07-18T19:33:48.275+00:00,concluido,264.55,autorizado,3953,23260747735810000150650020000039531954467726
4af9b661-bef2-408d-a461-2973bc3de05d,2026-07-18T19:33:33.925+00:00,cancelado,444.19,rejeitado,3952,23260747735810000150650020000039521619720701
105f2ed3-7480-4b7b-83c7-a3a111b1cadb,2026-07-18T19:38:26.892+00:00,cancelado,0,pendente,,
aa9f0562-618f-498d-bdd3-77fe015a67ba,2026-07-18T19:51:53.946+00:00,concluido,267,autorizado,3964,23260747735810000150650020000039641500961249
11766460-1c46-442f-8f67-742162854a93,2026-07-18T19:31:14.755+00:00,concluido,231,rejeitado,3948,23260747735810000150650020000039481519670084
4dc245e5-1c2b-41ac-8b75-5f8242a4e4b9,2026-07-18T19:31:30.556+00:00,concluido,346,autorizado,3949,23260747735810000150650020000039491401365579
d850849a-95bf-497d-b566-5e600c368711,2026-07-18T19:35:29.952+00:00,concluido,370,autorizado,3956,23260747735810000150650020000039561426012062
127fa444-1c8d-48f8-921f-de35f29f4c6b,2026-07-18T19:37:18.444+00:00,cancelado,0,pendente,,
79e6457e-6b50-4440-82a6-86fca2aa7fbe,2026-07-18T19:37:37.981+00:00,cancelado,0,pendente,,
21bcaca1-f927-452d-b53a-0ab8ef9fde93,2026-07-18T19:54:41.381+00:00,concluido,173.8,autorizado,3966,23260747735810000150650020000039661558619220
23e25928-2167-44eb-bf83-53b0e5339cee,2026-07-18T19:59:27.036+00:00,concluido,248.6,autorizado,3969,23260747735810000150650020000039691900478789
c1e739fe-470d-43b7-9b88-98f92c2b20c3,2026-07-18T19:37:30.934+00:00,concluido,396.77,autorizado,3957,23260747735810000150650020000039571401054168
69ed86a5-b798-4070-be5b-37048ee6805c,2026-07-18T19:37:58.912+00:00,cancelado,0,pendente,,
3a901c72-7ad8-45cf-96eb-97e5e65db60d,2026-07-18T19:44:19.612+00:00,concluido,66.77,autorizado,3958,23260747735810000150650020000039581678763679
a7751f29-f13f-4f91-b9f1-259d61c6e02c,2026-07-18T19:45:28.031+00:00,cancelado,10,pendente,,
2182fd94-02c5-4f5c-bfd0-a8e4e7c0bac2,2026-07-18T19:52:33.322+00:00,concluido,137.5,autorizado,3965,23260747735810000150650020000039651150458257
8b3fa23c-6204-4251-b02e-f6f26be3f7dc,2026-07-18T19:55:17.04+00:00,concluido,129,pendente,,
1499a22e-c88f-4390-80ed-02b2171aaf69,2026-07-18T19:46:10.824+00:00,concluido,135.3,rejeitado,3960,23260747735810000150650020000039601765532339
234181ce-8677-4ad1-9f76-aa24c89a8765,2026-07-18T19:47:13.244+00:00,concluido,181.5,autorizado,3962,23260747735810000150650020000039621688286590
93ce1c4b-a3dd-48bb-87b6-3307ed32d047,2026-07-18T19:46:45.285+00:00,concluido,277.1,autorizado,3961,23260747735810000150650020000039611461954532
8c5ea715-aa54-4e79-b103-31eeee9cfd8e,2026-07-18T19:48:48.834+00:00,concluido,235.4,autorizado,3963,23260747735810000150650020000039631505093027
7e8f79ea-ff90-46e2-b751-d15fa7287620,2026-07-28T18:32:46.28+00:00,concluido,177.1,autorizado,4358,23260747735810000150650020000043581952067397
1cc193d2-a4e6-42a3-8c0d-d3b2db8af878,2026-07-28T18:37:27.554+00:00,concluido,215.6,autorizado,4363,23260747735810000150650020000043631645413778
0e0419ce-3520-44ed-80f2-5bfd56a96ab4,2026-07-18T19:56:08.618+00:00,concluido,142,autorizado,3967,23260747735810000150650020000039671747070826
cb099b5e-07e1-40a0-abac-430e6e334514,2026-07-18T19:57:45.907+00:00,concluido,172.7,autorizado,3968,23260747735810000150650020000039681429221992
814b1160-6cd6-449a-aa6b-1351dab634e6,2026-07-18T20:06:52.628+00:00,concluido,92.4,autorizado,3971,23260747735810000150650020000039711287640775
9e4ed4b9-5332-49b9-867e-7b9d06e80635,2026-07-18T20:01:50.35+00:00,concluido,363,autorizado,3970,23260747735810000150650020000039701203823876
10778954-281b-4919-b880-686dd0950ccc,2026-07-18T20:07:39.333+00:00,concluido,214.5,autorizado,3972,23260747735810000150650020000039721542555291
13fa3608-1d86-469a-adf3-c5cc7e677b1d,2026-07-18T20:07:15.47+00:00,concluido,209,autorizado,3973,23260747735810000150650020000039731829759078
116715f9-c46e-4fff-9a85-dec49938c341,2026-07-18T20:08:15.16+00:00,concluido,78.1,autorizado,3974,23260747735810000150650020000039741963074910
8b94a873-9f06-493e-b5f9-a32f36a8245e,2026-07-18T20:14:34.232+00:00,concluido,512.49,autorizado,3979,23260747735810000150650020000039791176594005
5beb4333-ffa1-4cfd-adae-8c229af1fe39,2026-07-18T20:19:32.857+00:00,concluido,247.5,pendente,,
71d2a6d9-4d18-49db-b804-1986c230210c,2026-07-18T20:19:45.424+00:00,concluido,258.5,pendente,,
6766fab2-b6da-448d-b67e-a5cc41c5c2e2,2026-07-18T20:20:14.087+00:00,concluido,206.36,pendente,,
82d97dff-ee9c-4e90-9d9f-5e86ad0199cc,2026-07-18T20:20:00.224+00:00,concluido,237.49,pendente,,
037b51ca-7ebf-4689-b1aa-a9c1961f0e10,2026-07-18T20:08:43.935+00:00,cancelado,300,autorizado,3975,23260747735810000150650020000039751301568974
5d793a64-b10a-40f6-b0b6-d1b1fdfcf2a3,2026-07-18T20:18:49.017+00:00,concluido,42.9,pendente,,
15c7ca1e-0de7-4b21-a3f3-4a8a923d4b20,2026-07-18T20:24:40.539+00:00,concluido,244.2,autorizado,3981,23260747735810000150650020000039811931298710
1f643712-f7cf-4cda-9724-c4aa515d7fa3,2026-07-18T20:09:23.873+00:00,concluido,300,pendente,,
ac77c455-ee84-4cb1-ab6e-b7d189468632,2026-07-18T20:09:54.711+00:00,concluido,231,autorizado,3976,23260747735810000150650020000039761427171620
1a0dd0a6-c204-4236-93ef-b032cd9ea0c9,2026-07-18T20:28:14.598+00:00,concluido,0,pendente,,
6780d4c3-818c-40fc-a7f2-d2abb6fbe31a,2026-07-18T20:11:30.545+00:00,concluido,333.99,autorizado,3977,23260747735810000150650020000039771247389455
9e67ba35-4957-4d9a-a104-5fece6d39c6c,2026-07-18T20:11:36.282+00:00,concluido,473,autorizado,3978,23260747735810000150650020000039781977997682
f7dcbb55-c28b-4431-871c-0cf6cbb87a6f,2026-07-18T20:37:08.799+00:00,concluido,550.3,pendente,,
f746c8c0-fbc3-4253-9f7c-dd2ea4fa5b4f,2026-07-28T18:33:33.053+00:00,concluido,377.3,autorizado,4359,23260747735810000150650020000043591749947725
bc3a433a-d792-453b-8170-6b4023c52199,2026-07-28T18:35:30.761+00:00,concluido,172.48,autorizado,4361,23260747735810000150650020000043611567141502
9ece27a2-6831-4a72-9796-237f7cf5b05e,2026-07-28T18:34:28.909+00:00,concluido,188.1,autorizado,4360,23260747735810000150650020000043601368651139
00da65ab-67b6-4bf5-835b-b63e7e91e70d,2026-07-30T18:48:22.735+00:00,cancelado,10,pendente,,
0471f737-37ff-482c-9a6c-68d4f43fbd40,2026-07-21T14:15:24.497+00:00,concluido,36.3,autorizado,3984,23260747735810000150650020000039841359847662
6802da53-09a5-4bbe-b41f-06715b57fe78,2026-07-21T14:55:08.297+00:00,concluido,89.1,autorizado,3985,23260747735810000150650020000039851998524508
ce12d826-9a67-489d-93c9-cd6fac88cadf,2026-07-21T15:22:47.227+00:00,concluido,92.4,autorizado,3986,23260747735810000150650020000039861886427672
7a78671e-ee9a-4289-bc04-43347c3f12a2,2026-07-21T15:24:56.622+00:00,concluido,100.1,autorizado,3987,23260747735810000150650020000039871695418587
8687dc3f-4587-4b00-b413-e08f6203f6f7,2026-07-21T15:48:02.278+00:00,concluido,83.6,autorizado,3988,23260747735810000150650020000039881190345385
0a070434-8f53-4dce-86c3-c47a143a9768,2026-07-21T16:09:46.455+00:00,concluido,167.2,autorizado,3989,23260747735810000150650020000039891523568070
115d987a-9ed0-4f44-8206-b2678c78af37,2026-07-21T16:17:16.193+00:00,cancelado,215.6,autorizado,3990,23260747735810000150650020000039901614216143
4d15feae-c8e8-4d7b-b1e5-14f24883de85,2026-07-21T16:20:04.467+00:00,concluido,204.6,autorizado,3991,23260747735810000150650020000039911947222129
fa8d31e8-9924-4eb8-a790-5da80c8c04b6,2026-07-21T16:21:29.345+00:00,concluido,253,autorizado,3992,23260747735810000150650020000039921743843335
114aa10b-7ccd-48a5-b52a-929106a0d53e,2026-07-21T16:26:36.283+00:00,concluido,326.48,autorizado,3993,23260747735810000150650020000039931232057951
290d30a0-6fd1-4c2a-9cda-98a9a316798e,2026-07-21T17:35:46.485+00:00,concluido,226.6,autorizado,3997,23260747735810000150650020000039971826891791
cf616b08-6000-4c8e-87ff-0b9020570f0e,2026-07-21T17:40:02.007+00:00,cancelado,10,pendente,,
257cbb88-b55c-4a06-b044-cc200f992751,2026-07-21T17:50:35.818+00:00,cancelado,10,pendente,,
b8a3a56a-4fb3-4ec4-b7fa-7a6a80ba8a53,2026-07-21T17:36:04.081+00:00,concluido,392.7,autorizado,3998,23260747735810000150650020000039981203057309
710fe0cf-0838-42fc-a543-fb984aac072e,2026-07-21T17:36:07.592+00:00,concluido,279.29,autorizado,4000,23260747735810000150650020000040001658675664
0da153dc-2497-4021-bf9d-a7f10b5761cd,2026-07-21T18:40:42.177+00:00,cancelado,0,pendente,,
5a2b25bf-df0b-47a2-9da7-98768ebd383f,2026-07-28T18:39:04.466+00:00,concluido,192.5,autorizado,4364,23260747735810000150650020000043641174767572
ffa91cf4-39fc-4f84-8825-6d3151c73553,2026-07-21T17:36:39.876+00:00,concluido,308,autorizado,3999,23260747735810000150650020000039991161999120
1af25606-d4fb-4415-85d9-6e9dba97fdf1,2026-07-21T17:38:53.362+00:00,concluido,6.6,pendente,,
491edd62-f4ac-46fe-977f-d06c8e0df74f,2026-07-21T17:42:17.761+00:00,concluido,181.39,autorizado,4002,23260747735810000150650020000040021932892919
3b34d01a-4786-43b6-bf2f-5aa5c547fa45,2026-07-21T17:41:06.701+00:00,concluido,49.5,autorizado,4001,23260747735810000150650020000040011842014389
fab34492-06c7-4012-ac0d-e6d9de1a676a,2026-07-30T18:26:36.612+00:00,cancelado,113.3,autorizado,4464,23260747735810000150650020000044641952371536
3c6e622e-fcdf-4dfc-a704-b43115eea7d3,2026-07-21T18:18:42.642+00:00,concluido,283,autorizado,4019,23260747735810000150650020000040191374359506
027c3b33-4da7-4992-8714-a952a0cd861c,2026-07-21T18:20:33.358+00:00,concluido,6.6,autorizado,4021,23260747735810000150650020000040211660511770
c0b82a8d-b0b5-4400-8735-ce64f64be181,2026-07-21T18:28:48.859+00:00,concluido,286,autorizado,4024,23260747735810000150650020000040241200920504
828be419-1cdf-4a78-af2a-7a31377c4f13,2026-07-21T18:30:21.975+00:00,cancelado,10,pendente,,
d94cc12a-88cb-4488-bd64-4d8b19083981,2026-07-21T17:47:58.767+00:00,concluido,276.98,autorizado,4003,23260747735810000150650020000040031870629974
a3ac5e05-06cf-4f52-a12e-0372c5d847d7,2026-07-21T17:50:21.147+00:00,concluido,272.8,autorizado,4006,23260747735810000150650020000040061659278875
b30f1951-8b01-4a9f-ac0c-4f900b1f025d,2026-07-21T17:49:38.943+00:00,concluido,267.3,autorizado,4004,23260747735810000150650020000040041920402860
6596c3fb-1575-4e83-bddd-60b163e8312d,2026-07-21T17:49:58.374+00:00,concluido,267.3,autorizado,4005,23260747735810000150650020000040051618585547
3af57a3f-e709-4e88-b581-0177297890ad,2026-07-21T17:51:59.119+00:00,concluido,47.3,autorizado,4007,23260747735810000150650020000040071864816961
2ecf150a-1ce4-4469-8e92-a67131b81578,2026-07-21T17:52:20.566+00:00,cancelado,10,pendente,,
f67b6226-930e-4cc2-a4d3-df68232a4c79,2026-07-21T17:53:28.334+00:00,concluido,138.6,rejeitado,4008,23260747735810000150650020000040081422789389
07c77ca7-e24d-42dc-b4e9-841d20d02cc1,2026-07-21T17:53:57.261+00:00,concluido,266.2,autorizado,4008,23260747735810000150650020000040081116056183
2b4b22ec-9e3f-4c17-8da9-a7ff96605343,2026-07-21T17:57:16.588+00:00,concluido,199.1,autorizado,4009,23260747735810000150650020000040091435954291
23030ad9-9b59-4b82-99ef-14f378a2261b,2026-07-21T18:00:29.97+00:00,cancelado,10,pendente,,
08c3ffa9-3d9e-4d7b-89dd-66c6dde977d4,2026-07-21T18:03:50.557+00:00,concluido,310.2,autorizado,4010,23260747735810000150650020000040101512229992
7ad180a3-07b4-4631-870a-ff544481bc95,2026-07-21T18:09:19.994+00:00,concluido,24.2,autorizado,4012,23260747735810000150650020000040121588827879
12600523-6b98-43a2-bccb-71aad9ec76d9,2026-07-21T18:11:48.334+00:00,cancelado,10,pendente,,
f016210a-a7b2-45b5-b240-ed02a68c1f15,2026-07-21T18:07:46.233+00:00,concluido,53.9,autorizado,4011,23260747735810000150650020000040111111283942
a2ef85bb-6e14-4963-9b82-0ffc916bd88c,2026-07-21T18:11:01.838+00:00,cancelado,0,pendente,,
f5f7b836-6ecc-4bbb-8571-f85b21bf06fd,2026-07-21T18:14:09.119+00:00,concluido,175.56,autorizado,4015,23260747735810000150650020000040151815440084
40511f81-9384-48c8-ab2c-1f7f39c57047,2026-07-21T18:18:24.892+00:00,concluido,292.6,autorizado,4017,23260747735810000150650020000040171313992670
b95501e4-52e2-4d1b-9f08-3a3c9cb66b78,2026-07-21T18:43:30.68+00:00,concluido,162.8,autorizado,4032,23260747735810000150650020000040321695136716
791bc045-e63e-40d4-8c36-c1454ced0165,2026-07-21T18:46:11.557+00:00,cancelado,0,pendente,,
73ded224-df3c-414e-b59f-9fc131fcd868,2026-07-21T18:16:04.51+00:00,concluido,239.36,autorizado,4016,23260747735810000150650020000040161805156127
a525f875-8060-4954-ae59-695ea8727f91,2026-07-21T18:16:22.927+00:00,cancelado,10,pendente,,
7897b69f-a0dc-4eb0-9192-b52f05dcb2da,2026-07-21T18:19:06.083+00:00,concluido,59.4,autorizado,4018,23260747735810000150650020000040181550091569
67abca93-6109-451f-b121-e2f45037ee7d,2026-07-21T18:19:47.589+00:00,concluido,161.7,autorizado,4020,23260747735810000150650020000040201594756335
ab827530-494b-48d8-8482-5e7903aa3f53,2026-07-21T18:22:17.399+00:00,concluido,319,pendente,,
12a5375f-423b-4027-9d9c-56b24ec083e5,2026-07-21T18:26:56.747+00:00,concluido,193.27,autorizado,4023,23260747735810000150650020000040231315198430
d31bcdc1-af1c-47ee-aac9-df49f91958f2,2026-07-21T18:38:09.616+00:00,concluido,273.68,autorizado,4029,23260747735810000150650020000040291822019815
0f31ec43-c48c-42b8-8964-000d11fd73a0,2026-07-21T18:20:29.517+00:00,concluido,440,autorizado,4022,23260747735810000150650020000040221204317760
bfbfb79c-8f9b-4f18-8112-c95b9bfa55b7,2026-07-28T14:27:51.154+00:00,concluido,42.9,autorizado,4324,23260747735810000150650020000043241318123728
50b462fc-49b9-4c03-bb22-5f257bf5c775,2026-07-28T18:36:10.444+00:00,concluido,487.3,autorizado,4362,23260747735810000150650020000043621782833550
2fc353c6-af9c-4292-946b-f292d62e08fe,2026-07-28T18:24:17.936+00:00,concluido,289.3,autorizado,4365,23260747735810000150650020000043651515185672
4aa18e9f-d23f-4d1a-8f9b-a339ffaab33d,2026-07-21T18:31:29.722+00:00,concluido,233.86,autorizado,4025,23260747735810000150650020000040251769625966
b06824fc-81f6-41f4-835a-e65d3f4d8c01,2026-07-21T18:31:59.634+00:00,cancelado,10,pendente,,
0650d01c-feb5-4dca-ba4c-53ce2a6a27bd,2026-07-21T18:32:41.247+00:00,concluido,49.5,autorizado,4026,23260747735810000150650020000040261447767891
b45e28ed-eb61-4399-8225-3af4521febf7,2026-07-21T18:36:11.31+00:00,concluido,167.2,autorizado,4027,23260747735810000150650020000040271719110312
4fde36d5-e59f-4cda-a4ed-a5ddbe7a0793,2026-07-21T18:37:12.718+00:00,concluido,220,autorizado,4028,23260747735810000150650020000040281123499780
f1567546-a2a9-48eb-9c03-87882c3694dc,2026-07-21T18:39:51.371+00:00,concluido,328.9,autorizado,4030,23260747735810000150650020000040301768062461
669bedaf-08c2-4398-b3bb-284898ec3b32,2026-07-21T18:40:05.942+00:00,concluido,216.7,autorizado,4031,23260747735810000150650020000040311229142920
57a8a259-a006-42a5-9940-d3c3e734ea5b,2026-07-21T18:49:19.006+00:00,concluido,341.77,autorizado,4036,23260747735810000150650020000040361453733789
c4a8dbed-041d-4d66-ae06-ebcdb5bb635c,2026-07-21T18:50:17.339+00:00,concluido,55,autorizado,4049,23260747735810000150650020000040491247327213
6ff95f41-e977-4364-bbe9-ff414cbc204c,2026-07-28T15:02:50.221+00:00,concluido,64.9,autorizado,4325,23260747735810000150650020000043251792346411
f8235623-bb13-48dd-93d8-d845c9c70dfb,2026-07-21T18:45:20.784+00:00,concluido,305.69,autorizado,4033,23260747735810000150650020000040331413537987
0bb1d15b-128e-4e25-aa83-577e8bff3e1d,2026-07-21T18:46:00.338+00:00,concluido,198,autorizado,4034,23260747735810000150650020000040341220382245
fb64bee3-30c3-4de6-8dd5-a15b56eb88c6,2026-07-21T19:00:10.153+00:00,cancelado,10,pendente,,
3f9438f3-cc70-4222-a337-82c8cad523e3,2026-07-21T19:08:40.925+00:00,concluido,344.3,autorizado,4043,23260747735810000150650020000040431821333973
c98ff4c9-a057-440a-9944-616ad9a5905b,2026-07-21T19:12:40.302+00:00,concluido,425.7,autorizado,4047,23260747735810000150650020000040471860692104
9ebe8c9e-d5af-4ba1-8612-fcf5b8c7f01a,2026-07-21T18:47:16.894+00:00,concluido,101.2,autorizado,4035,23260747735810000150650020000040351688264420
cd449de8-ede4-415d-b362-38b04550c206,2026-07-21T18:49:55.784+00:00,concluido,79.2,autorizado,4037,23260747735810000150650020000040371921341555
71647dae-002c-441c-864d-b110d6b32ac7,2026-07-21T18:57:37.88+00:00,concluido,522.28,autorizado,4039,23260747735810000150650020000040391255821179
9bae53fd-c52e-4cdf-88e8-10c2db075cb9,2026-07-21T18:53:56.204+00:00,concluido,183.7,autorizado,4038,23260747735810000150650020000040381388542915
49f51817-dd87-441b-ab22-63247f3ac6c7,2026-07-21T19:02:35.381+00:00,concluido,15,autorizado,4041,23260747735810000150650020000040411976435317
5f05ef9d-d12a-4eb6-87bc-7266cf034545,2026-07-21T19:04:05.166+00:00,concluido,269.5,autorizado,4042,23260747735810000150650020000040421788006541
ebe49a41-582a-455b-bf44-a44824856d66,2026-07-21T19:14:20.509+00:00,concluido,403.59,autorizado,4048,23260747735810000150650020000040481869686236
0eec13e8-0823-47ae-bff8-52c8c84315be,2026-07-21T19:01:19.568+00:00,concluido,192.5,autorizado,4040,23260747735810000150650020000040401978838284
0cefc0c1-d2e2-43ff-971f-89a6602b7107,2026-07-21T19:10:38.158+00:00,concluido,184.8,autorizado,4044,23260747735810000150650020000040441256441256
77a8b620-4ec7-4f8b-9b04-5e43bdbbefef,2026-07-21T19:11:22.27+00:00,concluido,143,autorizado,4045,23260747735810000150650020000040451308137908
1d592d02-583e-4064-b0a1-49dfe5c4c7b4,2026-07-29T16:32:12.111+00:00,cancelado,195,pendente,,
5a1bf46e-41be-4d69-941d-9000cb37ee47,2026-07-21T19:11:58.277+00:00,concluido,229.9,autorizado,4046,23260747735810000150650020000040461742597260
f07d8e80-2f93-48bc-9626-bc72a316c718,2026-07-21T19:16:06.544+00:00,concluido,370.7,autorizado,4051,23260747735810000150650020000040511543398462
3bc02d8a-6b6b-43de-a563-3e44cb54ed38,2026-07-28T15:51:42.463+00:00,cancelado,10,pendente,,
b0111356-c204-4a83-aa08-96354bade6d9,2026-07-29T16:54:29.676+00:00,concluido,313.5,autorizado,4408,23260747735810000150650020000044081964442094
99ab2235-5932-43f7-a3d1-926f1722773f,2026-07-21T19:14:56.504+00:00,concluido,546.7,autorizado,4050,23260747735810000150650020000040501451252928
6ad7aea2-792a-4467-99d6-b5d2b2340f35,2026-07-21T19:19:43.721+00:00,concluido,429.8,autorizado,4052,23260747735810000150650020000040521136961386
2cf737bc-a59b-4e5c-9e2f-a8e1a6a88738,2026-07-21T19:22:05.07+00:00,concluido,314.6,autorizado,4053,23260747735810000150650020000040531887262965
9ddfbfc1-dd09-4d22-b36d-adf1d677777a,2026-07-21T19:22:17.482+00:00,concluido,384.06,autorizado,4054,23260747735810000150650020000040541746105143
115ca037-0179-4ab5-9afc-afe515efd2d0,2026-07-30T21:46:27.848+00:00,cancelado,90,pendente,,
307d8ed7-5c00-4431-93fa-1317c1b41eda,2026-07-21T19:23:04.781+00:00,concluido,303.6,autorizado,4055,23260747735810000150650020000040551883734140
1ccba0b2-0223-4dbc-8512-07aca4c2a631,2026-07-30T21:48:47.238+00:00,cancelado,0,pendente,,
045db726-5fef-4527-ad6c-e5cfb6c94612,2026-07-21T19:26:16.926+00:00,concluido,252.67000000000002,autorizado,4057,23260747735810000150650020000040571237593656
12c2e197-a754-4eac-be77-4a2864c7cfb5,2026-07-21T19:34:44.246+00:00,concluido,23,autorizado,4060,23260747735810000150650020000040601755153853
17e131b3-f86b-4b0a-b99c-0c1b1d51348c,2026-07-21T19:46:58.006+00:00,concluido,0,pendente,,
dddf9bdb-7310-4d59-b022-3028ddba1b5f,2026-07-21T19:24:14.798+00:00,concluido,294.5,autorizado,4056,23260747735810000150650020000040561253459392
fa112ec0-22db-45b3-a4d2-710fdc6438a6,2026-07-21T19:28:26.497+00:00,cancelado,0,pendente,,
960efae1-7455-4adc-bae5-116375508e59,2026-07-21T19:35:53.22+00:00,concluido,29.7,autorizado,4061,23260747735810000150650020000040611854349923
6384fade-48c4-4a8c-a558-fb9360eaf964,2026-07-30T21:46:43.634+00:00,cancelado,30,pendente,,
63331aaa-fbbf-4871-917b-bc517bb60202,2026-07-21T19:27:13.023+00:00,concluido,246.4,autorizado,4058,23260747735810000150650020000040581468455302
0b211a39-f487-4ec8-b476-562d3a46890e,2026-07-21T19:28:15.246+00:00,cancelado,0,pendente,,
fb71b82e-822b-4798-90e2-7c3220e8cf2d,2026-07-21T19:33:16.304+00:00,concluido,110,autorizado,4059,23260747735810000150650020000040591583345619
2c883a48-467e-46cc-9241-8a72bfc8115d,2026-07-21T19:38:04.527+00:00,concluido,360.8,autorizado,4062,23260747735810000150650020000040621469552401
aea6579d-4dc2-4ecd-be8a-ee80f444646d,2026-07-21T19:52:01.967+00:00,concluido,48.4,autorizado,4063,23260747735810000150650020000040631600519252
05cee3b2-eec5-4310-9d14-f5404b640960,2026-07-21T20:06:47.269+00:00,concluido,224,pendente,,
767dd3a7-ef50-4d89-be45-c418fa5e9f8b,2026-07-21T20:07:07.243+00:00,concluido,0,pendente,,
735d7cea-4f56-40cf-962a-7c3336cce73c,2026-07-30T16:15:16.604+00:00,concluido,206.8,autorizado,4452,23260747735810000150650020000044521179196667
3de5747a-cf08-4e9d-b8b0-67518716fa6d,2026-07-28T19:01:25.264+00:00,concluido,122.76,autorizado,4378,23260747735810000150650020000043781526405235
54658a7a-05a1-4c54-8548-3e14731099ee,2026-07-28T19:03:15.72+00:00,concluido,35.2,pendente,,
927092b5-1c6c-4f36-88e2-48e4b06730ea,2026-07-28T16:21:16.223+00:00,cancelado,789.8,rejeitado,4326,23260747735810000150650020000043261366519258
38ad18e0-cc96-4ac3-8418-03784bb614d8,2026-07-28T19:04:51.694+00:00,concluido,1080.2,pendente,,
f2ddd8a4-eb35-4227-ad5f-c77fc6d0ad34,2026-07-28T19:05:11.639+00:00,concluido,222.2,pendente,,
2cae83a6-4810-4ff7-b30c-2873ce83d8a1,2026-07-28T16:37:26.009+00:00,concluido,789.8,autorizado,4328,23260747735810000150650020000043281689044965
27029edb-4e02-4040-9ab2-dd847c2dfe5c,2026-07-28T18:42:18.384+00:00,concluido,82.5,autorizado,4367,23260747735810000150650020000043671123844130
7fddee8e-c640-4dab-8d6e-d0fbe4b4a543,2026-07-30T16:25:15.358+00:00,cancelado,10,pendente,,
985971e8-7010-45b3-9a0f-1a73d51bacf7,2026-07-28T18:47:49.76+00:00,concluido,275,autorizado,4371,23260747735810000150650020000043711183437290
29d48b55-e6db-420d-940e-ca05f256bb9c,2026-07-28T17:23:20.976+00:00,concluido,193.6,autorizado,4329,23260747735810000150650020000043291311004851
16394a18-0f23-4c2b-8bf0-5fc86f2085e8,2026-07-28T19:06:05.73+00:00,concluido,164.12,pendente,,
dbfc3fbf-2e3e-487f-9f45-23ce22770706,2026-07-28T19:05:42.056+00:00,concluido,267.3,autorizado,4379,23260747735810000150650020000043791498686198
672170b6-da27-4378-a111-1869eae94341,2026-07-28T18:49:03.884+00:00,concluido,283.8,autorizado,4372,23260747735810000150650020000043721466580563
9ed96d62-a9f5-4298-8ae5-10ddbbb6e15b,2026-07-28T17:23:55.872+00:00,concluido,168.3,autorizado,4330,23260747735810000150650020000043301649007587
cb78e8d2-d2c0-447e-99e1-39d67b124d19,2026-07-28T17:30:06.236+00:00,concluido,269.5,autorizado,4331,23260747735810000150650020000043311621036610
4c1e1eca-ea35-4470-a934-01e0ebebcf07,2026-07-28T19:04:19.366+00:00,concluido,112.09,pendente,,
b1b6ec24-cb60-4e2d-86e1-9511e22215bd,2026-07-28T17:54:37.164+00:00,cancelado,10,pendente,,
95a2b9c0-cb2a-4839-a45d-5150ee961a73,2026-07-28T17:52:06.27+00:00,concluido,177.1,autorizado,4332,23260747735810000150650020000043321511782705
f6bc21a8-2632-4d02-8198-1adbc7eefeec,2026-07-28T17:52:49.881+00:00,cancelado,10,pendente,,
a55d7456-b58d-4eac-8276-bcfc3c470d4a,2026-07-28T18:41:26.743+00:00,concluido,321.97,autorizado,4366,23260747735810000150650020000043661207984717
c8e66fd3-2196-4c3d-b44f-02750a5f15fd,2026-07-28T17:56:10.53+00:00,concluido,232.1,autorizado,4333,23260747735810000150650020000043331673096154
bf5cd1d3-bb74-4da3-88dd-88c743613a74,2026-07-28T17:57:51.023+00:00,cancelado,10,pendente,,
b1a7cec7-c9b5-4c2b-9004-e1407d07a8c0,2026-07-28T17:56:52.619+00:00,cancelado,10,pendente,,
4a4c6df1-4816-4e3c-9934-241f7bba75c2,2026-07-28T18:58:10.573+00:00,concluido,201.3,autorizado,4374,23260747735810000150650020000043741516638696
c7307a69-20cb-41c5-9b02-14ec7ed1d3ff,2026-07-28T17:59:40.196+00:00,concluido,49.5,autorizado,4334,23260747735810000150650020000043341902263530
16c8b6f3-d416-4906-874a-e1d00085c155,2026-07-28T18:01:25.948+00:00,concluido,11,pendente,,
e1b3a13b-3686-475d-b36c-bb2820cf4fd1,2026-07-28T17:59:21.495+00:00,concluido,182.6,autorizado,4335,23260747735810000150650020000043351583188232
47e2a239-ec3a-4351-a7d6-75521188928e,2026-07-24T13:21:41.951+00:00,concluido,159.5,pendente,,
fa2e5075-6750-400a-9f3c-c8562eeb0430,2026-07-24T15:18:41.229+00:00,concluido,228.8,autorizado,4064,23260747735810000150650020000040641371979711
63125c64-ee22-4fb4-98b6-5a18bb5dc002,2026-07-24T15:42:20.555+00:00,concluido,154,autorizado,4065,23260747735810000150650020000040651475636184
f3862254-0283-4885-9a14-9f8e000d8078,2026-07-24T15:53:50.765+00:00,concluido,204.6,autorizado,4066,23260747735810000150650020000040661702345875
3755204a-dc6b-4fc6-a9a4-fae49489f225,2026-07-24T15:58:15.092+00:00,concluido,325.6,autorizado,4068,23260747735810000150650020000040681347196027
f17e9f08-fa4b-445f-ac89-715c7c3cdb60,2026-07-24T16:03:48.576+00:00,concluido,343,autorizado,4069,23260747735810000150650020000040691136225849
493ad2f0-be0d-464d-9cd3-1294fdc4c355,2026-07-24T16:25:08.467+00:00,concluido,265.1,autorizado,4070,23260747735810000150650020000040701580397097
3f2d65b3-7164-4428-8f12-c99355ccefc1,2026-07-30T17:04:23.285+00:00,concluido,183.7,autorizado,4455,23260747735810000150650020000044551490406378
320d4518-b67c-4650-b1e9-a82aab761e74,2026-07-24T16:33:12.303+00:00,concluido,49.5,autorizado,4071,23260747735810000150650020000040711183535555
f4a2686c-6f85-4bb4-adac-143ecc6bb241,2026-07-24T16:34:00.716+00:00,concluido,160.6,autorizado,4072,23260747735810000150650020000040721341743622
24fbe952-5eba-4af4-a8a5-349069811d18,2026-07-24T16:33:48.838+00:00,cancelado,10,pendente,,
683a3136-ab2e-43a1-8bd7-c84a987584fe,2026-07-24T16:40:32.799+00:00,concluido,378.4,autorizado,4073,23260747735810000150650020000040731483347295
56985421-fcaa-4eb3-8487-d7c673310e5f,2026-07-24T16:41:21.231+00:00,concluido,215.6,autorizado,4074,23260747735810000150650020000040741111381944
3267e783-a3e0-4180-aee8-3591406274f5,2026-07-24T16:43:29.377+00:00,concluido,282.7,autorizado,4075,23260747735810000150650020000040751955926905
034cde6a-49b2-4ca6-bf3b-80c81a7cbbae,2026-07-24T16:46:52.274+00:00,concluido,319,autorizado,4076,23260747735810000150650020000040761110538178
2062c983-5c56-438b-8860-47a0975d57a3,2026-07-24T16:47:40.016+00:00,cancelado,35.7,pendente,,
4f5aa32f-c51d-4fe5-866c-da8fa320d027,2026-07-24T16:48:52.321+00:00,cancelado,10,pendente,,
2db6f6f0-d960-4a1f-9ca7-8551dbede4d8,2026-07-24T16:49:35.248+00:00,cancelado,10,pendente,,
8eda3c6a-489d-4315-8f10-5d92b246da87,2026-07-24T16:49:50.513+00:00,concluido,188.1,autorizado,4077,23260747735810000150650020000040771840741702
08a615d2-bb92-4bac-a62d-728c4dbe2f66,2026-07-24T16:55:32.038+00:00,concluido,178.2,autorizado,4081,23260747735810000150650020000040811903787375
a773a0ce-f0c7-4c3e-83e2-f6c63754e3b9,2026-07-24T16:59:47.7+00:00,cancelado,23.8,pendente,,
f00e9d37-e283-43cf-b126-ae4f5dea0b7f,2026-07-24T16:51:20.571+00:00,concluido,320.87,autorizado,4078,23260747735810000150650020000040781724496516
7522d238-972a-48cb-86fc-d97b0ba746f1,2026-07-24T16:52:47.716+00:00,concluido,248.6,autorizado,4079,23260747735810000150650020000040791149228880
55665c34-5761-467a-b1b5-1c9801ef23b4,2026-07-24T16:55:16.308+00:00,concluido,101.2,rejeitado,4080,23260747735810000150650020000040801739720806
c5a7002a-825a-48d9-9e8b-897c4c521f33,2026-07-24T17:03:59.301+00:00,cancelado,10,pendente,,
619add2c-cf5e-4014-876a-f63aad2e6c80,2026-07-24T17:06:16.778+00:00,cancelado,10,pendente,,
9898d6df-2aa5-44ed-9606-648216bb9b36,2026-07-24T17:01:57.205+00:00,concluido,235.4,autorizado,4082,23260747735810000150650020000040821143193770
466c926f-36ae-4b8b-9ac5-4b82ac82d3f2,2026-07-24T17:02:59.155+00:00,cancelado,10,pendente,,
e80a5003-6992-481b-a4da-45c0574a7788,2026-07-24T17:05:04.684+00:00,cancelado,10,pendente,,
b2c79b6a-b71b-43fc-8e00-bc61096bc123,2026-07-24T17:03:53.468+00:00,concluido,195.8,autorizado,4083,23260747735810000150650020000040831357640341
902eb1eb-000e-4990-9836-da5feed184cb,2026-07-24T17:07:48.891+00:00,concluido,233.2,autorizado,4084,23260747735810000150650020000040841742703487
2472be54-cbf9-4df9-98c1-3462ff66d37b,2026-07-24T17:09:14.68+00:00,cancelado,140,pendente,,
e3996d80-f250-4529-9259-c8be95b581e3,2026-07-24T17:10:54.059+00:00,cancelado,0,pendente,,
d6f49100-0eb7-418b-a579-0a985075adfb,2026-07-28T18:01:05.016+00:00,concluido,173.8,autorizado,4336,23260747735810000150650020000043361817579590
3aa46ca9-19d7-46f6-bda5-07037673ee01,2026-07-24T17:25:03.399+00:00,concluido,242,autorizado,4085,23260747735810000150650020000040851107785860
9cb5b366-8060-4b70-aef1-af11257716c8,2026-07-24T17:47:43.426+00:00,concluido,331.1,pendente,,
d409f1c8-025e-4c49-b922-8bd2516546eb,2026-07-24T17:29:03.606+00:00,concluido,421.3,autorizado,4086,23260747735810000150650020000040861321448256
0ba171b9-2fe0-4f0c-a6ff-805961862dc8,2026-07-24T17:33:10.801+00:00,concluido,43,autorizado,4088,23260747735810000150650020000040881817780237
c8ed3dee-4310-4fd1-915d-03fad7c62a17,2026-07-24T17:40:14.791+00:00,concluido,210,pendente,,
5ab700e6-2a78-41f6-b8ee-5503daa0353f,2026-07-28T18:11:42.987+00:00,concluido,69.3,autorizado,4343,23260747735810000150650020000043431181233766
2b7a46f4-b9a6-4f27-b4e3-3029ab521378,2026-07-24T17:29:41.827+00:00,concluido,191,autorizado,4087,23260747735810000150650020000040871520249137
4eb26d51-5d85-48a4-ae5e-c860628f7a51,2026-07-24T17:53:10.552+00:00,cancelado,220,rejeitado,4089,23260747735810000150650020000040891820220759
e3530903-7472-4ac9-b337-ce190e6200b1,2026-07-24T17:55:04.594+00:00,concluido,177.1,pendente,,
8b844043-dfa3-4af0-813e-e453ba1da7b5,2026-07-24T18:02:01.569+00:00,concluido,222,pendente,,
3f9dd8c7-1a3a-4c66-b03d-eaa0fa0fe3f5,2026-07-28T18:04:36.904+00:00,concluido,18.7,autorizado,4337,23260747735810000150650020000043371746814484
8587ee26-bea3-43ea-a01c-3fb496b89e45,2026-07-24T18:20:19.298+00:00,concluido,30.8,autorizado,4099,23260747735810000150650020000040991181716570
578adf5b-314f-4389-bb20-1062369227c1,2026-07-24T18:08:27.446+00:00,concluido,235.4,autorizado,4090,23260747735810000150650020000040901322160879
07af174b-47d8-4648-aaff-7d571a0dee85,2026-07-24T18:14:20.336+00:00,concluido,199.1,autorizado,4093,23260747735810000150650020000040931972619550
b9e00b3c-1033-45a9-b03e-7f8439561037,2026-07-24T18:15:03.022+00:00,cancelado,10,pendente,,
978d4f68-e2bd-411b-9877-8fe4aacf209d,2026-07-24T18:09:35.697+00:00,concluido,181.39,autorizado,4091,23260747735810000150650020000040911504538416
6073fdcb-1163-420a-9549-839d0e8fa316,2026-07-24T18:10:55.927+00:00,concluido,388.08,autorizado,4092,23260747735810000150650020000040921290266965
f389ffee-b708-46f9-a731-029579b63176,2026-07-24T18:15:08.878+00:00,concluido,198,autorizado,4094,23260747735810000150650020000040941111000897
bacb5dbb-ce5d-471e-8eca-918dc4008460,2026-07-24T18:15:37.903+00:00,concluido,150.7,autorizado,4095,23260747735810000150650020000040951563645524
28a8d61d-14de-4403-b6a5-adc2825460c9,2026-07-24T18:17:17.439+00:00,concluido,166.1,autorizado,4096,23260747735810000150650020000040961840052503
0619ff49-ee50-48c6-94c9-59981f006eb8,2026-07-24T18:17:43.626+00:00,concluido,236.39,autorizado,4097,23260747735810000150650020000040971745751251
57617990-9086-42e9-b616-a627dda92c14,2026-07-24T18:20:07.176+00:00,concluido,691.9,autorizado,4098,23260747735810000150650020000040981132184724
1e096982-336f-43e2-b93b-9f48a22cc46e,2026-07-24T18:22:48.375+00:00,concluido,217.69,autorizado,4101,23260747735810000150650020000041011154721002
2f9351d8-ef42-48b7-9214-11431f448163,2026-07-24T18:25:30.444+00:00,concluido,39.27,autorizado,4103,23260747735810000150650020000041031650655211
9404c78d-eb8d-40de-8811-56de059b75ef,2026-07-24T18:26:19.066+00:00,concluido,237.16,autorizado,4104,23260747735810000150650020000041041530032664
52e412a6-9c34-4df4-8a4d-3b4ce2eec9ee,2026-07-24T18:31:42.133+00:00,concluido,255.2,autorizado,4110,23260747735810000150650020000041101725961939
755a2ec5-8f39-448a-9e2e-4c38666d9648,2026-07-24T18:38:11.494+00:00,cancelado,0,pendente,,
37a9d6b0-0ff3-4b5b-b869-e1b1ca499f3c,2026-07-24T18:28:06.542+00:00,concluido,192.5,autorizado,4105,23260747735810000150650020000041051455686507
1f2e63cd-291c-423e-8b78-d3e9d2b36f5b,2026-07-24T18:28:39.133+00:00,concluido,288.2,autorizado,4107,23260747735810000150650020000041071433450440
61e13398-06a0-4743-90af-bd9ff1abc828,2026-07-24T18:30:24.456+00:00,concluido,182.2,autorizado,4108,23260747735810000150650020000041081196623808
a07e7c0f-c69f-4032-a58a-07141b542545,2026-07-24T18:39:47.508+00:00,concluido,86.9,autorizado,4118,23260747735810000150650020000041181977741931
5c7fe1f2-bbc2-4c09-aa9a-79c99e9e2ca3,2026-07-24T18:28:27.485+00:00,concluido,160.6,autorizado,4106,23260747735810000150650020000041061427000687
2a7edce8-1281-456d-adbc-c864323fe3e3,2026-07-24T18:33:35.722+00:00,cancelado,10,pendente,,
a42a0f21-0937-4656-afd6-274b072f97cb,2026-07-24T18:33:50.877+00:00,concluido,416.9,autorizado,4113,23260747735810000150650020000041131497162672
132a3326-9c86-4cff-8da9-3ca7299a034e,2026-07-24T18:36:22.693+00:00,concluido,6.6,autorizado,4114,23260747735810000150650020000041141971480088
efe7a159-02df-4c4e-a76b-b67204bb59ed,2026-07-24T18:38:07.581+00:00,concluido,233.2,autorizado,4116,23260747735810000150650020000041161628324990
3123f6e6-787e-423d-b2da-7375dae82916,2026-07-24T18:41:46.141+00:00,concluido,150.7,autorizado,4121,23260747735810000150650020000041211841089588
c432bf15-60c7-4bdf-ab89-b5e085a69519,2026-07-24T18:30:38.284+00:00,concluido,95.7,autorizado,4109,23260747735810000150650020000041091741585899
c161fe23-5dad-44ff-8b01-24a92917b08c,2026-07-24T18:32:08.77+00:00,concluido,356.4,autorizado,4111,23260747735810000150650020000041111768585308
97ed4f8a-bc02-4a99-a895-bca886135525,2026-07-24T18:37:26.003+00:00,cancelado,10,pendente,,
ac10b271-bee0-473a-9b50-2d77d07681b7,2026-07-24T18:38:36.802+00:00,cancelado,0,pendente,,
a1b928a7-7c7b-4910-a8dd-553a245945c1,2026-07-24T18:38:44.88+00:00,cancelado,0,pendente,,
616c0002-1018-4eaa-8e85-1baad7f2e53f,2026-07-24T18:40:49.213+00:00,concluido,172.7,autorizado,4119,23260747735810000150650020000041191419814814
070d170f-2b73-4c21-8133-1084bee0b29e,2026-07-24T18:33:15.233+00:00,concluido,161.7,autorizado,4112,23260747735810000150650020000041121684827421
0037bdb9-24e4-4f1a-af3f-65efcbddbff8,2026-07-24T18:39:05.133+00:00,concluido,436.7,autorizado,4117,23260747735810000150650020000041171758010845
63073031-9adf-4db3-9235-aba4f09dfc29,2026-07-24T18:40:32.052+00:00,cancelado,10,pendente,,
6ce8c453-36c3-44c4-9bad-2f9d77df715f,2026-07-24T18:41:38.144+00:00,concluido,204.6,autorizado,4120,23260747735810000150650020000041201106432867
a2678f90-b694-4ec6-86f0-30299b32a5c2,2026-07-30T19:20:44.819+00:00,concluido,180.4,autorizado,4498,23260747735810000150650020000044981384437955
72d578fd-d1b3-421c-b404-4474d9b1afd3,2026-07-28T18:54:22.27+00:00,concluido,60,autorizado,4373,23260747735810000150650020000043731123156311
aa12294c-1209-4b76-880d-48819c9e4af8,2026-07-28T18:59:09.571+00:00,concluido,106.7,autorizado,4375,23260747735810000150650020000043751327682440
dcbe6450-cf20-4894-8855-4534a4873eac,2026-07-28T18:59:44.545+00:00,concluido,186.78,autorizado,4376,23260747735810000150650020000043761141672867
cd8ffea3-1646-4d7d-8255-8900a79d4805,2026-07-28T19:00:03.198+00:00,cancelado,30,pendente,,
72f2bf77-2b5c-4069-96df-1478a9689952,2026-07-28T19:00:13.317+00:00,concluido,177.1,autorizado,4377,23260747735810000150650020000043771673075615
8a132454-9851-43bc-b972-ae6d71d87c92,2026-07-28T19:06:48.414+00:00,concluido,111.1,autorizado,4380,23260747735810000150650020000043801572213570
c987d3a6-5e68-45f3-974a-44806a8c59d5,2026-07-28T19:07:21.069+00:00,concluido,215.6,autorizado,4381,23260747735810000150650020000043811376144437
002a1601-2dde-4ab1-acec-6321b0ed6fc2,2026-07-28T19:07:54.784+00:00,concluido,324.06,autorizado,4382,23260747735810000150650020000043821768548260
96d3c41e-59fd-406b-ae35-8759dba055ec,2026-07-28T19:09:19.342+00:00,concluido,190,autorizado,4384,23260747735810000150650020000043841147825063
b1337e2b-0856-47e3-80fa-82c7cd68ab0e,2026-07-28T19:08:26.961+00:00,concluido,399.3,autorizado,4383,23260747735810000150650020000043831396212939
562c6b21-908b-47ce-86e3-4316ed3a59a3,2026-07-28T19:10:28.718+00:00,concluido,121,autorizado,4386,23260747735810000150650020000043861590320174
30d80d31-0b18-4925-aacd-57b0c8c1e606,2026-07-28T19:12:58.006+00:00,concluido,199.1,autorizado,4387,23260747735810000150650020000043871270027260
09d8b4f4-2444-4ede-b19c-b8a896c1292b,2026-07-28T19:09:56.12+00:00,concluido,196.68,autorizado,4385,23260747735810000150650020000043851760055363
3c542f73-cddd-494c-958d-bee868b814e0,2026-07-28T19:13:41.867+00:00,concluido,520.3,autorizado,4388,23260747735810000150650020000043881630529910
e0d6f994-02d2-4e84-a384-7cff517d2b10,2026-07-28T19:30:25.11+00:00,cancelado,86.9,erro,4392,23260747735810000150650020000043921582121769
07f2ef77-3f74-423b-9324-8a42bc42c8dc,2026-07-28T19:23:47.618+00:00,concluido,117,autorizado,4389,23260747735810000150650020000043891650604094
56627787-71d5-4666-916f-d88d2724e4a3,2026-07-28T18:53:48.568+00:00,concluido,60.5,autorizado,4390,23260747735810000150650020000043901612048679
4c7e10ff-99f7-4f37-9bcb-03ddcfb5f465,2026-07-28T20:06:51.866+00:00,concluido,182,autorizado,4396,23260747735810000150650020000043961946399538
62fa632d-c251-49be-aee0-c0b777c6cace,2026-07-28T20:13:07.77+00:00,concluido,189.6,autorizado,4397,23260747735810000150650020000043971312088560
4f92a4c0-3841-470b-802d-245982f65152,2026-07-28T20:18:46.555+00:00,concluido,171.6,autorizado,4401,23260747735810000150650020000044011126245524
cd596e2e-e20b-4486-a9b6-32ba2350255d,2026-07-28T20:22:53.249+00:00,cancelado,0,pendente,,
da528b42-b32b-43ae-842d-95aa3759a553,2026-07-28T20:24:01.858+00:00,cancelado,0,pendente,,
2ec877f2-36e2-4d39-bed7-c969f2b7bee9,2026-07-28T20:23:21.292+00:00,concluido,138.6,autorizado,4404,23260747735810000150650020000044041375675419
64713b44-3f62-4046-9a8b-03404affce7f,2026-07-28T20:19:57.206+00:00,concluido,435.49,autorizado,4402,23260747735810000150650020000044021992879376
e88b4a4b-cc18-473c-aecc-cf48ad18d23b,2026-07-28T20:23:08.134+00:00,cancelado,0,pendente,,
5ab6a0d2-9058-47d7-96c3-5ed6795ee52f,2026-07-28T20:23:35.388+00:00,cancelado,0,pendente,,
3833c17f-5966-4e7a-a226-8bd52f22247f,2026-07-28T20:23:53.244+00:00,cancelado,0,pendente,,
5dada615-a02d-4f87-a6de-33c7cb9f1e8d,2026-07-28T20:24:28.864+00:00,cancelado,0,pendente,,
9fdcb47e-9a66-4212-a1dd-b9d9ce26c2dc,2026-07-28T20:25:05.34+00:00,cancelado,0,pendente,,
04b7912f-9853-4f59-8076-54eed95f1993,2026-07-28T20:27:14.039+00:00,cancelado,0,pendente,,
11be5253-3de9-4fed-87fb-26a60e1d39df,2026-07-28T20:43:39.48+00:00,concluido,0,pendente,,
be2a9956-46b0-4f50-8111-015994852bd8,2026-07-29T16:26:35.591+00:00,concluido,173.8,autorizado,4407,23260747735810000150650020000044071897981629
d3392bf9-6f36-4a90-af4f-4bb1f91271fb,2026-07-29T16:55:56.797+00:00,concluido,113.3,autorizado,4409,23260747735810000150650020000044091855355511
833eabfd-715c-4c19-945e-01ae31e351a1,2026-07-29T17:04:02.089+00:00,concluido,587.18,autorizado,4414,23260747735810000150650020000044141343680286
cbf69b34-0745-44de-8a4f-4fe3ac81dd4a,2026-07-29T17:20:07.725+00:00,concluido,114.4,autorizado,4417,23260747735810000150650020000044171289731690
101cb44a-c800-4146-a267-5f34cf86f0be,2026-07-29T16:57:07.285+00:00,concluido,243.1,autorizado,4410,23260747735810000150650020000044101891918106
0892d76b-b3e0-46cb-97d4-ddc67a13902d,2026-07-29T17:00:11.005+00:00,cancelado,211.2,autorizado,4412,23260747735810000150650020000044121841800696
0a20af60-2827-4a79-a6a7-c2b2845523ad,2026-07-29T16:59:25.579+00:00,concluido,202.4,autorizado,4411,23260747735810000150650020000044111621146191
340cc7a0-dd79-4a99-a539-90a60ea8097c,2026-07-29T17:13:48.024+00:00,concluido,517,autorizado,4415,23260747735810000150650020000044151244736035
50433e29-49b7-4701-81aa-3ba447d6ad72,2026-07-29T17:00:57.211+00:00,concluido,211.2,autorizado,4413,23260747735810000150650020000044131548888949
b51fe3ad-f281-49d0-8758-41f8b9c020bf,2026-07-29T17:03:16.503+00:00,concluido,253,autorizado,4543,23260847735810000150650020000045431139627284
3dbcfe08-aed8-41f6-9664-80f2b96f7384,2026-07-29T17:22:25.769+00:00,concluido,182.6,autorizado,4418,23260747735810000150650020000044181851009308
74d8154d-b896-49b7-84e1-6005944668d2,2026-07-29T17:55:52.315+00:00,concluido,150,autorizado,4423,23260747735810000150650020000044231294038350
efa2a4ee-0bec-40ee-802e-d599b52bbb6f,2026-07-29T18:15:35.497+00:00,concluido,286,autorizado,4425,23260747735810000150650020000044251338177516
747dca70-76ad-483e-9f74-593b0337eb43,2026-07-29T18:20:03.813+00:00,concluido,257.29,autorizado,4427,23260747735810000150650020000044271822477896
86a41926-d49a-448a-bab9-dafa391e6a69,2026-07-29T18:21:08.253+00:00,concluido,203.5,autorizado,4428,23260747735810000150650020000044281195055910
acb673a3-efd9-47fe-b230-fc2710f7ac8e,2026-07-29T18:25:14.488+00:00,concluido,218.9,autorizado,4430,23260747735810000150650020000044301460035984
dfaebff4-113e-488f-887c-87afe0ed9c79,2026-07-29T18:29:30.636+00:00,concluido,308,autorizado,4437,23260747735810000150650020000044371340539684
3b236c9f-7a6e-4d84-9e9a-b3a0327d26ca,2026-07-29T18:44:01.525+00:00,concluido,504,autorizado,4433,23260747735810000150650020000044331234198020
0c6e5af6-e713-4465-a53e-700399203857,2026-07-29T18:45:07.069+00:00,concluido,226,autorizado,4434,23260747735810000150650020000044341401884996
8716d78d-72d6-4f91-8872-02b5dda69b86,2026-07-29T18:45:54.554+00:00,concluido,272.8,autorizado,4435,23260747735810000150650020000044351624597900
45016eec-bbaa-4841-8eaf-20ccacf5dd26,2026-07-29T18:47:41.385+00:00,concluido,219.78,autorizado,4439,23260747735810000150650020000044391111911903
af1aa63a-7437-424a-887c-234ffc22a7fc,2026-07-29T18:48:31.954+00:00,concluido,72.6,autorizado,4440,23260747735810000150650020000044401875957657
ae6fbddb-b587-43fb-a859-6730a84e0c28,2026-07-29T18:58:13.04+00:00,concluido,849.75,autorizado,4441,23260747735810000150650020000044411882219027
2fd8b0d1-4e04-4e1d-80db-4833569e1fb4,2026-07-29T19:09:17.552+00:00,concluido,222,autorizado,4445,23260747735810000150650020000044451367409821
4c75cdd3-0dea-4bc2-9e3f-5d6964d8d09b,2026-07-29T19:15:04.298+00:00,concluido,457.6,autorizado,4533,23260847735810000150650020000045331525902661
4d617ce9-687b-4a14-aaf1-847f42b87835,2026-07-29T19:32:33.376+00:00,concluido,0,pendente,,
c70d6fb5-ce1f-43f3-a903-3f4bedac07fb,2026-07-29T19:33:33.296+00:00,concluido,119,autorizado,4449,23260747735810000150650020000044491660844136
4453f144-a73f-41d4-a22d-5cab04ef2913,2026-07-30T16:16:07.652+00:00,concluido,437.8,autorizado,4453,23260747735810000150650020000044531369662852
6d5255a0-1e35-4a0c-8998-b493280288b5,2026-07-30T16:16:48.089+00:00,concluido,62.7,autorizado,4454,23260747735810000150650020000044541892623635
8e6db69f-3a45-450c-9314-56769051b93b,2026-07-30T17:07:43.234+00:00,concluido,239.91,autorizado,4456,23260747735810000150650020000044561702415992
fb651852-6de1-4606-8abc-f306f8f00368,2026-07-30T17:49:00.016+00:00,concluido,273.9,autorizado,4457,23260747735810000150650020000044571226661568
5ded31d9-6593-4b1f-83a6-a815228e30f1,2026-07-30T17:52:45.478+00:00,concluido,312.4,autorizado,4458,23260747735810000150650020000044581118903596
8ccd7f6e-cc07-45b0-a8a7-62e607a3cf1c,2026-07-30T18:02:36.383+00:00,concluido,340.56,autorizado,4459,23260747735810000150650020000044591492501350
65d2fac7-1b64-407c-9294-da3b0cc994bb,2026-07-30T18:19:18.473+00:00,cancelado,10,pendente,,
cb48fcbd-2241-44e8-bc42-1aff839c0c4f,2026-07-30T18:21:35.845+00:00,cancelado,10,pendente,,
b86479b9-7476-448d-9bc6-1127fadeea7d,2026-07-30T18:24:15.517+00:00,cancelado,112.2,autorizado,4462,23260747735810000150650020000044621542658563
3ffda9f3-504f-4f79-9123-c9646203861e,2026-07-30T18:09:56.257+00:00,concluido,418,autorizado,4460,23260747735810000150650020000044601607385839
b7e4f490-7364-457e-b3b0-1874911774b2,2026-07-30T18:14:06.162+00:00,concluido,243.1,autorizado,4461,23260747735810000150650020000044611239348807
d2a00801-e02e-4826-81bb-ec7e3d6bb4fb,2026-07-30T18:23:14.075+00:00,cancelado,10,pendente,,
d7f1cedf-1f80-4329-a1a6-048bf02f72f5,2026-07-30T18:07:10.488+00:00,concluido,514.69,autorizado,4463,23260747735810000150650020000044631113396386
14325217-4f9b-4cb9-bc60-0a153b5ceb2d,2026-07-30T18:30:27.577+00:00,concluido,339.9,autorizado,4465,23260747735810000150650020000044651100343534
38b436b3-b6b5-4e2f-a7a3-f553d531a4b0,2026-07-30T18:39:31.543+00:00,cancelado,10,pendente,,
545f3bb7-d4ec-4577-8bee-7d936fff6aa4,2026-07-30T18:40:53.268+00:00,cancelado,303.6,autorizado,4468,23260747735810000150650020000044681535584219
00dfc9b2-5db3-4866-93b0-0d6da542905a,2026-07-30T18:39:01.473+00:00,cancelado,10,pendente,,
c43b7540-c711-4c6a-ab99-f39138344040,2026-07-30T18:41:18.593+00:00,concluido,344.3,autorizado,4469,23260747735810000150650020000044691942284459
48cfcdb1-fef4-40c7-bed5-6aa6be1974a9,2026-07-30T18:42:29.084+00:00,cancelado,10,pendente,,
4a2811a9-c244-44c4-ac96-a0139dbaa57f,2026-07-30T18:42:55.639+00:00,concluido,190.3,autorizado,4470,23260747735810000150650020000044701478892817
fbd44a6d-c37e-4430-9693-f0a67fb7ea07,2026-07-30T18:31:06.381+00:00,cancelado,159.5,autorizado,4466,23260747735810000150650020000044661265368794
ac7d0831-736b-4b2e-b560-7b611087645d,2026-07-30T18:45:50.446+00:00,concluido,257.4,autorizado,4474,23260747735810000150650020000044741897437255
103fe575-1361-4618-af18-203d5e66990a,2026-07-30T18:46:05.092+00:00,cancelado,7,pendente,,
45c683b9-bd43-40e2-8f48-9591f8d0f12f,2026-07-30T18:43:41.674+00:00,concluido,418,autorizado,4472,23260747735810000150650020000044721609330188
d87b909a-0bf5-44aa-a043-5ffe948bdd62,2026-07-30T18:45:40.893+00:00,cancelado,313.5,autorizado,4473,23260747735810000150650020000044731609050077
df11b8de-7055-4c07-bc4f-4aa57715f93a,2026-07-30T18:43:38.906+00:00,cancelado,347.6,autorizado,4471,23260747735810000150650020000044711644154997
e6091926-9a08-4428-b388-3038df869ad5,2026-07-30T18:53:27.716+00:00,concluido,89.1,autorizado,4477,23260747735810000150650020000044771314904147
7266dc7b-c66a-4e5f-9bc9-8e28898ad2d0,2026-07-30T18:59:32.753+00:00,cancelado,45,pendente,,
eb5fe83b-afe1-4aea-8cc5-2e5b63c1d19f,2026-07-30T19:00:07.06+00:00,cancelado,10,pendente,,
ff9c9c01-918a-43eb-a656-4f1042ca8080,2026-07-30T19:06:00.455+00:00,concluido,260.7,autorizado,4483,23260747735810000150650020000044831659514634
4e870619-d447-4178-bdd7-8f9470af7f41,2026-07-30T19:00:47.639+00:00,concluido,114.4,autorizado,4478,23260747735810000150650020000044781414161038
369675fa-f211-421e-88d6-1f5b7b7c6bc9,2026-07-30T19:05:01.737+00:00,concluido,137.5,autorizado,4482,23260747735810000150650020000044821344336830
f528c548-4368-4fb0-b55a-e902bf8c5927,2026-07-30T19:06:30.847+00:00,concluido,13.09,autorizado,4484,23260747735810000150650020000044841232444694
056e5b55-fae7-4f8a-9775-4c4c66b455d5,2026-07-30T19:01:24.217+00:00,concluido,211.2,autorizado,4479,23260747735810000150650020000044791287199667
9b0457a0-14f1-4266-9723-d1282a6d02d8,2026-07-30T19:04:57.891+00:00,concluido,10,autorizado,4481,23260747735810000150650020000044811556380983
016b6685-6d07-4578-a7b2-8bcb68d2e09c,2026-07-30T19:04:42.936+00:00,cancelado,10,pendente,,
75861160-031c-442b-be40-5ca632127fa7,2026-07-30T19:14:14.01+00:00,concluido,50.6,autorizado,4491,23260747735810000150650020000044911394741222
66b23901-6ece-4681-a9db-fd78d9c8ae33,2026-07-30T19:14:48.319+00:00,concluido,281,autorizado,4492,23260747735810000150650020000044921477268963
d10ee8c6-e430-45d1-bee8-167110b2f9a2,2026-07-30T19:04:11.633+00:00,concluido,260.98999999999995,autorizado,4480,23260747735810000150650020000044801633685677
5687c345-7f4e-4633-9796-b26cf56a2b7a,2026-07-30T19:07:12.816+00:00,cancelado,15,pendente,,
adb2779a-2b67-4923-9fae-9b58b86216ad,2026-07-30T19:07:41.529+00:00,cancelado,8,pendente,,
fa13725c-176a-4620-be36-c4e542d507d9,2026-07-30T19:08:32.398+00:00,concluido,254.1,autorizado,4486,23260747735810000150650020000044861602693477
4cbac92a-dfc4-4a6d-8f9e-d3a68984395e,2026-07-30T19:09:43.893+00:00,concluido,148.5,autorizado,4488,23260747735810000150650020000044881363872079
cf406fd1-8566-4175-87e0-412030396281,2026-07-30T19:07:05.118+00:00,concluido,177.1,autorizado,4485,23260747735810000150650020000044851460504540
aa087d4c-9ea1-4c16-b8fb-ed944c7f6226,2026-07-30T19:16:19.114+00:00,concluido,211.2,autorizado,4494,23260747735810000150650020000044941487119515
312b2586-ffe3-4f39-b83f-0ef8d3b2a26d,2026-07-30T19:16:52.871+00:00,concluido,213.4,autorizado,4496,23260747735810000150650020000044961535965020
88edfc2d-686c-45f5-9ccb-35a08c54d9de,2026-07-30T19:12:31.4+00:00,concluido,212.3,autorizado,4489,23260747735810000150650020000044891648677387
966f80a4-1058-4c8b-af19-8eb796fe5f4d,2026-07-30T19:12:13.208+00:00,cancelado,10,pendente,,
649cdf03-29bc-4dfc-8eec-c0e3589e713f,2026-07-30T19:15:34.368+00:00,concluido,277.2,autorizado,4493,23260747735810000150650020000044931455043400
5143a550-de50-464c-b1fe-b6f92321d08c,2026-07-30T19:17:39.844+00:00,concluido,129.8,autorizado,4497,23260747735810000150650020000044971830726233
1ab81ae7-c7f9-40f7-810a-96ddc5498a4b,2026-07-30T19:17:03.51+00:00,concluido,538.56,autorizado,4495,23260747735810000150650020000044951627592720
55dbbdfb-c98d-4971-b0cc-24e0a7f7b42c,2026-07-30T19:21:27.906+00:00,concluido,315.48,autorizado,4499,23260747735810000150650020000044991642623001
957f91c9-fb6d-448e-9b9d-c8bea508d6ea,2026-07-30T19:23:34.581+00:00,concluido,18.7,autorizado,4503,23260747735810000150650020000045031529562412
ba687976-fdc5-4ba4-8243-473128417ac0,2026-07-30T19:24:23.731+00:00,concluido,255.2,autorizado,4504,23260747735810000150650020000045041936715967
fe427b96-b31d-46bd-b45e-1c5cac88214d,2026-07-30T19:25:11.193+00:00,cancelado,0,pendente,,
be3ede76-5b6b-4d97-ac27-b5c6cf2b8f72,2026-07-30T19:25:18.66+00:00,cancelado,0,pendente,,
db28e482-6ace-4f51-97f5-f6aff0d01bd4,2026-07-30T19:25:26.996+00:00,cancelado,0,pendente,,
ed82c85b-7f33-43cc-add5-a0d84f8c6ede,2026-07-30T19:25:35.335+00:00,cancelado,0,pendente,,
42b13e9a-427f-425a-9ff9-120283b4cd20,2026-07-30T19:21:56.501+00:00,concluido,160.6,autorizado,4500,23260747735810000150650020000045001840377999
62d82cbc-7383-4f65-a72d-fb1d01aaee57,2026-07-30T19:24:46.884+00:00,concluido,209,autorizado,4505,23260747735810000150650020000045051645811720
394b3e64-b3d8-4204-8192-0bf6d17838b3,2026-07-30T19:25:00.769+00:00,cancelado,0,pendente,,
aecbcda6-93ed-4fbe-b03f-fe61ee1d7869,2026-07-30T19:28:36.267+00:00,concluido,246.4,autorizado,4508,23260747735810000150650020000045081434669119
6cda1d61-84c8-4a02-b535-fd99cb0625d6,2026-07-30T19:40:07.824+00:00,cancelado,0,pendente,,
79f4c19d-8b81-4092-8c65-ebb56dc389d4,2026-07-30T19:27:38.455+00:00,concluido,265.1,autorizado,4506,23260747735810000150650020000045061802731962
65c10894-4406-47db-9116-c0fd4e0c0cf9,2026-07-30T19:29:03.251+00:00,concluido,210.1,autorizado,4509,23260747735810000150650020000045091435677562
d23a9c53-400a-48b5-a714-f2e9b90dcc6c,2026-07-30T19:42:22.67+00:00,concluido,224.4,autorizado,4511,23260747735810000150650020000045111158024525
bf63e82d-da20-42f4-8bec-151d4d887284,2026-07-30T19:41:16.716+00:00,concluido,344.3,autorizado,4510,23260747735810000150650020000045101802400357
60b996e0-837a-4c4a-b081-5edd48298dc1,2026-07-30T19:47:32.261+00:00,concluido,112,autorizado,4514,23260747735810000150650020000045141621439749
d5f73f4a-231b-4b61-a4ed-2919597c560f,2026-07-30T19:42:50.013+00:00,concluido,244.09,autorizado,4512,23260747735810000150650020000045121376662954
77a77389-995c-4690-94a1-ee447d519ddb,2026-07-30T19:43:23.475+00:00,concluido,110,autorizado,4513,23260747735810000150650020000045131490250276
073077bf-5ea0-4f7e-afc5-0eba129e088b,2026-07-30T20:04:08.522+00:00,concluido,234.3,autorizado,4516,23260747735810000150650020000045161743848680
c09bfe18-bc7b-43f8-9da8-d94fb446ced1,2026-07-30T20:04:46.508+00:00,concluido,123.2,autorizado,4517,23260747735810000150650020000045171106513405
2015d484-80c6-46d2-a4b9-7ea9d6e34cde,2026-07-30T20:05:24.771+00:00,concluido,112.2,autorizado,4518,23260747735810000150650020000045181318284121
14141b71-b5ca-47da-a8b5-649de4493762,2026-07-30T20:06:19.777+00:00,concluido,277.2,autorizado,4519,23260747735810000150650020000045191474252620
499ee5a5-0547-427a-8787-080a675936cb,2026-07-30T20:09:56.664+00:00,concluido,263.23,autorizado,4520,23260747735810000150650020000045201948001798
531345e0-bc24-4e0e-942c-af6623222554,2026-07-30T20:13:55.374+00:00,concluido,313.5,autorizado,4525,23260747735810000150650020000045251850832868
a76c38fa-1b31-4491-ada4-4699e41bea9d,2026-07-30T20:10:33.404+00:00,concluido,113.3,autorizado,4521,23260747735810000150650020000045211707593759
8beb6957-97fd-4e04-8961-fed7e3c99706,2026-07-30T20:14:28.35+00:00,concluido,195.8,autorizado,4526,23260747735810000150650020000045261433441864
02586057-f671-4211-9992-b459a2aece05,2026-07-30T20:12:26.694+00:00,concluido,303.6,autorizado,4523,23260747735810000150650020000045231718614226
fe7885af-393b-4aac-b432-0a37888a0b6d,2026-07-30T20:13:25.314+00:00,concluido,347.6,autorizado,4524,23260747735810000150650020000045241975482474
28e14ca9-d6aa-4109-aa17-49e0c640655d,2026-07-30T20:15:42.999+00:00,concluido,163.89000000000001,autorizado,4527,23260747735810000150650020000045271965908314
3ddb0603-4344-4e5d-83af-e51c86805824,2026-07-30T20:20:12.919+00:00,concluido,163.89000000000001,autorizado,4539,23260847735810000150650020000045391345747319
ba02b2dc-be5d-4922-8b70-712bcc5c73f4,2026-07-30T20:28:58.951+00:00,concluido,287.1,autorizado,4529,23260747735810000150650020000045291593785210
dbee9249-6a58-4a2a-95e8-41b5bf33f9cf,2026-07-30T20:24:06.305+00:00,concluido,0,autorizado,4530,23260847735810000150650020000045301938301071
2cd9af48-931e-40fc-b82a-261f6468ef11,2026-07-30T20:11:34.305+00:00,concluido,159.5,autorizado,4531,23260847735810000150650020000045311270480576
23719546-69f4-428d-9f1c-041b711389bd,2026-07-30T18:02:45.242+00:00,concluido,194.7,autorizado,4532,23260847735810000150650020000045321798363660
4d459737-097a-45cf-b0cb-ff590c9638e1,2026-07-30T16:26:01.478+00:00,concluido,7,autorizado,4534,23260847735810000150650020000045341663803569
43a699bd-227a-4536-ab1c-2e04122576d7,2026-07-29T16:57:40.027+00:00,concluido,600,autorizado,4537,23260847735810000150650020000045371819412555
71880662-1cc0-438b-9d61-eb5464b19fd6,2026-07-30T20:31:15.369+00:00,concluido,401.9,autorizado,4535,23260847735810000150650020000045351310974719
eaf0b549-99ca-4185-abc4-9411e1230e6a,2026-07-30T19:17:14.908+00:00,concluido,56.1,autorizado,4540,23260847735810000150650020000045401900056360
9c51a573-4be8-40a5-b95a-48672481f39c,2026-07-30T20:21:01.797+00:00,concluido,0,autorizado,4536,23260847735810000150650020000045361980031960
ba4d534c-e464-47f3-9c86-0ae9b9dc0674,2026-07-30T19:17:34.84+00:00,concluido,222.2,autorizado,4538,23260847735810000150650020000045381509340634
3aea0f12-9b95-43af-9430-4717ced0730a,2026-07-29T16:14:48.302+00:00,concluido,67,autorizado,4542,23260847735810000150650020000045421219994502
8d7851fd-1cc5-4798-9b84-b8150e192844,2026-07-29T18:58:45.972+00:00,concluido,294.8,autorizado,4545,23260847735810000150650020000045451477561821
70126f00-f866-4911-9ee7-b5323df94a49,2026-07-29T18:08:58.734+00:00,concluido,101,autorizado,4544,23260847735810000150650020000045441220608755
